TEAM,RECORD,GP,W,L,OTL,PTS,ROW,SOW,SOL,GF,GA,DIFF,HOME,AWAY,L10,STRK,SEASON
Washington,C,82,51,22,9,111,49,2,3,288,232,56,26-9-6,25-13-3,4-6-0,L1,2024
Toronto,D,82,52,26,4,108,51,1,2,268,231,37,27-13-1,25-13-3,9-1-0,W5,2024
Tampa Bay,P,82,47,27,8,102,45,2,3,294,219,75,29-8-4,18-19-4,5-2-3,L1,2024
Carolina,P,82,47,30,5,99,47,0,3,266,233,33,31-9-1,16-21-4,3-6-1,L3,2024
Florida,P,82,47,31,4,98,41,6,0,252,223,29,27-12-2,20-19-2,3-6-1,L2,2024
New Jersey,P,82,42,33,7,91,40,2,2,242,222,20,19-17-5,23-16-2,5-5-0,L1,2024
Ottawa,P,82,45,30,7,97,44,1,2,243,234,9,27-11-3,18-19-4,6-2-2,W1,2024
Montreal,P,82,40,31,11,91,38,2,4,245,265,-20,23-12-6,17-19-5,7-1-2,W1,2024
Columbus,,82,40,33,9,89,34,6,1,273,268,5,26-10-5,14-23-4,7-3-0,W6,2024
Detroit,,82,39,35,8,86,36,3,0,238,259,-21,22-16-3,17-19-5,6-2-2,L1,2024
New York,,82,39,36,7,85,38,1,0,256,255,1,19-19-3,20-17-4,5-4-1,W2,2024
New York,,82,35,35,12,82,33,2,3,224,260,-36,19-17-5,16-18-7,3-5-2,L2,2024
Pittsburgh,,82,34,36,12,80,33,1,6,243,293,-50,21-15-5,13-21-7,5-4-1,W1,2024
Buffalo,,82,36,39,7,79,32,4,2,269,289,-20,23-15-3,13-24-4,6-3-1,W1,2024
Boston,,82,33,39,10,76,33,0,1,222,272,-50,20-14-7,13-25-3,3-6-1,L1,2024
Philadelphia,,82,33,39,10,76,27,6,3,238,286,-48,20-20-1,13-19-9,5-4-1,L3,2024
Winnipeg,L,82,56,22,4,116,54,2,1,277,191,86,30-7-4,26-15-0,7-3-0,W1,2024
Vegas,D,82,50,22,10,110,49,1,5,275,219,56,29-9-3,21-13-7,6-2-2,W1,2024
Dallas,P,82,50,26,6,106,48,2,2,277,224,53,28-10-3,22-16-3,3-5-2,L7,2024
Los Angeles,P,82,48,25,9,105,47,1,3,250,206,44,31-6-4,17-19-5,8-2-0,L1,2024
Colorado,P,82,49,29,4,102,45,4,3,277,234,43,26-12-3,23-17-1,5-4-1,W1,2024
Edmonton,P,82,48,29,5,101,48,0,1,259,236,23,25-13-3,23-16-2,7-3-0,W1,2024
Minnesota,P,82,45,30,7,97,42,3,3,228,239,-11,22-17-2,23-13-5,5-3-2,W2,2024
St. Louis,P,82,44,30,8,96,40,4,2,254,233,21,24-14-3,20-16-5,7-2-1,W1,2024
Calgary,,82,41,27,14,96,36,5,2,225,238,-13,23-12-6,18-15-8,7-1-2,W4,2024
Vancouver,,82,38,30,14,90,35,3,2,236,253,-17,17-16-8,21-14-6,4-4-2,L1,2024
Utah,,82,38,31,13,89,37,1,4,241,251,-10,18-15-8,20-16-5,6-2-2,L1,2024
Anaheim,,82,35,37,10,80,31,4,2,221,263,-42,21-18-2,14-19-8,3-5-2,L4,2024
Seattle,,82,35,41,6,76,33,2,3,247,265,-18,18-18-5,17-23-1,5-5-0,L1,2024
Nashville,,82,30,44,8,68,28,2,0,214,274,-60,20-18-3,10-26-5,3-7-0,W1,2024
Chicago,,82,25,46,11,61,23,2,4,226,296,-70,15-20-6,10-26-5,4-4-2,W2,2024
San Jose,,82,20,50,12,52,18,2,5,210,315,-105,12-27-2,8-23-10,0-7-3,L11,2024
New York,L,82,55,23,4,114,51,4,3,282,229,53,30-11-0,25-12-4,7-3-0,W2,2023
Florida,D,82,52,24,6,110,49,3,2,268,200,68,26-13-2,26-11-4,6-3-1,W4,2023
Carolina,P,82,52,23,7,111,50,2,5,279,216,63,27-10-4,25-13-3,7-3-0,L1,2023
Boston,P,82,47,20,15,109,43,4,3,267,224,43,24-11-6,23-9-9,6-4-0,L2,2023
Toronto,P,82,46,26,10,102,41,5,2,303,263,40,22-15-4,24-11-6,5-4-1,L4,2023
New York,P,82,39,27,16,94,38,1,5,246,263,-17,21-10-10,18-17-6,8-1-1,W2,2023
Tampa Bay,P,82,45,29,8,98,42,3,1,291,268,23,25-11-5,20-18-3,5-4-1,W1,2023
Washington,P,82,40,31,11,91,36,4,5,220,257,-37,22-12-7,18-19-4,4-4-2,W3,2023
Detroit,,82,41,32,9,91,38,3,1,278,274,4,23-13-5,18-19-4,5-3-2,W3,2023
Pittsburgh,,82,38,32,12,88,36,2,3,255,251,4,23-14-4,15-18-8,6-2-2,L1,2023
Philadelphia,,82,38,33,11,87,34,4,3,235,261,-26,20-17-4,18-16-7,2-6-2,L1,2023
Buffalo,,82,39,37,6,84,37,2,1,246,244,2,21-19-1,18-18-5,5-4-1,W1,2023
New Jersey,,82,38,39,5,81,38,0,2,264,283,-19,17-21-3,21-18-2,3-6-1,L2,2023
Ottawa,,82,37,41,4,78,32,5,0,255,281,-26,21-18-2,16-23-2,5-5-0,W1,2023
Montreal,,82,30,36,16,76,26,4,8,236,289,-53,16-20-5,14-16-11,2-4-4,L4,2023
Columbus,,82,27,43,12,66,24,3,2,237,300,-63,17-19-5,10-24-7,4-6-0,W1,2023
Dallas,D,82,52,21,9,113,48,4,2,298,234,64,26-11-4,26-10-5,8-2-0,W2,2023
Vancouver,D,82,50,23,9,109,50,0,2,279,223,56,27-9-5,23-14-4,5-4-1,L1,2023
Winnipeg,P,82,52,24,6,110,52,0,1,259,199,60,27-11-3,25-13-3,8-2-0,W8,2023
Colorado,P,82,50,25,7,107,48,2,2,304,254,50,31-9-1,19-16-6,4-4-2,W1,2023
Edmonton,P,82,49,27,6,104,47,2,1,294,237,57,28-9-4,21-18-2,4-4-2,L2,2023
Los Angeles,P,82,44,27,11,99,42,2,5,256,215,41,22-12-7,22-15-4,6-4-0,W1,2023
Nashville,P,82,47,30,5,99,44,3,0,269,248,21,23-16-2,24-14-3,4-5-1,L1,2023
Vegas,P,82,45,29,8,98,41,4,2,267,245,22,27-12-2,18-17-6,6-4-0,L1,2023
St. Louis,,82,43,33,6,92,38,5,2,239,250,-11,25-14-2,18-19-4,5-3-2,L1,2023
Minnesota,,82,39,34,9,87,36,3,3,251,263,-12,20-16-5,19-18-4,4-6-0,L1,2023
Calgary,,82,38,39,5,81,38,0,4,253,271,-18,21-19-1,17-20-4,5-5-0,W1,2023
Seattle,,82,34,35,13,81,31,3,4,217,236,-19,17-18-6,17-17-7,4-6-0,W1,2023
Arizona,,82,36,41,5,77,34,2,0,256,274,-18,22-19-0,14-22-5,6-4-0,W1,2023
Anaheim,,82,27,50,5,59,26,1,2,204,295,-91,12-26-3,15-24-2,3-6-1,W1,2023
Chicago,,82,23,53,6,52,22,1,1,179,290,-111,16-21-4,7-32-2,2-7-1,L6,2023
San Jose,,82,19,54,9,47,18,1,5,181,331,-150,11-25-5,8-29-4,3-6-1,L3,2023
Boston,L,82,65,12,5,135,61,4,3,305,177,128,34-4-3,31-8-2,9-1-0,W8,2022
Carolina,D,82,52,21,9,113,48,4,3,266,213,53,28-10-3,24-11-6,5-5-0,W2,2022
New Jersey,P,82,52,22,8,112,50,2,4,291,226,65,24-13-4,28-9-4,7-3-0,W2,2022
Toronto,P,82,50,21,11,111,49,1,2,279,222,57,27-8-6,23-13-5,7-1-2,W4,2022
New York,P,82,47,22,13,107,43,4,3,277,219,58,23-13-5,24-9-8,5-2-3,L2,2022
Tampa Bay,P,82,46,30,6,98,43,3,2,283,254,29,28-8-5,18-22-1,4-6-0,W1,2022
New York,P,82,42,31,9,93,41,1,5,243,222,21,25-13-3,17-18-6,5-4-1,W1,2022
Florida,P,82,42,32,8,92,40,2,1,290,273,17,23-13-5,19-19-3,6-3-1,L2,2022
Pittsburgh,,82,40,31,11,91,39,1,1,262,264,-2,23-13-5,17-18-6,5-4-1,L2,2022
Buffalo,,82,42,33,7,91,39,3,3,296,300,-4,17-20-4,25-13-3,7-2-1,W2,2022
Ottawa,,82,39,35,8,86,37,2,1,261,271,-10,24-14-3,15-21-5,4-3-3,L1,2022
Detroit,,82,35,37,10,80,32,3,4,240,279,-39,19-17-5,16-20-5,4-5-1,L5,2022
Washington,,82,35,37,10,80,33,2,4,255,265,-10,18-16-7,17-21-3,2-6-2,L2,2022
Philadelphia,,82,31,38,13,75,29,2,1,222,277,-55,18-18-5,13-20-8,3-6-1,W2,2022
Montreal,,82,31,45,6,68,26,5,2,232,307,-75,17-21-3,14-24-3,3-7-0,L3,2022
Columbus,,82,25,48,9,59,24,1,1,214,330,-116,16-23-2,9-25-7,2-6-2,L1,2022
Vegas,C,82,51,22,9,111,46,5,4,272,229,43,25-15-1,26-7-8,6-1-3,W2,2022
Colorado,D,82,51,24,7,109,45,6,3,280,226,54,22-13-6,29-11-1,8-1-1,W2,2022
Edmonton,P,82,50,23,9,109,50,0,4,325,260,65,23-12-6,27-11-3,9-0-1,W9,2022
Dallas,P,82,47,21,14,108,43,4,3,285,218,67,22-10-9,25-11-5,8-2-0,W6,2022
Los Angeles,P,82,47,25,10,104,41,6,3,280,257,23,26-11-4,21-14-6,5-5-0,W2,2022
Minnesota,P,82,46,25,11,103,39,7,6,246,225,21,25-12-4,21-13-7,5-3-2,L2,2022
Seattle,P,82,46,28,8,100,46,0,4,289,256,33,20-17-4,26-11-4,6-4-0,L2,2022
Winnipeg,P,82,46,33,3,95,45,1,1,247,225,22,26-13-2,20-20-1,6-4-0,L1,2022
Calgary,,82,38,27,17,93,36,2,5,260,252,8,20-16-5,18-11-12,6-2-2,W1,2022
Nashville,,82,42,32,8,92,36,6,2,229,238,-9,22-15-4,20-17-4,6-4-0,L1,2022
Vancouver,,82,38,37,7,83,32,6,2,276,298,-22,19-20-2,19-17-5,5-3-2,W2,2022
St. Louis,,82,37,38,7,81,34,3,3,263,301,-38,18-17-6,19-21-1,4-5-1,L3,2022
Arizona,,82,28,40,14,70,25,3,4,228,299,-71,21-15-5,7-25-9,1-7-2,L2,2022
San Jose,,82,22,44,16,60,21,1,6,234,321,-87,8-22-11,14-22-5,3-6-1,L6,2022
Chicago,,82,26,49,7,59,24,2,2,204,301,-97,14-23-4,12-26-3,2-7-1,L1,2022
Anaheim,,82,23,47,12,58,20,3,3,209,338,-129,12-25-4,11-22-8,0-8-2,L13,2022
Florida,L,82,58,18,6,122,55,3,4,340,246,94,34-7-0,24-11-6,7-3-0,L1,2021
Carolina,D,82,54,20,8,116,53,1,2,278,202,76,29-8-4,25-12-4,8-2-0,W6,2021
Toronto,P,82,54,21,7,115,51,3,1,315,253,62,31-8-2,23-13-5,7-2-1,W3,2021
New York,P,82,52,24,6,110,48,4,3,254,207,47,27-10-4,25-14-2,6-4-0,W1,2021
Tampa Bay,P,82,51,23,8,110,49,2,5,287,233,54,27-8-6,24-15-2,7-3-0,W1,2021
Pittsburgh,P,82,46,25,11,103,43,3,7,272,229,43,23-13-5,23-12-6,5-4-1,W1,2021
Boston,P,82,51,26,5,107,49,2,2,255,220,35,26-13-2,25-13-3,6-4-0,L1,2021
Washington,P,82,44,26,12,100,39,5,3,275,245,30,19-16-6,25-10-6,4-4-2,L4,2021
New York,,82,37,35,10,84,35,2,6,231,237,-6,20-16-5,17-19-5,3-6-1,L1,2021
Columbus,,82,37,38,7,81,33,4,3,262,300,-38,21-15-5,16-23-2,4-5-1,L1,2021
Buffalo,,82,32,39,11,75,29,3,3,232,290,-58,17-18-6,15-21-5,6-4-0,W1,2021
Detroit,,82,32,40,10,74,29,3,2,230,312,-82,18-16-7,14-24-3,4-6-0,W1,2021
Ottawa,,82,33,42,7,73,30,3,2,227,266,-39,15-22-4,18-20-3,7-2-1,W1,2021
New Jersey,,82,27,46,9,63,24,3,5,248,307,-59,16-20-5,11-26-4,2-5-3,L6,2021
Philadelphia,,82,25,46,11,61,24,1,4,211,298,-87,14-21-6,11-25-5,2-8-0,L3,2021
Montreal,,82,22,49,11,55,19,3,2,221,319,-98,11-26-4,11-23-7,2-8-0,W2,2021
Colorado,C,82,56,19,7,119,52,4,2,312,234,78,32-5-4,24-14-3,4-5-1,L2,2021
Calgary,D,82,50,21,11,111,48,2,2,293,208,85,25-9-7,25-12-4,6-2-2,L2,2021
Minnesota,P,82,53,22,7,113,48,5,4,310,253,57,31-8-2,22-14-5,8-1-1,W2,2021
St. Louis,P,82,49,22,11,109,47,2,3,311,242,69,26-10-5,23-12-6,7-2-1,L2,2021
Edmonton,P,82,49,27,6,104,44,5,1,290,252,38,28-12-1,21-15-5,7-2-1,W3,2021
Los Angeles,P,82,44,27,11,99,40,4,4,239,236,3,21-16-4,23-11-7,6-3-1,L1,2021
Dallas,P,82,46,30,6,98,41,5,2,238,246,-8,27-10-4,19-20-2,5-3-2,W1,2021
Nashville,P,82,45,30,7,97,41,4,2,266,252,14,25-14-2,20-16-5,4-4-2,L1,2021
Vegas,,82,43,31,8,94,39,4,4,266,248,18,22-15-4,21-16-4,4-2-4,W1,2021
Vancouver,,82,40,30,12,92,37,3,5,249,236,13,20-14-7,20-16-5,6-2-2,L1,2021
Winnipeg,,82,39,32,11,89,37,2,4,252,257,-5,23-15-3,16-17-8,6-4-0,W4,2021
San Jose,,82,32,37,13,77,29,3,3,214,264,-50,18-18-5,14-19-8,3-4-3,L3,2021
Anaheim,,82,31,37,14,76,27,4,5,232,271,-39,17-19-5,14-18-9,3-5-2,L1,2021
Chicago,,82,28,42,12,68,22,6,2,219,291,-72,14-21-6,14-21-6,4-5-1,L1,2021
Seattle,,82,27,49,6,60,24,3,1,216,285,-69,16-22-3,11-27-3,4-6-0,L1,2021
Arizona,,82,25,50,7,57,24,1,4,207,313,-106,11-27-3,14-23-4,3-5-2,W3,2021
Carolina,D,56,36,12,8,80,32,4,2,179,136,43,20-3-5,16-9-3,5-2-3,L3,2020
Florida,P,56,37,14,5,79,36,1,2,189,153,36,20-5-3,17-9-2,8-2-0,W6,2020
Tampa Bay,P,56,36,17,3,75,35,1,2,181,147,34,21-7-0,15-10-3,6-3-1,L3,2020
Nashville,P,56,31,23,2,64,26,5,0,156,154,2,18-10-0,13-13-2,7-2-1,W2,2020
Dallas,,56,23,19,14,60,21,2,6,158,154,4,13-7-8,10-12-6,4-4-2,W1,2020
Chicago,,56,24,25,7,55,22,2,2,161,186,-25,13-11-4,11-14-3,3-5-2,L1,2020
Detroit,,56,19,27,10,48,17,2,3,127,171,-44,12-11-5,7-16-5,3-3-4,L1,2020
Columbus,,56,18,26,12,48,15,3,3,137,187,-50,11-9-8,7-17-4,3-4-3,W1,2020
Pittsburgh,D,56,37,16,3,77,34,3,1,196,156,40,22-4-2,15-12-1,8-2-0,W3,2020
Washington,P,56,36,15,5,77,33,3,2,191,163,28,17-8-3,19-7-2,7-2-1,W2,2020
Boston,P,56,33,16,7,73,29,4,2,168,136,32,18-7-3,15-9-4,6-3-1,L1,2020
New York,P,56,32,17,7,71,28,4,3,156,128,28,21-4-3,11-13-4,3-4-3,L1,2020
New York,,56,27,23,6,60,26,1,2,177,157,20,14-11-3,13-12-3,4-6-0,W1,2020
Philadelphia,,56,25,23,8,58,22,3,4,163,201,-38,12-12-4,13-11-4,4-5-1,W1,2020
New Jersey,,56,19,30,7,45,19,0,5,145,194,-49,7-18-3,12-12-4,5-4-1,L2,2020
Buffalo,,56,15,34,7,37,11,4,3,138,199,-61,8-16-4,7-18-3,3-7-0,L2,2020
Toronto,D,56,35,14,7,77,34,1,0,187,148,39,18-7-3,17-7-4,7-1-2,L2,2020
Edmonton,P,56,35,19,2,72,35,0,0,183,154,29,16-12-0,19-7-2,7-3-0,L1,2020
Winnipeg,P,56,30,23,3,63,30,0,2,170,154,16,13-13-2,17-10-1,3-7-0,W2,2020
Montreal,P,56,24,21,11,59,23,1,3,159,168,-9,13-11-4,11-10-7,4-4-2,L5,2020
Calgary,,56,26,27,3,55,25,1,1,156,161,-5,15-12-1,11-15-2,6-4-0,W1,2020
Ottawa,,56,23,28,5,51,21,2,1,157,190,-33,14-10-4,9-18-1,7-2-1,W1,2020
Vancouver,,56,23,29,4,50,20,3,1,151,188,-37,13-12-3,10-17-1,4-5-1,L1,2020
Colorado,L,56,39,13,4,82,39,0,1,197,133,64,22-4-2,17-9-2,8-2-0,W5,2020
Vegas,P,56,40,14,2,82,39,1,2,191,124,67,21-5-2,19-9-0,7-3-0,W1,2020
Minnesota,P,56,35,16,5,75,34,1,1,181,160,21,21-5-2,14-11-3,5-3-2,L2,2020
St. Louis,P,56,27,20,9,63,25,2,3,169,170,-1,12-11-5,15-9-4,6-1-3,W3,2020
Arizona,,56,24,26,6,54,21,3,2,153,176,-23,12-12-4,12-14-2,4-5-1,W2,2020
Los Angeles,,56,21,28,7,49,20,1,1,143,170,-27,9-14-5,12-14-2,3-6-1,L5,2020
San Jose,,56,21,28,7,49,16,5,3,151,199,-48,11-13-4,10-15-3,3-5-2,L3,2020
Anaheim,,56,17,30,9,43,15,2,2,126,179,-53,6-18-4,11-12-5,3-5-2,L2,2020
Boston,L,70,44,14,12,100,44,0,7,227,174,53,22-4-9,22-10-3,7-3-0,W1,2019
Washington,P,69,41,20,8,90,37,4,3,240,215,25,18-10-5,23-10-3,4-3-3,L1,2019
Tampa Bay,P,70,43,21,6,92,41,2,1,245,195,50,22-10-2,21-11-4,3-6-1,L2,2019
Philadelphia,P,69,41,21,7,89,36,5,5,232,196,36,25-6-4,16-15-3,9-1-0,L1,2019
Pittsburgh,P,69,40,23,6,86,37,3,0,224,196,28,23-8-4,17-15-2,3-7-0,W1,2019
Toronto,P,70,36,25,9,81,35,1,5,238,227,11,18-9-7,18-16-2,5-4-1,W1,2019
Carolina,P,68,38,25,5,81,33,5,0,222,193,29,19-12-2,19-13-3,5-4-1,W3,2019
Columbus,P,70,33,22,15,81,33,0,4,180,187,-7,20-12-4,13-10-11,3-4-3,W1,2019
New York,P,68,35,23,10,80,32,3,3,192,193,-1,20-9-6,15-14-4,2-4-4,L7,2019
New York,P,70,37,28,5,79,36,1,2,234,222,12,18-16-2,19-12-3,5-4-1,L1,2019
Florida,P,69,35,26,8,78,32,3,4,231,228,3,17-14-4,18-12-4,4-4-2,W2,2019
Montreal,P,71,31,31,9,71,27,4,1,212,221,-9,14-17-6,17-14-3,4-5-1,L3,2019
Buffalo,,69,30,31,8,68,28,2,2,195,217,-22,20-11-4,10-20-4,3-7-0,W1,2019
New Jersey,,69,28,29,12,68,24,4,6,189,230,-41,13-11-10,15-18-2,6-2-2,L1,2019
Ottawa,,71,25,34,12,62,24,1,5,191,243,-52,18-13-6,7-21-6,4-5-1,L2,2019
Detroit,,71,17,49,5,39,14,3,2,145,267,-122,12-23-2,5-26-3,3-6-1,L1,2019
St. Louis,P,71,42,19,10,94,40,2,3,225,193,32,23-7-5,19-12-5,8-2-0,W1,2019
Vegas,P,71,39,24,8,86,36,3,2,227,211,16,22-11-4,17-13-4,8-2-0,W2,2019
Colorado,P,70,42,20,8,92,41,1,1,237,191,46,18-9-6,24-11-2,7-2-1,W1,2019
Edmonton,P,71,37,25,9,83,35,2,2,225,217,8,17-11-6,20-14-3,5-3-2,L2,2019
Dallas,P,69,37,24,8,82,35,2,3,180,177,3,19-12-3,18-12-5,3-5-2,L6,2019
Calgary,P,70,36,27,7,79,30,6,1,210,215,-5,16-13-4,20-14-3,6-3-1,L1,2019
Winnipeg,P,71,37,28,6,80,34,3,2,216,203,13,20-14-3,17-14-3,6-3-1,W4,2019
Nashville,P,69,35,26,8,78,32,3,3,215,217,-2,17-14-4,18-12-4,6-3-1,W3,2019
Vancouver,P,69,36,27,6,78,32,4,3,228,217,11,22-9-4,14-18-2,4-5-1,W1,2019
Minnesota,P,69,35,27,7,77,33,2,3,220,220,0,19-11-5,16-16-2,7-3-0,W1,2019
Arizona,P,70,33,29,8,74,28,5,4,195,187,8,17-12-4,16-17-4,5-5-0,L2,2019
Chicago,P,70,32,30,8,72,28,4,4,212,218,-6,16-14-4,16-16-4,6-4-0,W1,2019
Anaheim,,71,29,33,9,67,24,5,1,187,226,-39,16-15-5,13-18-4,5-3-2,L1,2019
Los Angeles,,70,29,35,6,64,28,1,3,178,212,-34,19-13-2,10-22-4,8-1-1,W7,2019
San Jose,,70,29,36,5,63,27,2,1,182,226,-44,17-17-2,12-19-3,3-6-1,L4,2019
Tampa Bay,L,82,62,16,4,128,56,6,1,325,222,103,32-7-2,30-9-2,7-3-0,W2,2018
Washington,D,82,48,26,8,104,44,4,1,278,249,29,24-11-6,24-15-2,6-3-1,L1,2018
Boston,P,82,49,24,9,107,47,2,3,259,215,44,29-9-3,20-15-6,6-4-0,L1,2018
New York,P,82,48,27,7,103,43,5,5,228,196,32,24-13-4,24-14-3,6-4-0,W2,2018
Toronto,P,82,46,28,8,100,46,0,2,286,251,35,23-16-2,23-12-6,3-4-3,L3,2018
Pittsburgh,P,82,44,26,12,100,42,2,3,273,241,32,23-14-4,21-12-8,5-2-3,L1,2018
Carolina,P,82,46,29,7,99,44,2,2,245,223,22,24-13-4,22-16-3,6-4-0,W3,2018
Columbus,P,82,47,31,4,98,45,2,1,258,232,26,22-17-2,25-14-2,7-3-0,W2,2018
Montreal,,82,44,30,8,96,41,3,0,249,236,13,25-12-4,19-18-4,7-2-1,W1,2018
Florida,,82,36,32,14,86,33,3,7,267,280,-13,20-13-8,16-19-6,4-4-2,L2,2018
Philadelphia,,82,37,37,8,82,34,3,1,244,281,-37,19-18-4,18-19-4,2-8-0,L5,2018
New York,,82,32,36,14,78,26,6,5,227,272,-45,18-14-9,14-22-5,4-5-1,W1,2018
Buffalo,,82,33,39,10,76,28,5,3,226,271,-45,21-15-5,12-24-5,2-7-1,W2,2018
Detroit,,82,32,40,10,74,29,3,5,227,277,-50,17-19-5,15-21-5,7-3-0,L2,2018
New Jersey,,82,31,41,10,72,28,3,4,222,275,-53,20-14-7,11-27-3,4-5-1,W1,2018
Ottawa,,82,29,47,6,64,29,0,1,242,302,-60,18-19-4,11-28-2,4-6-0,L2,2018
Calgary,C,82,50,25,7,107,50,0,4,289,227,62,26-10-5,24-15-2,6-4-0,L2,2018
Nashville,D,82,47,29,6,100,43,4,2,240,214,26,25-14-2,22-15-4,7-2-1,W3,2018
San Jose,P,82,46,27,9,101,46,0,3,289,261,28,25-11-5,21-16-4,3-6-1,W2,2018
Winnipeg,P,82,47,30,5,99,45,2,1,272,244,28,25-12-4,22-18-1,4-5-1,W1,2018
St. Louis,P,82,45,28,9,99,42,3,3,247,223,24,24-15-2,21-13-7,8-1-1,W2,2018
Vegas,P,82,43,32,7,93,40,3,2,249,230,19,24-12-5,19-20-2,3-5-2,L2,2018
Dallas,P,82,43,32,7,93,42,1,2,210,202,8,24-14-3,19-18-4,6-3-1,W1,2018
Colorado,P,82,38,30,14,90,36,2,2,260,246,14,21-14-6,17-16-8,7-1-2,L1,2018
Arizona,,82,39,35,8,86,35,4,3,213,223,-10,20-17-4,19-18-4,3-5-2,L1,2018
Chicago,,82,36,34,12,84,33,3,1,270,292,-22,19-14-8,17-20-4,4-4-2,L1,2018
Minnesota,,82,37,36,9,83,36,1,4,211,237,-26,16-18-7,21-18-2,3-6-1,L2,2018
Vancouver,,82,35,36,11,81,29,6,6,225,254,-29,20-16-5,15-20-6,5-4-1,L2,2018
Anaheim,,82,35,37,10,80,32,3,3,199,251,-52,19-14-8,16-23-2,7-2-1,W3,2018
Edmonton,,82,35,38,9,79,32,3,3,232,274,-42,18-19-4,17-19-5,3-5-2,W1,2018
Los Angeles,,82,31,42,9,71,28,3,4,202,263,-61,17-21-3,14-21-6,6-3-1,W1,2018
Tampa Bay,C,82,54,23,5,113,48,6,2,296,236,60,29-10-2,25-13-3,5-4-1,L1,2017
Washington,D,82,49,26,7,105,46,3,1,259,239,20,28-11-2,21-15-5,8-2-0,W1,2017
Boston,P,82,50,20,12,112,47,3,3,270,214,56,28-8-5,22-12-7,5-3-2,L1,2017
Toronto,P,82,49,26,7,105,42,7,2,277,232,45,29-10-2,20-16-5,6-4-0,W1,2017
Pittsburgh,P,82,47,29,6,100,45,2,2,272,250,22,30-9-2,17-20-4,6-3-1,W2,2017
Philadelphia,P,82,42,26,14,98,40,2,7,251,243,8,22-13-6,20-13-8,6-1-3,W2,2017
Columbus,P,82,45,30,7,97,39,6,4,242,230,12,26-12-3,19-18-4,6-2-2,L2,2017
New Jersey,P,82,44,29,9,97,39,5,4,248,244,4,23-14-4,21-15-5,7-2-1,L1,2017
Florida,,82,44,30,8,96,41,3,3,248,246,2,27-11-3,17-19-5,7-2-1,W5,2017
Carolina,,82,36,35,11,83,33,3,3,228,256,-28,19-16-6,17-19-5,5-5-0,W1,2017
New York,,82,35,37,10,80,32,3,3,264,296,-32,19-18-4,16-19-6,5-5-0,W3,2017
New York,,82,34,39,9,77,31,3,5,231,268,-37,21-16-4,13-23-5,2-7-1,L3,2017
Detroit,,82,30,39,13,73,25,5,1,217,255,-38,16-16-9,14-23-4,4-4-2,L3,2017
Montreal,,82,29,40,13,71,27,2,6,209,264,-55,18-14-9,11-26-4,3-6-1,L1,2017
Ottawa,,82,28,43,11,67,26,2,7,221,291,-70,16-19-6,12-24-5,2-8-0,L2,2017
Buffalo,,82,25,45,12,62,24,1,2,199,280,-81,11-25-5,14-20-7,2-8-0,L4,2017
Nashville,L,82,53,18,11,117,47,6,7,267,211,56,28-9-4,25-9-7,5-4-1,W2,2017
Vegas,D,82,51,24,7,109,47,4,3,272,228,44,29-10-2,22-14-5,5-3-2,L2,2017
Winnipeg,P,82,52,20,10,114,48,4,2,277,218,59,32-7-2,20-13-8,9-1-0,W5,2017
Minnesota,P,82,45,26,11,101,42,3,3,253,232,21,27-6-8,18-20-3,4-2-4,W1,2017
Anaheim,P,82,44,25,13,101,40,4,7,235,216,19,26-10-5,18-15-8,8-1-1,W5,2017
San Jose,P,82,45,27,10,100,40,5,3,252,229,23,25-13-3,20-14-7,5-4-1,L1,2017
Los Angeles,P,82,45,29,8,98,43,2,1,239,203,36,23-15-3,22-14-5,6-2-2,L1,2017
Colorado,P,82,43,30,9,95,41,2,1,257,237,20,28-11-2,15-19-7,4-5-1,W1,2017
St. Louis,,82,44,32,6,94,41,3,0,226,222,4,24-17-0,20-15-6,5-4-1,L1,2017
Dallas,,82,42,32,8,92,38,4,3,235,225,10,26-12-3,16-20-5,4-6-0,W1,2017
Calgary,,82,37,35,10,84,35,2,5,218,248,-30,17-20-4,20-15-6,2-8-0,W1,2017
Edmonton,,82,36,40,6,78,31,5,1,234,263,-29,19-18-4,17-22-2,5-4-1,W2,2017
Chicago,,82,33,39,10,76,32,1,2,229,256,-27,18-18-5,15-21-5,3-5-2,L2,2017
Vancouver,,82,31,40,11,73,31,0,5,218,264,-46,16-18-7,15-22-4,6-2-2,L1,2017
Arizona,,82,29,41,12,70,27,2,5,208,256,-48,16-21-4,13-20-8,5-4-1,L2,2017
Washington,L,82,55,19,8,118,53,2,5,263,182,81,32-7-2,23-12-6,8-2-0,L1,2016
Montreal,D,82,47,26,9,103,44,3,2,226,200,26,24-12-5,23-14-4,6-3-1,W1,2016
Pittsburgh,P,82,50,21,11,111,46,4,5,282,234,48,31-6-4,19-15-7,4-4-2,L2,2016
Columbus,P,82,50,24,8,108,48,2,2,249,195,54,28-12-1,22-12-7,3-5-2,W1,2016
Ottawa,P,82,44,28,10,98,38,6,4,212,214,-2,22-11-8,22-17-2,4-4-2,L1,2016
Boston,P,82,44,31,7,95,42,2,3,234,212,22,23-17-1,21-14-6,6-3-1,L2,2016
New York,P,82,48,28,6,102,45,3,4,256,220,36,21-16-4,27-12-2,3-4-3,W1,2016
Toronto,P,82,40,27,15,95,39,1,8,251,242,9,21-13-7,19-14-8,6-4-0,L1,2016
New York,,82,41,29,12,94,39,2,4,241,242,-1,22-12-7,19-17-5,7-3-0,W6,2016
Tampa Bay,,82,42,30,10,94,38,4,3,234,227,7,23-14-4,19-16-6,8-1-1,W3,2016
Philadelphia,,82,39,33,10,88,32,7,5,219,236,-17,25-11-5,14-22-5,6-2-2,L1,2016
Carolina,,82,36,31,15,87,33,3,6,215,236,-21,23-12-6,13-19-9,4-4-2,W1,2016
Florida,,82,35,36,11,81,30,5,6,210,237,-27,19-19-3,16-17-8,4-6-0,W2,2016
Detroit,,82,33,36,13,79,24,9,0,207,244,-37,17-17-7,16-19-6,4-4-2,W1,2016
Buffalo,,82,33,37,12,78,31,2,6,201,237,-36,20-15-6,13-22-6,4-6-0,L2,2016
New Jersey,,82,28,40,14,70,25,3,3,183,244,-61,16-17-8,12-23-6,1-7-2,L3,2016
Chicago,C,82,50,23,9,109,46,4,1,244,213,31,26-10-5,24-13-4,3-3-4,L4,2016
Anaheim,D,82,46,23,13,105,43,3,3,223,200,23,29-8-4,17-15-9,8-0-2,W4,2016
Minnesota,P,82,49,25,8,106,46,3,2,266,208,58,27-12-2,22-13-6,5-3-2,W4,2016
Edmonton,P,82,47,26,9,103,43,4,5,247,212,35,25-12-4,22-14-5,8-2-0,W3,2016
St. Louis,P,82,46,29,7,99,44,2,2,235,218,17,24-12-5,22-17-2,7-1-2,W3,2016
San Jose,P,82,46,29,7,99,44,2,1,221,201,20,26-11-4,20-18-3,4-6-0,W1,2016
Calgary,P,82,45,33,4,94,41,4,2,226,221,5,24-17-0,21-16-4,4-6-0,L1,2016
Nashville,P,82,41,29,12,94,39,2,4,240,224,16,24-9-8,17-20-4,5-4-1,L1,2016
Winnipeg,,82,40,35,7,87,37,3,1,249,256,-7,22-18-1,18-17-6,8-2-0,W7,2016
Los Angeles,,82,39,35,8,86,37,2,4,201,205,-4,23-16-2,16-19-6,5-4-1,L1,2016
Dallas,,82,34,37,11,79,33,1,2,223,262,-39,22-13-6,12-24-5,5-4-1,W1,2016
Arizona,,82,30,42,10,70,24,6,2,197,260,-63,18-18-5,12-24-5,4-5-1,L1,2016
Vancouver,,82,30,43,9,69,26,4,2,182,243,-61,18-17-6,12-26-3,1-9-0,L8,2016
Colorado,,82,22,56,4,48,21,1,2,166,278,-112,13-26-2,9-30-2,2-7-1,L3,2016
Washington,L,82,56,18,8,120,52,4,2,252,193,59,29-8-4,27-10-4,4-3-3,L1,2015
Florida,D,82,47,26,9,103,40,7,3,239,203,36,25-11-5,22-15-4,7-3-0,W1,2015
Pittsburgh,P,82,48,26,8,104,44,4,4,245,203,42,26-11-4,22-15-4,8-2-0,L1,2015
New York,P,82,46,27,9,101,43,3,2,236,217,19,27-10-4,19-17-5,6-3-1,W1,2015
Tampa Bay,P,82,46,31,5,97,43,3,3,227,201,26,25-13-3,21-18-2,5-5-0,L1,2015
Detroit,P,82,41,30,11,93,39,2,5,211,224,-13,22-13-6,19-17-5,5-5-0,L2,2015
New York,P,82,45,27,10,100,40,5,5,232,216,16,25-11-5,20-16-5,6-3-1,L2,2015
Philadelphia,P,82,41,27,14,96,38,3,8,214,218,-4,23-10-8,18-17-6,6-3-1,W2,2015
Boston,,82,42,31,9,93,38,4,2,240,230,10,17-18-6,25-13-3,3-6-1,L1,2015
Carolina,,82,35,31,16,86,33,2,5,198,226,-28,19-15-7,16-16-9,4-4-2,L2,2015
Ottawa,,82,38,35,9,85,32,6,6,236,247,-11,21-14-6,17-21-3,5-4-1,W2,2015
New Jersey,,82,38,36,8,84,36,2,6,184,208,-24,19-17-5,19-19-3,4-5-1,W1,2015
Montreal,,82,38,38,6,82,33,5,3,221,236,-15,22-16-3,16-22-3,5-5-0,W2,2015
Buffalo,,82,35,36,11,81,33,2,7,201,222,-21,16-19-6,19-17-5,6-3-1,W1,2015
Columbus,,82,34,40,8,76,28,6,4,219,252,-33,18-17-6,16-23-2,5-5-0,W3,2015
Toronto,,82,29,42,11,69,23,6,6,198,246,-48,14-18-9,15-24-2,3-7-0,L1,2015
Dallas,C,82,50,23,9,109,48,2,2,267,230,37,28-11-2,22-12-7,8-2-0,W2,2015
Anaheim,D,82,46,25,11,103,43,3,4,218,192,26,25-10-6,21-15-5,6-2-2,W2,2015
St. Louis,P,82,49,24,9,107,44,5,4,224,201,23,24-13-4,25-11-5,8-2-0,L1,2015
Chicago,P,82,47,26,9,103,46,1,2,235,209,26,26-11-4,21-15-5,5-2-3,L2,2015
Los Angeles,P,82,48,28,6,102,46,2,3,225,195,30,26-12-3,22-16-3,4-5-1,L1,2015
San Jose,P,82,46,30,6,98,42,4,3,241,210,31,18-20-3,28-10-3,5-5-0,W1,2015
Nashville,P,82,41,27,14,96,37,4,2,228,215,13,23-11-7,18-16-7,5-4-1,L1,2015
Minnesota,P,82,38,33,11,87,35,3,2,216,206,10,21-16-4,17-17-7,5-5-0,L5,2015
Colorado,,82,39,39,4,82,35,4,0,216,240,-24,17-20-4,22-19-0,2-8-0,L6,2015
Arizona,,82,35,39,8,78,34,1,1,209,245,-36,22-15-4,13-24-4,4-5-1,L4,2015
Winnipeg,,82,35,39,8,78,32,3,3,215,239,-24,18-19-4,17-20-4,6-2-2,W4,2015
Calgary,,82,35,40,7,77,33,2,3,231,260,-29,21-16-4,14-24-3,4-5-1,W2,2015
Vancouver,,82,31,38,13,75,26,5,4,191,243,-52,15-21-5,16-17-8,4-5-1,W1,2015
Edmonton,,82,31,43,8,70,27,4,3,203,245,-42,19-20-2,12-23-6,4-5-1,L1,2015
New York,L,82,53,22,7,113,49,4,5,252,192,60,25-11-5,28-11-2,7-3-0,W1,2014
Montreal,D,82,50,22,10,110,43,7,5,221,189,32,26-9-6,24-13-4,5-2-3,W3,2014
Tampa Bay,P,82,50,24,8,108,47,3,5,262,211,51,32-8-1,18-16-7,6-3-1,W3,2014
Washington,P,82,45,26,11,101,40,5,4,242,203,39,23-13-5,22-13-6,6-3-1,L1,2014
New York,P,82,47,28,7,101,40,7,6,252,230,22,25-14-2,22-14-5,4-3-3,L1,2014
Detroit,P,82,43,25,14,100,39,4,10,235,221,14,22-10-9,21-15-5,4-4-2,W1,2014
Ottawa,P,82,43,26,13,99,37,6,7,238,215,23,23-13-5,20-13-8,6-2-2,W3,2014
Pittsburgh,P,82,43,27,12,98,39,4,6,221,210,11,23-14-4,20-13-8,3-5-2,W1,2014
Boston,,82,41,27,14,96,37,4,10,213,211,2,24-10-7,17-17-7,5-3-2,L3,2014
Florida,,82,38,29,15,91,30,8,10,206,223,-17,21-13-7,17-16-8,5-4-1,W2,2014
Columbus,,82,42,35,5,89,33,9,2,236,250,-14,19-20-2,23-15-3,9-0-1,W3,2014
Philadelphia,,82,33,31,18,84,30,3,11,215,234,-19,23-11-7,10-20-11,4-3-3,L2,2014
New Jersey,,82,32,36,14,78,27,5,7,181,216,-35,19-14-8,13-22-6,1-6-3,L4,2014
Carolina,,82,30,41,11,71,25,5,7,188,226,-38,18-16-7,12-25-4,4-5-1,L1,2014
Toronto,,82,30,44,8,68,25,5,5,211,262,-51,22-17-2,8-27-6,3-5-2,L2,2014
Buffalo,,82,23,51,8,54,15,8,5,161,274,-113,14-22-5,9-29-3,3-6-1,L2,2014
Anaheim,C,82,51,24,7,109,43,8,5,236,226,10,26-12-3,25-12-4,6-4-0,W1,2014
St. Louis,D,82,51,24,7,109,42,9,4,248,201,47,27-12-2,24-12-5,6-3-1,W2,2014
Nashville,P,82,47,25,10,104,41,6,6,232,208,24,28-9-4,19-16-6,4-4-2,L6,2014
Chicago,P,82,48,28,6,102,39,9,3,229,189,40,24-12-5,24-16-1,4-6-0,L4,2014
Vancouver,P,82,48,29,5,101,42,6,2,242,222,20,24-15-2,24-14-3,6-3-1,W3,2014
Calgary,P,82,45,30,7,97,41,4,3,241,216,25,23-13-5,22-17-2,6-3-1,L1,2014
Minnesota,P,82,46,28,8,100,42,4,3,231,201,30,22-13-6,24-15-2,6-3-1,L1,2014
Winnipeg,P,82,43,26,13,99,36,7,6,230,210,20,23-13-5,20-13-8,6-3-1,W1,2014
Los Angeles,,82,40,27,15,95,38,2,8,220,205,15,25-9-7,15-18-8,5-4-1,W1,2014
Dallas,,82,41,31,10,92,37,4,3,261,260,1,17-16-8,24-15-2,7-3-0,W4,2014
Colorado,,82,39,31,12,90,29,10,4,219,227,-8,23-15-3,16-16-9,6-4-0,W3,2014
San Jose,,82,40,33,9,89,36,4,6,228,232,-4,19-17-5,21-16-4,5-4-1,L1,2014
Edmonton,,82,24,44,14,62,19,5,7,198,283,-85,15-23-3,9-21-11,4-5-1,L2,2014
Arizona,,82,24,50,8,56,19,5,5,170,272,-102,11-25-5,13-25-3,3-7-0,L3,2014
Boston,C,82,54,19,9,117,51,3,6,261,177,84,31-7-3,23-12-6,5-2-3,L1,2013
Pittsburgh,D,82,51,24,7,109,44,7,3,249,207,42,28-9-4,23-15-3,5-3-2,L2,2013
Tampa Bay,P,82,46,27,9,101,38,8,6,240,215,25,25-10-6,21-17-3,7-3-0,W4,2013
Montreal,P,82,46,28,8,100,40,6,3,215,204,11,23-13-5,23-15-3,7-2-1,W1,2013
New York,P,82,45,31,6,96,41,4,3,218,193,25,20-17-4,25-14-2,6-2-2,L1,2013
Philadelphia,P,82,42,30,10,94,39,3,8,236,235,1,24-14-3,18-16-7,4-3-3,L1,2013
Columbus,P,82,43,32,7,93,38,5,2,231,216,15,22-15-4,21-17-3,6-3-1,W1,2013
Detroit,P,82,39,28,15,93,34,5,9,222,230,-8,18-13-10,21-15-5,6-3-1,W1,2013
Washington,,82,38,30,14,90,28,10,11,235,240,-5,21-13-7,17-17-7,4-3-3,L1,2013
New Jersey,,82,35,29,18,88,35,0,13,197,208,-11,21-11-9,14-18-9,4-1-5,W1,2013
Ottawa,,82,37,31,14,88,30,7,7,236,265,-29,18-17-6,19-14-8,8-2-0,W5,2013
Toronto,,82,38,36,8,84,29,9,4,231,256,-25,24-16-1,14-20-7,2-8-0,L4,2013
Carolina,,82,36,35,11,83,34,2,4,207,230,-23,18-17-6,18-18-5,5-3-2,W2,2013
New York,,82,34,37,11,79,25,9,6,225,267,-42,13-19-9,21-18-2,6-2-2,W3,2013
Florida,,82,29,45,8,66,21,8,6,196,268,-72,16-20-5,13-25-3,3-7-0,L1,2013
Buffalo,,82,21,51,10,52,14,7,5,157,248,-91,13-21-7,8-30-3,1-7-2,L7,2013
Anaheim,C,82,54,20,8,116,51,3,6,266,209,57,29-8-4,25-12-4,7-2-1,W4,2013
Colorado,D,82,52,22,8,112,47,5,4,250,220,30,26-11-4,26-11-4,7-1-2,L2,2013
St. Louis,P,82,52,23,7,111,43,9,3,248,191,57,28-9-4,24-14-3,3-7-0,L6,2013
San Jose,P,82,51,22,9,111,41,10,7,249,200,49,29-7-5,22-15-4,5-4-1,W2,2013
Chicago,P,82,46,21,15,107,40,6,8,267,220,47,27-7-7,19-14-8,5-5-0,L2,2013
Los Angeles,P,82,46,28,8,100,38,8,6,206,174,32,23-14-4,23-14-4,5-3-2,L1,2013
Minnesota,P,82,43,27,12,98,35,8,8,207,206,1,26-10-5,17-17-7,6-3-1,L1,2013
Dallas,P,82,40,31,11,91,36,4,5,235,228,7,23-11-7,17-20-4,6-4-0,L1,2013
Phoenix,,82,37,30,15,89,31,6,7,216,231,-15,22-14-5,15-16-10,3-4-3,W1,2013
Nashville,,82,38,32,12,88,36,2,9,216,242,-26,19-17-5,19-15-7,7-1-2,W3,2013
Winnipeg,,82,37,35,10,84,29,8,6,227,237,-10,18-17-6,19-18-4,5-4-1,W2,2013
Vancouver,,82,36,35,11,83,31,5,7,196,223,-27,20-15-6,16-20-5,4-5-1,W1,2013
Calgary,,82,35,40,7,77,28,7,3,209,241,-32,19-19-3,16-21-4,5-5-0,L2,2013
Edmonton,,82,29,44,9,67,25,4,3,203,270,-67,16-22-3,13-22-6,4-6-0,W1,2013
Pittsburgh,C,48,36,12,0,72,33,3,0,165,119,46,18-6-0,18-6-0,8-2-0,W1,2012
Montreal,D,48,29,14,5,63,26,3,2,149,126,23,14-7-3,15-7-2,4-6-0,W2,2012
Washington,D,48,27,18,3,57,24,3,0,149,130,19,15-8-1,12-10-2,8-1-1,W1,2012
Boston,P,48,28,14,6,62,24,4,3,131,109,22,16-5-3,12-9-3,3-5-2,L2,2012
Toronto,P,48,26,17,5,57,26,0,5,145,133,12,13-9-2,13-8-3,5-4-1,L1,2012
New York,P,48,26,18,4,56,22,4,4,130,112,18,16-6-2,10-12-2,7-3-0,W2,2012
Ottawa,P,48,25,17,6,56,21,4,4,116,104,12,15-6-3,10-11-3,6-4-0,W1,2012
New York,P,48,24,17,7,55,20,4,3,139,139,0,10-11-3,14-6-4,6-1-3,L3,2012
Winnipeg,,48,24,21,3,51,22,2,3,128,144,-16,13-10-1,11-11-2,6-3-1,L2,2012
Philadelphia,,48,23,22,3,49,22,1,2,133,141,-8,15-7-2,8-15-1,6-4-0,W4,2012
New Jersey,,48,19,19,10,48,17,2,7,112,129,-17,13-9-2,6-10-8,4-5-1,L1,2012
Buffalo,,48,21,21,6,48,14,7,4,125,143,-18,11-10-3,10-11-3,6-4-0,W2,2012
Carolina,,48,19,25,4,42,18,1,1,128,160,-32,9-14-1,10-11-3,3-5-2,L2,2012
Tampa Bay,,48,18,26,4,40,17,1,3,148,150,-2,12-10-2,6-16-2,2-6-2,L2,2012
Florida,,48,15,27,6,36,12,3,1,112,171,-59,8-11-5,7-16-1,3-7-0,W1,2012
Chicago,C,48,36,7,5,77,30,6,5,155,102,53,18-3-3,18-4-2,7-2-1,L1,2012
Anaheim,D,48,30,12,6,66,24,6,3,140,118,22,16-7-1,14-5-5,5-4-1,L1,2012
Vancouver,D,48,26,15,7,59,21,5,6,127,121,6,15-6-3,11-9-4,5-4-1,L2,2012
St. Louis,P,48,29,17,2,60,24,5,1,129,115,14,15-8-1,14-9-1,7-3-0,W3,2012
Los Angeles,P,48,27,16,5,59,25,2,4,133,118,15,19-4-1,8-12-4,5-3-2,W1,2012
San Jose,P,48,25,16,7,57,17,8,4,124,116,8,17-2-5,8-14-2,5-5-0,L2,2012
Detroit,P,48,24,16,8,56,22,2,5,124,115,9,13-7-4,11-9-4,5-2-3,W4,2012
Minnesota,P,48,26,19,3,55,22,4,2,122,127,-5,14-8-2,12-11-1,4-5-1,W1,2012
Columbus,,48,24,17,7,55,19,5,4,120,119,1,14-5-5,10-12-2,8-2-0,W3,2012
Phoenix,,48,21,18,9,51,17,4,6,125,131,-6,14-8-2,7-10-7,4-3-3,W1,2012
Dallas,,48,22,22,4,48,20,2,1,130,142,-12,11-11-2,11-11-2,4-5-1,L5,2012
Edmonton,,48,19,22,7,45,17,2,3,125,134,-9,9-11-4,10-11-3,3-7-0,W2,2012
Calgary,,48,19,25,4,42,19,0,3,128,160,-32,13-9-2,6-16-2,5-5-0,L3,2012
Nashville,,48,16,23,9,41,14,2,6,111,139,-28,11-9-4,5-14-5,1-8-1,L2,2012
Colorado,,48,16,25,7,39,14,2,2,116,152,-36,12-9-3,4-16-4,4-4-2,L1,2012
New York,C,82,51,24,7,109,47,4,5,226,187,39,27-12-2,24-12-5,6-4-0,L2,2011
Boston,D,82,49,29,4,102,40,9,3,269,202,67,24-14-3,25-15-1,7-2-1,W2,2011
Florida,D,82,38,26,18,94,32,6,11,203,227,-24,21-9-11,17-17-7,2-3-5,W1,2011
Pittsburgh,P,82,51,25,6,108,42,9,3,282,221,61,29-10-2,22-15-4,6-4-0,W3,2011
Philadelphia,P,82,47,26,9,103,43,4,7,264,232,32,22-13-6,25-13-3,5-4-1,L1,2011
New Jersey,P,82,48,28,6,102,36,12,4,228,209,19,24-13-4,24-15-2,7-2-1,W6,2011
Washington,P,82,42,32,8,92,38,4,4,222,230,-8,26-11-4,16-21-4,6-2-2,W2,2011
Ottawa,P,82,41,31,10,92,35,6,4,249,240,9,20-17-4,21-14-6,4-6-0,L3,2011
Buffalo,,82,39,32,11,89,32,7,7,218,230,-12,21-12-8,18-20-3,6-3-1,L2,2011
Tampa Bay,,82,38,36,8,84,35,3,3,235,281,-46,25-14-2,13-22-6,6-3-1,W1,2011
Winnipeg,,82,37,35,10,84,33,4,4,225,246,-21,23-13-5,14-22-5,3-5-2,L2,2011
Carolina,,82,33,33,16,82,32,1,6,213,243,-30,20-14-7,13-19-9,5-4-1,L1,2011
Toronto,,82,35,37,10,80,31,4,5,231,264,-33,18-16-7,17-21-3,3-5-2,L1,2011
New York,,82,34,37,11,79,27,7,4,203,255,-52,17-18-6,17-19-5,5-5-0,L1,2011
Montreal,,82,31,35,16,78,26,5,12,212,226,-14,16-15-10,15-20-6,3-3-4,W1,2011
Vancouver,C,82,51,22,9,111,43,8,7,249,198,51,27-10-4,24-12-5,8-1-1,W1,2011
St. Louis,D,82,49,22,11,109,45,4,10,210,165,45,30-6-5,19-16-6,4-3-3,W1,2011
Phoenix,D,82,42,27,13,97,36,6,10,216,204,12,22-13-6,20-14-7,7-1-2,W5,2011
Nashville,P,82,48,26,8,104,43,5,5,237,210,27,26-10-5,22-16-3,6-4-0,W3,2011
Detroit,P,82,48,28,6,102,39,9,3,248,203,45,31-7-3,17-21-3,4-4-2,L2,2011
Chicago,P,82,45,26,11,101,38,7,7,248,238,10,27-8-6,18-18-5,6-1-3,W1,2011
San Jose,P,82,43,29,10,96,34,9,5,228,210,18,26-12-3,17-17-7,7-3-0,W4,2011
Los Angeles,P,82,40,27,15,95,34,6,9,194,179,15,22-14-5,18-13-10,5-2-3,L2,2011
Calgary,,82,37,29,16,90,34,3,9,202,226,-24,23-12-6,14-17-10,3-3-4,W2,2011
Dallas,,82,42,35,5,89,35,7,4,211,222,-11,22-16-3,20-19-2,3-7-0,L5,2011
Colorado,,82,41,35,6,88,32,9,2,208,220,-12,22-17-2,19-18-4,3-5-2,L2,2011
Minnesota,,82,35,36,11,81,24,11,9,177,226,-49,20-17-4,15-19-7,5-4-1,L1,2011
Anaheim,,82,34,36,12,80,31,3,7,204,231,-27,21-18-2,13-18-10,4-5-1,L1,2011
Edmonton,,82,32,40,10,74,27,5,7,212,239,-27,18-17-6,14-23-4,4-4-2,L3,2011
Columbus,,82,29,46,7,65,25,4,5,202,262,-60,17-21-3,12-25-4,6-4-0,W2,2011
Washington,C,82,48,23,11,107,43,5,6,224,197,27,25-8-8,23-15-3,7-2-1,L1,2010
Pittsburgh,P,82,49,25,8,106,39,10,3,238,199,39,25-14-2,24-11-6,8-2-0,W4,2010
Boston,D,82,46,25,11,103,44,2,6,246,195,51,22-13-6,24-12-5,6-3-1,L1,2010
Philadelphia,D,82,47,23,12,106,44,3,7,259,223,36,22-12-7,25-11-5,3-4-3,W1,2010
Tampa Bay,P,82,46,25,11,103,40,6,6,247,240,7,25-11-5,21-14-6,7-3-0,W2,2010
Montreal,P,82,44,30,8,96,41,3,3,216,209,7,24-11-6,20-19-2,5-4-1,W1,2010
Buffalo,P,82,43,29,10,96,38,5,1,245,229,16,21-16-4,22-13-6,8-1-1,W4,2010
New York,P,82,44,33,5,93,35,9,3,233,198,35,20-17-4,24-16-1,6-3-1,W1,2010
Carolina,,82,40,31,11,91,35,5,5,236,239,-3,22-14-5,18-17-6,7-2-1,L1,2010
Toronto,,82,37,34,11,85,32,5,6,218,251,-33,18-15-8,19-19-3,6-3-1,L3,2010
New Jersey,,82,38,39,5,81,35,3,2,174,209,-35,22-16-3,16-23-2,4-5-1,W1,2010
Atlanta,,82,34,36,12,80,29,5,7,223,269,-46,17-17-7,17-19-5,4-6-0,L2,2010
Ottawa,,82,32,40,10,74,30,2,5,192,250,-58,16-20-5,16-20-5,5-4-1,L1,2010
New York,,82,30,39,13,73,26,4,6,229,264,-35,17-18-6,13-21-7,3-6-1,L4,2010
Florida,,82,30,40,12,72,26,4,7,195,229,-34,16-17-8,14-23-4,1-7-2,W1,2010
Vancouver,C,82,54,19,9,117,50,4,5,262,185,77,27-9-5,27-10-4,7-3-0,W2,2010
San Jose,D,82,48,25,9,105,43,5,5,248,213,35,25-11-5,23-14-4,7-2-1,W1,2010
Detroit,D,82,47,25,10,104,43,4,4,261,241,20,21-14-6,26-11-4,4-4-2,W1,2010
Anaheim,P,82,47,30,5,99,43,4,2,239,235,4,26-13-2,21-17-3,7-3-0,W3,2010
Nashville,P,82,44,27,11,99,38,6,4,219,194,25,24-9-8,20-18-3,7-2-1,L1,2010
Phoenix,P,82,43,26,13,99,38,5,6,231,226,5,21-13-7,22-13-6,5-3-2,L1,2010
Los Angeles,P,82,46,30,6,98,36,10,2,219,198,21,25-13-3,21-17-3,6-4-0,L2,2010
Chicago,P,82,44,29,9,97,38,6,5,258,225,33,24-17-0,20-12-9,5-4-1,L1,2010
Dallas,,82,42,29,11,95,37,5,7,227,233,-6,22-11-8,20-18-3,4-4-2,L1,2010
Calgary,,82,41,29,12,94,32,9,7,250,237,13,23-13-5,18-16-7,5-2-3,L1,2010
St. Louis,,82,38,33,11,87,34,4,6,240,234,6,23-13-5,15-20-6,6-2-2,W1,2010
Minnesota,,82,39,35,8,86,36,3,5,206,233,-27,19-17-5,20-18-3,4-6-0,W2,2010
Columbus,,82,34,35,13,81,29,5,8,215,258,-43,17-19-5,17-16-8,1-6-3,L6,2010
Colorado,,82,30,44,8,68,24,6,1,227,288,-61,16-21-4,14-23-4,2-8-0,W1,2010
Edmonton,,82,25,45,12,62,23,2,9,193,269,-76,13-22-6,12-23-6,2-6-2,L3,2010
Washington,C,82,54,15,13,121,49,5,6,318,233,85,30-5-6,24-10-7,6-1-3,L1,2009
New Jersey,D,82,48,27,7,103,42,6,5,222,191,31,27-10-4,21-17-3,5-2-3,W2,2009
Buffalo,D,82,45,27,10,100,41,4,6,235,207,28,25-10-6,20-17-4,5-5-0,L1,2009
Pittsburgh,P,82,47,28,7,101,39,8,2,257,237,20,25-12-4,22-16-3,5-4-1,W1,2009
Ottawa,P,82,44,32,6,94,39,5,5,225,238,-13,26-11-4,18-21-2,7-2-1,L2,2009
Boston,P,82,39,30,13,91,29,10,9,206,200,6,18-17-6,21-13-7,6-3-1,W3,2009
Philadelphia,P,82,41,35,6,88,37,4,3,236,225,11,24-14-3,17-21-3,4-5-1,W1,2009
Montreal,P,82,39,33,10,88,32,7,5,217,223,-6,20-16-5,19-17-5,3-4-3,L3,2009
New York,,82,38,33,11,87,35,3,4,222,218,4,18-17-6,20-16-5,7-1-2,L1,2009
Atlanta,,82,35,34,13,83,31,4,6,234,256,-22,19-16-6,16-18-7,3-5-2,W1,2009
Carolina,,82,35,37,10,80,31,4,5,230,256,-26,21-17-3,14-20-7,5-3-2,L1,2009
Tampa Bay,,82,34,36,12,80,30,4,7,217,260,-43,21-14-6,13-22-6,6-4-0,W3,2009
New York,,82,34,37,11,79,26,8,6,222,264,-42,23-14-4,11-23-7,5-4-1,L3,2009
Florida,,82,32,37,13,77,26,6,10,208,244,-36,16-16-9,16-21-4,2-6-2,L2,2009
Toronto,,82,30,38,14,74,26,4,4,214,267,-53,18-17-6,12-21-8,4-4-2,W1,2009
San Jose,C,82,51,20,11,113,44,7,6,264,215,49,27-6-8,24-14-3,8-1-1,W3,2009
Chicago,D,82,52,22,8,112,43,9,6,271,209,62,29-8-4,23-14-4,6-3-1,L1,2009
Vancouver,D,82,49,28,5,103,45,4,4,272,222,50,30-8-3,19-20-2,5-4-1,W1,2009
Phoenix,P,82,50,25,7,107,36,14,6,225,202,23,29-10-2,21-15-5,5-3-2,L1,2009
Detroit,P,82,44,24,14,102,38,6,9,229,216,13,25-10-6,19-14-8,8-1-1,W3,2009
Los Angeles,P,82,46,27,9,101,36,10,8,241,219,22,22-13-6,24-14-3,4-3-3,W1,2009
Nashville,P,82,47,29,6,100,39,8,4,225,225,0,24-14-3,23-15-3,6-3-1,W1,2009
Colorado,P,82,43,30,9,95,36,7,5,244,233,11,24-14-3,19-16-6,3-5-2,L3,2009
St. Louis,,82,40,32,10,90,33,7,5,225,223,2,18-18-5,22-14-5,6-3-1,L1,2009
Calgary,,82,40,32,10,90,37,3,7,204,210,-6,20-17-4,20-15-6,4-5-1,L4,2009
Anaheim,,82,39,32,11,89,34,5,8,238,251,-13,25-11-5,14-21-6,5-2-3,W1,2009
Dallas,,82,37,31,14,88,30,7,10,237,254,-17,23-11-7,14-20-7,6-4-0,W2,2009
Minnesota,,82,38,36,8,84,33,5,7,219,246,-27,25-12-4,13-24-4,3-5-2,L1,2009
Columbus,,82,32,35,15,79,30,2,10,216,259,-43,20-12-9,12-23-6,3-4-3,L5,2009
Edmonton,,82,27,47,8,62,19,8,6,214,284,-70,18-19-4,9-28-4,4-5-1,L1,2009
Boston,C,82,53,19,10,116,49,4,6,274,196,78,29-6-6,24-13-4,8-2-0,W1,2008
Washington,D,82,50,24,8,108,46,4,5,272,245,27,29-9-3,21-15-5,6-2-2,L1,2008
New Jersey,D,82,51,27,4,106,45,6,2,244,209,35,28-12-1,23-15-3,4-5-1,W2,2008
Pittsburgh,P,82,45,28,9,99,39,6,6,264,239,25,25-13-3,20-15-6,7-2-1,W3,2008
Philadelphia,P,82,44,27,11,99,40,4,6,264,238,26,24-13-4,20-14-7,4-5-1,L1,2008
Carolina,P,82,45,30,7,97,42,3,5,239,226,13,26-14-1,19-16-6,8-2-0,L2,2008
New York,P,82,43,30,9,95,33,10,6,210,218,-8,26-11-4,17-19-5,5-4-1,W3,2008
Montreal,P,82,41,30,11,93,34,7,7,249,247,2,24-10-7,17-20-4,5-3-2,L4,2008
Florida,,82,41,30,11,93,38,3,8,234,231,3,22-12-7,19-18-4,6-3-1,W2,2008
Buffalo,,82,41,32,9,91,33,8,5,250,234,16,23-15-3,18-17-6,7-2-1,W3,2008
Ottawa,,82,36,35,11,83,32,4,6,217,237,-20,22-12-7,14-23-4,4-5-1,L2,2008
Toronto,,82,34,35,13,81,28,6,7,250,293,-43,16-16-9,18-19-4,5-5-0,W1,2008
Atlanta,,82,35,41,6,76,28,7,1,257,280,-23,18-21-2,17-20-4,6-4-0,W1,2008
Tampa Bay,,82,24,40,18,66,21,3,10,210,279,-69,12-18-11,12-22-7,1-7-2,L9,2008
New York,,82,26,47,9,61,23,3,5,201,279,-78,17-18-6,9-29-3,2-7-1,L4,2008
San Jose,C,82,53,18,11,117,47,6,5,257,204,53,32-5-4,21-13-7,5-4-1,L2,2008
Detroit,D,82,51,21,10,112,45,6,4,295,244,51,27-9-5,24-12-5,3-6-1,L3,2008
Vancouver,D,82,45,27,10,100,42,3,7,246,220,26,24-12-5,21-15-5,6-3-1,W3,2008
Chicago,P,82,46,24,12,104,42,4,7,264,216,48,24-9-8,22-15-4,7-2-1,W2,2008
Calgary,P,82,46,30,6,98,43,3,2,254,248,6,27-10-4,19-20-2,4-6-0,W1,2008
St. Louis,P,82,41,31,10,92,35,6,6,233,233,0,23-13-5,18-18-5,8-1-1,W3,2008
Columbus,P,82,41,31,10,92,35,6,7,226,230,-4,25-13-3,16-18-7,3-3-4,L2,2008
Anaheim,P,82,42,33,7,91,35,7,3,245,238,7,20-18-3,22-15-4,7-2-1,L1,2008
Minnesota,,82,40,33,9,89,35,5,3,219,200,19,23-11-7,17-22-2,6-3-1,W3,2008
Nashville,,82,40,34,8,88,34,6,5,213,233,-20,24-13-4,16-21-4,5-4-1,L1,2008
Edmonton,,82,38,35,9,85,32,6,4,234,248,-14,18-17-6,20-18-3,3-7-0,L1,2008
Dallas,,82,36,35,11,83,30,6,6,230,257,-27,20-16-5,16-19-6,3-4-3,L1,2008
Phoenix,,82,36,39,7,79,33,3,3,208,252,-44,23-15-3,13-24-4,6-4-0,W2,2008
Los Angeles,,82,34,37,11,79,29,5,8,207,234,-27,18-15-8,16-22-3,4-5-1,W1,2008
Colorado,,82,32,45,5,69,23,9,4,199,257,-58,18-21-2,14-24-3,1-6-3,L4,2008
Montreal,C,82,47,25,10,104,42,5,6,262,222,40,22-13-6,25-12-4,8-1-1,W3,2007
Pittsburgh,D,82,47,27,8,102,40,7,4,247,216,31,26-10-5,21-17-3,6-3-1,L1,2007
Washington,D,82,43,31,8,94,39,4,4,242,231,11,23-15-3,20-16-5,9-1-0,W7,2007
New Jersey,P,82,46,29,7,99,38,8,4,206,197,9,25-14-2,21-15-5,4-5-1,W1,2007
New York,P,82,42,27,13,97,34,8,9,213,199,14,25-13-3,17-14-10,5-1-4,L2,2007
Philadelphia,P,82,42,29,11,95,39,3,6,248,233,15,21-14-6,21-15-5,7-2-1,W2,2007
Ottawa,P,82,43,31,8,94,40,3,5,261,247,14,22-15-4,21-16-4,3-6-1,L1,2007
Boston,P,82,41,29,12,94,35,6,7,212,222,-10,21-16-4,20-13-8,4-2-4,L1,2007
Carolina,,82,43,33,6,92,41,2,3,252,249,3,24-13-4,19-20-2,5-4-1,L1,2007
Buffalo,,82,39,31,12,90,35,4,9,255,242,13,20-15-6,19-16-6,6-3-1,W1,2007
Florida,,82,38,35,9,85,33,5,6,216,226,-10,18-15-8,20-20-1,5-4-1,L1,2007
Toronto,,82,36,35,11,83,33,3,4,231,260,-29,18-17-6,18-18-5,4-5-1,L3,2007
New York,,82,35,38,9,79,30,5,3,194,243,-49,18-18-5,17-20-4,3-5-2,W1,2007
Atlanta,,82,34,40,8,76,25,9,6,216,272,-56,19-19-3,15-21-5,3-7-0,W1,2007
Tampa Bay,,82,31,42,9,71,29,2,1,223,267,-44,20-18-3,11-24-6,2-7-1,L4,2007
Detroit,C,82,54,21,7,115,49,5,5,257,184,73,29-9-3,25-12-4,7-2-1,W2,2007
San Jose,D,82,49,23,10,108,43,6,6,222,193,29,22-13-6,27-10-4,7-2-1,L2,2007
Minnesota,D,82,44,28,10,98,41,3,8,223,218,5,25-11-5,19-17-5,6-2-2,L1,2007
Anaheim,P,82,47,27,8,102,39,8,7,205,191,14,28-9-4,19-18-4,8-2-0,W3,2007
Dallas,P,82,45,30,7,97,40,5,3,242,207,35,23-16-2,22-14-5,3-5-2,W1,2007
Colorado,P,82,44,31,7,95,37,7,3,231,219,12,27-12-2,17-19-5,5-4-1,W2,2007
Calgary,P,82,42,30,10,94,39,3,3,229,227,2,21-11-9,21-19-1,5-5-0,W1,2007
Nashville,P,82,41,32,9,91,38,3,5,230,229,1,23-14-4,18-18-5,6-3-1,L1,2007
Edmonton,,82,41,35,6,88,26,15,4,235,251,-16,23-17-1,18-18-5,6-3-1,W1,2007
Chicago,,82,40,34,8,88,35,5,4,239,235,4,23-16-2,17-18-6,6-3-1,L1,2007
Vancouver,,82,39,33,10,88,33,6,9,213,215,-2,21-15-5,18-18-5,3-7-0,L3,2007
Phoenix,,82,38,37,7,83,33,5,6,214,231,-17,17-20-4,21-17-3,2-6-2,L1,2007
Columbus,,82,34,36,12,80,31,3,8,193,218,-25,20-14-7,14-22-5,2-7-1,L5,2007
St. Louis,,82,33,36,13,79,30,3,5,205,237,-32,20-15-6,13-21-7,4-4-2,W2,2007
Los Angeles,,82,32,43,7,71,27,5,3,231,266,-35,17-21-3,15-22-4,4-5-1,L1,2007
Buffalo,C,82,53,22,7,113,43,10,4,308,242,66,28-10-3,25-12-4,7-3-0,L1,2006
New Jersey,D,82,49,24,9,107,39,10,8,216,201,15,25-10-6,24-14-3,6-3-1,L1,2006
Atlanta,D,82,43,28,11,97,36,7,4,246,245,1,23-12-6,20-16-5,6-3-1,W2,2006
Ottawa,P,82,48,25,9,105,46,2,6,288,222,66,25-13-3,23-12-6,6-2-2,W1,2006
Pittsburgh,P,82,47,24,11,105,37,10,6,277,246,31,26-10-5,21-14-6,6-3-1,W2,2006
New York,P,82,42,30,10,94,33,9,5,242,216,26,21-15-5,21-15-5,7-2-1,L1,2006
Tampa Bay,P,82,44,33,5,93,34,10,2,253,261,-8,22-18-1,22-15-4,5-4-1,L2,2006
New York,P,82,40,30,12,92,32,8,5,248,240,8,22-13-6,18-17-6,6-3-1,W4,2006
Toronto,,82,40,31,11,91,36,4,7,258,269,-11,21-15-5,19-16-6,6-3-1,W1,2006
Montreal,,82,42,34,6,90,36,6,5,245,256,-11,26-12-3,16-22-3,7-3-0,L2,2006
Carolina,,82,40,34,8,88,40,0,5,241,253,-12,21-16-4,19-18-4,5-5-0,W1,2006
Florida,,82,35,31,16,86,33,2,8,247,257,-10,23-12-6,12-19-10,5-2-3,L1,2006
Boston,,82,35,41,6,76,26,9,4,219,289,-70,18-19-4,17-22-2,1-8-1,L6,2006
Washington,,82,28,40,14,70,27,1,11,235,286,-51,17-17-7,11-23-7,3-6-1,L1,2006
Philadelphia,,82,22,48,12,56,21,1,6,214,303,-89,10-24-7,12-24-5,2-7-1,W1,2006
Detroit,C,82,50,19,13,113,48,2,8,254,199,55,29-4-8,21-15-5,5-1-4,W1,2006
Anaheim,D,82,48,20,14,110,44,4,10,258,208,50,26-6-9,22-14-5,5-3-2,W1,2006
Vancouver,D,82,49,26,7,105,44,5,4,222,201,21,26-11-4,23-15-3,6-3-1,L1,2006
Nashville,P,82,51,23,8,110,45,6,5,272,212,60,28-8-5,23-15-3,5-3-2,W2,2006
San Jose,P,82,51,26,5,107,49,2,2,258,199,59,25-12-4,26-14-1,7-1-2,L1,2006
Dallas,P,82,50,25,7,107,41,9,4,226,197,29,28-11-2,22-14-5,7-1-2,W2,2006
Minnesota,P,82,48,26,8,104,38,10,7,235,191,44,29-7-5,19-19-3,7-2-1,W3,2006
Calgary,P,82,43,29,10,96,40,3,5,258,226,32,30-9-2,13-20-8,6-4-0,L4,2006
Colorado,,82,44,31,7,95,39,5,4,272,251,21,22-16-3,22-15-4,7-2-1,W1,2006
St. Louis,,82,34,35,13,81,28,6,6,214,254,-40,18-19-4,16-16-9,4-5-1,L2,2006
Columbus,,82,33,42,7,73,28,5,5,201,249,-48,18-19-4,15-23-3,5-5-0,L1,2006
Edmonton,,82,32,43,7,71,29,3,3,195,248,-53,19-19-3,13-24-4,2-8-0,W1,2006
Chicago,,82,31,42,9,71,25,6,7,201,258,-57,17-20-4,14-22-5,4-6-0,L2,2006
Los Angeles,,82,27,41,14,68,23,4,6,227,283,-56,16-16-9,11-25-5,3-7-0,W1,2006
Phoenix,,82,31,46,5,67,26,5,2,216,284,-68,18-20-3,13-26-2,3-6-1,W1,2006
Ottawa,C,82,52,21,9,113,50,2,6,314,211,103,29-9-3,23-12-6,3-5-2,W1,2005
Carolina,D,82,52,22,8,112,44,8,2,294,260,34,31-8-2,21-14-6,5-3-2,L2,2005
New Jersey,D,82,46,27,9,101,37,9,4,242,229,13,27-11-3,19-16-6,10-0-0,W11,2005
Buffalo,P,82,52,24,6,110,47,5,5,281,239,42,27-11-3,25-13-3,7-3-0,W5,2005
Philadelphia,P,82,45,26,11,101,41,4,6,267,259,8,22-13-6,23-13-5,5-4-1,W1,2005
New York,P,82,44,26,12,100,37,7,4,257,215,42,25-10-6,19-16-6,4-6-0,L5,2005
Montreal,P,82,42,31,9,93,40,2,3,243,247,-4,24-13-4,18-18-5,6-4-0,L2,2005
Tampa Bay,P,82,43,33,6,92,37,6,4,252,260,-8,25-14-2,18-19-4,5-4-1,L1,2005
Toronto,,82,41,33,8,90,38,3,7,257,270,-13,26-12-3,15-21-5,7-1-2,W1,2005
Atlanta,,82,41,33,8,90,36,5,5,281,275,6,24-13-4,17-20-4,6-2-2,L2,2005
Florida,,82,37,34,11,85,33,4,5,240,257,-17,25-11-5,12-23-6,4-4-2,W1,2005
New York,,82,36,40,6,78,27,9,3,230,278,-48,20-18-3,16-22-3,3-6-1,L2,2005
Boston,,82,29,37,16,74,27,2,8,230,266,-36,16-15-10,13-22-6,1-5-4,L5,2005
Washington,,82,29,41,12,70,22,7,6,237,306,-69,16-18-7,13-23-5,5-3-2,W3,2005
Pittsburgh,,82,22,46,14,58,21,1,6,244,316,-72,12-21-8,10-25-6,4-4-2,L1,2005
Detroit,C,82,58,16,8,124,54,4,3,305,209,96,27-9-5,31-7-3,8-1-1,L1,2005
Dallas,D,82,53,23,6,112,41,12,1,265,218,47,28-11-2,25-12-4,4-3-3,L2,2005
Calgary,D,82,46,25,11,103,44,2,7,218,200,18,30-7-4,16-18-7,6-1-3,L2,2005
Nashville,P,82,49,25,8,106,43,6,3,259,227,32,32-8-1,17-17-7,7-3-0,W6,2005
San Jose,P,82,44,27,11,99,43,1,7,266,242,24,25-9-7,19-18-4,8-1-1,L1,2005
Anaheim,P,82,43,27,12,98,40,3,7,254,229,25,26-10-5,17-17-7,6-4-0,W1,2005
Colorado,P,82,43,30,9,95,40,3,6,283,257,26,25-10-6,18-20-3,4-5-1,L3,2005
Edmonton,P,82,41,28,13,95,34,7,9,256,251,5,20-15-6,21-13-7,5-4-1,W2,2005
Vancouver,,82,42,32,8,92,38,4,4,256,255,1,25-10-6,17-22-2,4-4-2,W1,2005
Los Angeles,,82,42,35,5,89,36,6,1,249,270,-21,26-14-1,16-21-4,4-6-0,W2,2005
Minnesota,,82,38,36,8,84,33,5,3,231,215,16,23-16-2,15-20-6,5-4-1,L2,2005
Phoenix,,82,38,39,5,81,34,4,3,246,271,-25,19-18-4,19-21-1,4-5-1,W1,2005
Columbus,,82,35,43,4,74,27,8,3,223,279,-56,23-18-0,12-25-4,6-3-1,W1,2005
Chicago,,82,26,43,13,65,24,2,6,211,285,-74,16-19-6,10-24-7,3-5-2,W2,2005
St. Louis,,82,21,46,15,57,17,4,8,197,292,-95,12-23-6,9-23-9,1-7-2,L5,2005
