Match Number,Round Number,Date,Location,Home Team,Away Team,Result
1,1,21/10/2025 19:30,Paycom Center,Oklahoma City Thunder,Houston Rockets,125 - 124
2,1,21/10/2025 22:00,Crypto.com Arena,Los Angeles Lakers,Golden State Warriors,109 - 119
3,1,22/10/2025 19:00,Madison Square Garden,New York Knicks,Cleveland Cavaliers,119 - 111
5,1,22/10/2025 19:00,Spectrum Center,Charlotte Hornets,Brooklyn Nets,136 - 117
6,1,22/10/2025 19:00,Kia Center,Orlando Magic,Miami Heat,125 - 121
7,1,22/10/2025 19:30,State Farm Arena,Atlanta Hawks,Toronto Raptors,118 - 138
8,1,22/10/2025 19:30,TD Garden,Boston Celtics,Philadelphia 76ers,116 - 117
9,1,22/10/2025 20:00,United Center,Chicago Bulls,Detroit Pistons,115 - 111
10,1,22/10/2025 20:00,FedExForum,Memphis Grizzlies,New Orleans Pelicans,128 - 122
11,1,22/10/2025 20:00,Fiserv Forum,Milwaukee Bucks,Washington Wizards,133 - 120
12,1,22/10/2025 21:00,Delta Center,Utah Jazz,LA Clippers,129 - 108
4,1,22/10/2025 21:30,American Airlines Center,Dallas Mavericks,San Antonio Spurs,92 - 125
13,1,22/10/2025 22:00,Mortgage Matchup Center,Phoenix Suns,Sacramento Kings,120 - 116
14,1,22/10/2025 22:00,Moda Center,Portland Trail Blazers,Minnesota Timberwolves,114 - 118
15,1,23/10/2025 19:30,Gainbridge Fieldhouse,Indiana Pacers,Oklahoma City Thunder,135 - 141
16,1,23/10/2025 22:00,Chase Center,Golden State Warriors,Denver Nuggets,137 - 131
21,1,24/10/2025 18:30,Scotiabank Arena,Toronto Raptors,Milwaukee Bucks,116 - 122
19,1,24/10/2025 19:00,Kia Center,Orlando Magic,Atlanta Hawks,107 - 111
17,1,24/10/2025 19:30,Madison Square Garden,New York Knicks,Boston Celtics,105 - 95
20,1,24/10/2025 19:30,Barclays Center,Brooklyn Nets,Cleveland Cavaliers,124 - 131
22,1,24/10/2025 20:00,Toyota Center,Houston Rockets,Detroit Pistons,111 - 115
23,1,24/10/2025 20:00,FedExForum,Memphis Grizzlies,Miami Heat,114 - 146
24,1,24/10/2025 20:00,Smoothie King Center,New Orleans Pelicans,San Antonio Spurs,116 - 120
25,1,24/10/2025 20:30,American Airlines Center,Dallas Mavericks,Washington Wizards,107 - 117
18,1,24/10/2025 22:00,Crypto.com Arena,Los Angeles Lakers,Minnesota Timberwolves,128 - 110
26,1,24/10/2025 22:00,Moda Center,Portland Trail Blazers,Golden State Warriors,139 - 119
27,1,24/10/2025 22:00,Golden 1 Center,Sacramento Kings,Utah Jazz,105 - 104
28,1,24/10/2025 22:30,Intuit Dome,LA Clippers,Phoenix Suns,129 - 102
29,1,25/10/2025 19:00,Kia Center,Orlando Magic,Chicago Bulls,98 - 110
30,1,25/10/2025 19:30,State Farm Arena,Atlanta Hawks,Oklahoma City Thunder,100 - 117
31,1,25/10/2025 19:30,Xfinity Mobile Arena,Philadelphia 76ers,Charlotte Hornets,125 - 121
32,1,25/10/2025 20:00,FedExForum,Memphis Grizzlies,Indiana Pacers,128 - 103
33,1,25/10/2025 21:00,Ball Arena,Denver Nuggets,Phoenix Suns,133 - 111
34,1,26/10/2025 14:00,Frost Bank Center,San Antonio Spurs,Brooklyn Nets,118 - 107
35,1,26/10/2025 15:30,Little Caesars Arena,Detroit Pistons,Boston Celtics,119 - 113
36,1,26/10/2025 18:00,Rocket Arena,Cleveland Cavaliers,Milwaukee Bucks,118 - 113
37,1,26/10/2025 18:00,Kaseya Center,Miami Heat,New York Knicks,115 - 107
38,1,26/10/2025 18:00,Capital One Arena,Washington Wizards,Charlotte Hornets,113 - 139
39,1,26/10/2025 19:00,Target Center,Minnesota Timberwolves,Indiana Pacers,114 - 110
40,1,26/10/2025 19:30,American Airlines Center,Dallas Mavericks,Toronto Raptors,139 - 129
41,1,26/10/2025 21:00,Intuit Dome,LA Clippers,Portland Trail Blazers,114 - 107
42,1,26/10/2025 21:00,Golden 1 Center,Sacramento Kings,Los Angeles Lakers,120 - 127
43,1,27/10/2025 19:00,Little Caesars Arena,Detroit Pistons,Cleveland Cavaliers,95 - 116
45,1,27/10/2025 19:00,Xfinity Mobile Arena,Philadelphia 76ers,Orlando Magic,136 - 124
46,1,27/10/2025 20:00,United Center,Chicago Bulls,Atlanta Hawks,128 - 123
47,1,27/10/2025 20:00,Toyota Center,Houston Rockets,Brooklyn Nets,137 - 109
48,1,27/10/2025 20:00,Smoothie King Center,New Orleans Pelicans,Boston Celtics,90 - 122
49,1,27/10/2025 20:00,Frost Bank Center,San Antonio Spurs,Toronto Raptors,121 - 103
50,1,27/10/2025 20:30,American Airlines Center,Dallas Mavericks,Oklahoma City Thunder,94 - 101
51,1,27/10/2025 21:00,Delta Center,Utah Jazz,Phoenix Suns,138 - 134
44,1,27/10/2025 21:30,Target Center,Minnesota Timberwolves,Denver Nuggets,114 - 127
52,1,27/10/2025 22:00,Chase Center,Golden State Warriors,Memphis Grizzlies,131 - 118
53,1,27/10/2025 22:30,Crypto.com Arena,Los Angeles Lakers,Portland Trail Blazers,108 - 122
54,2,28/10/2025 19:00,Capital One Arena,Washington Wizards,Philadelphia 76ers,134 - 139
55,2,28/10/2025 19:30,Kaseya Center,Miami Heat,Charlotte Hornets,144 - 117
56,2,28/10/2025 20:00,Fiserv Forum,Milwaukee Bucks,New York Knicks,121 - 111
57,2,28/10/2025 20:00,Paycom Center,Oklahoma City Thunder,Sacramento Kings,107 - 101
58,2,28/10/2025 23:00,Chase Center,Golden State Warriors,LA Clippers,98 - 79
62,2,29/10/2025 18:30,Scotiabank Arena,Toronto Raptors,Houston Rockets,
59,2,29/10/2025 19:00,TD Garden,Boston Celtics,Cleveland Cavaliers,
60,2,29/10/2025 19:00,Little Caesars Arena,Detroit Pistons,Orlando Magic,
61,2,29/10/2025 19:30,Barclays Center,Brooklyn Nets,Atlanta Hawks,
63,2,29/10/2025 20:00,United Center,Chicago Bulls,Sacramento Kings,
64,2,29/10/2025 20:30,American Airlines Center,Dallas Mavericks,Indiana Pacers,
65,2,29/10/2025 21:00,Ball Arena,Denver Nuggets,New Orleans Pelicans,
66,2,29/10/2025 21:00,Delta Center,Utah Jazz,Portland Trail Blazers,
67,2,29/10/2025 21:30,Target Center,Minnesota Timberwolves,Los Angeles Lakers,
68,2,29/10/2025 22:00,Mortgage Matchup Center,Phoenix Suns,Memphis Grizzlies,
69,2,30/10/2025 19:00,Spectrum Center,Charlotte Hornets,Orlando Magic,
70,2,30/10/2025 20:00,Fiserv Forum,Milwaukee Bucks,Golden State Warriors,
71,2,30/10/2025 20:00,Paycom Center,Oklahoma City Thunder,Washington Wizards,
72,2,30/10/2025 20:30,Frost Bank Center,San Antonio Spurs,Miami Heat,
73,2,31/10/2025 19:00,Gainbridge Fieldhouse,Indiana Pacers,Atlanta Hawks,
74,2,31/10/2025 19:00,Xfinity Mobile Arena,Philadelphia 76ers,Boston Celtics,
75,2,31/10/2025 19:30,Rocket Arena,Cleveland Cavaliers,Toronto Raptors,
76,2,31/10/2025 20:00,United Center,Chicago Bulls,New York Knicks,
77,2,31/10/2025 21:30,FedExForum,Memphis Grizzlies,Los Angeles Lakers,
78,2,31/10/2025 22:00,Mortgage Matchup Center,Phoenix Suns,Utah Jazz,
79,2,31/10/2025 22:00,Moda Center,Portland Trail Blazers,Denver Nuggets,
80,2,31/10/2025 22:30,Intuit Dome,LA Clippers,New Orleans Pelicans,
81,2,01/11/2025 17:00,Fiserv Forum,Milwaukee Bucks,Sacramento Kings,
82,2,01/11/2025 18:00,Spectrum Center,Charlotte Hornets,Minnesota Timberwolves,
83,2,01/11/2025 19:00,Gainbridge Fieldhouse,Indiana Pacers,Golden State Warriors,
84,2,01/11/2025 19:00,Capital One Arena,Washington Wizards,Orlando Magic,
85,2,01/11/2025 20:00,TD Garden,Boston Celtics,Houston Rockets,
86,2,01/11/2025 22:00,Arena CDMX,Detroit Pistons,Dallas Mavericks,
87,2,02/11/2025 15:30,Paycom Center,Oklahoma City Thunder,New Orleans Pelicans,
88,2,02/11/2025 18:00,Barclays Center,Brooklyn Nets,Philadelphia 76ers,
89,2,02/11/2025 18:00,Spectrum Center,Charlotte Hornets,Utah Jazz,
90,2,02/11/2025 18:00,Rocket Arena,Cleveland Cavaliers,Atlanta Hawks,
91,2,02/11/2025 18:00,Scotiabank Arena,Toronto Raptors,Memphis Grizzlies,
92,2,02/11/2025 19:00,Madison Square Garden,New York Knicks,Chicago Bulls,
93,2,02/11/2025 20:00,Mortgage Matchup Center,Phoenix Suns,San Antonio Spurs,
94,2,02/11/2025 21:30,Crypto.com Arena,Los Angeles Lakers,Miami Heat,
95,2,03/11/2025 19:00,Barclays Center,Brooklyn Nets,Minnesota Timberwolves,
96,2,03/11/2025 19:00,Gainbridge Fieldhouse,Indiana Pacers,Milwaukee Bucks,
97,2,03/11/2025 19:30,TD Garden,Boston Celtics,Utah Jazz,
98,2,03/11/2025 19:30,Madison Square Garden,New York Knicks,Washington Wizards,
99,2,03/11/2025 20:00,Toyota Center,Houston Rockets,Dallas Mavericks,
100,2,03/11/2025 20:00,FedExForum,Memphis Grizzlies,Detroit Pistons,
101,2,03/11/2025 21:00,Ball Arena,Denver Nuggets,Sacramento Kings,
102,2,03/11/2025 22:00,Moda Center,Portland Trail Blazers,Los Angeles Lakers,
103,2,03/11/2025 22:30,Intuit Dome,LA Clippers,Miami Heat,
104,3,04/11/2025 19:30,Scotiabank Arena,Toronto Raptors,Milwaukee Bucks,
105,3,04/11/2025 20:00,State Farm Arena,Atlanta Hawks,Orlando Magic,
106,3,04/11/2025 20:00,United Center,Chicago Bulls,Philadelphia 76ers,
107,3,04/11/2025 20:00,Smoothie King Center,New Orleans Pelicans,Charlotte Hornets,
108,3,04/11/2025 22:00,Chase Center,Golden State Warriors,Phoenix Suns,
109,3,04/11/2025 23:00,Intuit Dome,LA Clippers,Oklahoma City Thunder,
110,3,05/11/2025 19:00,Rocket Arena,Cleveland Cavaliers,Philadelphia 76ers,
111,3,05/11/2025 19:00,Little Caesars Arena,Detroit Pistons,Utah Jazz,
112,3,05/11/2025 19:00,Gainbridge Fieldhouse,Indiana Pacers,Brooklyn Nets,
113,3,05/11/2025 19:30,TD Garden,Boston Celtics,Washington Wizards,
114,3,05/11/2025 19:30,Madison Square Garden,New York Knicks,Minnesota Timberwolves,
115,3,05/11/2025 20:00,FedExForum,Memphis Grizzlies,Houston Rockets,
116,3,05/11/2025 20:30,American Airlines Center,Dallas Mavericks,New Orleans Pelicans,
117,3,05/11/2025 21:00,Ball Arena,Denver Nuggets,Miami Heat,
118,3,05/11/2025 22:00,Crypto.com Arena,Los Angeles Lakers,San Antonio Spurs,
119,3,05/11/2025 22:00,Moda Center,Portland Trail Blazers,Oklahoma City Thunder,
120,3,05/11/2025 22:00,Golden 1 Center,Sacramento Kings,Golden State Warriors,
121,3,06/11/2025 21:00,Mortgage Matchup Center,Phoenix Suns,LA Clippers,
122,3,07/11/2025 19:00,Kia Center,Orlando Magic,Boston Celtics,
123,3,07/11/2025 19:00,Capital One Arena,Washington Wizards,Cleveland Cavaliers,
124,3,07/11/2025 19:30,State Farm Arena,Atlanta Hawks,Toronto Raptors,
125,3,07/11/2025 19:30,Barclays Center,Brooklyn Nets,Detroit Pistons,
126,3,07/11/2025 19:30,Frost Bank Center,San Antonio Spurs,Houston Rockets,
127,3,07/11/2025 20:00,Kaseya Center,Miami Heat,Charlotte Hornets,
128,3,07/11/2025 20:00,FedExForum,Memphis Grizzlies,Dallas Mavericks,
129,3,07/11/2025 20:00,Fiserv Forum,Milwaukee Bucks,Chicago Bulls,
130,3,07/11/2025 20:00,Target Center,Minnesota Timberwolves,Utah Jazz,
131,3,07/11/2025 22:00,Ball Arena,Denver Nuggets,Golden State Warriors,
132,3,07/11/2025 22:00,Golden 1 Center,Sacramento Kings,Oklahoma City Thunder,
133,3,08/11/2025 19:00,Capital One Arena,Washington Wizards,Dallas Mavericks,
134,3,08/11/2025 19:30,Xfinity Mobile Arena,Philadelphia 76ers,Toronto Raptors,
135,3,08/11/2025 20:00,State Farm Arena,Atlanta Hawks,Los Angeles Lakers,
136,3,08/11/2025 20:00,Rocket Arena,Cleveland Cavaliers,Chicago Bulls,
137,3,08/11/2025 20:00,Kaseya Center,Miami Heat,Portland Trail Blazers,
138,3,08/11/2025 20:00,Frost Bank Center,San Antonio Spurs,New Orleans Pelicans,
139,3,08/11/2025 21:00,Ball Arena,Denver Nuggets,Indiana Pacers,
140,3,08/11/2025 22:30,Intuit Dome,LA Clippers,Phoenix Suns,
141,3,09/11/2025 15:30,Fiserv Forum,Milwaukee Bucks,Houston Rockets,
142,3,09/11/2025 18:00,Madison Square Garden,New York Knicks,Brooklyn Nets,
143,3,09/11/2025 18:00,Kia Center,Orlando Magic,Boston Celtics,
144,3,09/11/2025 18:00,FedExForum,Memphis Grizzlies,Oklahoma City Thunder,
145,3,09/11/2025 19:30,Xfinity Mobile Arena,Philadelphia 76ers,Detroit Pistons,
146,3,09/11/2025 20:30,Chase Center,Golden State Warriors,Indiana Pacers,
147,3,09/11/2025 21:00,Golden 1 Center,Sacramento Kings,Minnesota Timberwolves,
148,3,10/11/2025 19:00,Spectrum Center,Charlotte Hornets,Los Angeles Lakers,
149,3,10/11/2025 19:00,Little Caesars Arena,Detroit Pistons,Washington Wizards,
150,3,10/11/2025 19:00,Kia Center,Orlando Magic,Portland Trail Blazers,
151,3,10/11/2025 19:30,Kaseya Center,Miami Heat,Cleveland Cavaliers,
152,3,10/11/2025 20:00,United Center,Chicago Bulls,San Antonio Spurs,
153,3,10/11/2025 20:30,American Airlines Center,Dallas Mavericks,Milwaukee Bucks,
154,3,10/11/2025 21:00,Mortgage Matchup Center,Phoenix Suns,New Orleans Pelicans,
155,3,10/11/2025 21:00,Delta Center,Utah Jazz,Minnesota Timberwolves,
156,3,10/11/2025 22:30,Intuit Dome,LA Clippers,Atlanta Hawks,
157,4,11/11/2025 19:30,Barclays Center,Brooklyn Nets,Toronto Raptors,
158,4,11/11/2025 19:30,Madison Square Garden,New York Knicks,Memphis Grizzlies,
159,4,11/11/2025 20:00,Xfinity Mobile Arena,Philadelphia 76ers,Boston Celtics,
160,4,11/11/2025 20:00,Paycom Center,Oklahoma City Thunder,Golden State Warriors,
161,4,11/11/2025 21:00,Delta Center,Utah Jazz,Indiana Pacers,
162,4,11/11/2025 23:00,Golden 1 Center,Sacramento Kings,Denver Nuggets,
163,4,12/11/2025 19:00,Spectrum Center,Charlotte Hornets,Milwaukee Bucks,
164,4,12/11/2025 19:00,Little Caesars Arena,Detroit Pistons,Chicago Bulls,
165,4,12/11/2025 19:00,Madison Square Garden,New York Knicks,Orlando Magic,
166,4,12/11/2025 19:30,TD Garden,Boston Celtics,Memphis Grizzlies,
167,4,12/11/2025 19:30,Kaseya Center,Miami Heat,Cleveland Cavaliers,
168,4,12/11/2025 20:00,Toyota Center,Houston Rockets,Washington Wizards,
169,4,12/11/2025 20:00,Smoothie King Center,New Orleans Pelicans,Portland Trail Blazers,
170,4,12/11/2025 20:00,Frost Bank Center,San Antonio Spurs,Golden State Warriors,
171,4,12/11/2025 20:30,American Airlines Center,Dallas Mavericks,Phoenix Suns,
172,4,12/11/2025 21:30,Paycom Center,Oklahoma City Thunder,Los Angeles Lakers,
173,4,12/11/2025 22:00,Golden 1 Center,Sacramento Kings,Atlanta Hawks,
174,4,12/11/2025 22:30,Intuit Dome,LA Clippers,Denver Nuggets,
175,4,13/11/2025 19:00,Rocket Arena,Cleveland Cavaliers,Toronto Raptors,
176,4,13/11/2025 21:00,Mortgage Matchup Center,Phoenix Suns,Indiana Pacers,
177,4,13/11/2025 21:00,Delta Center,Utah Jazz,Atlanta Hawks,
178,4,14/11/2025 19:00,Madison Square Garden,New York Knicks,Miami Heat,
179,4,14/11/2025 19:00,Kia Center,Orlando Magic,Brooklyn Nets,
180,4,14/11/2025 19:30,Little Caesars Arena,Detroit Pistons,Philadelphia 76ers,
181,4,14/11/2025 20:00,Toyota Center,Houston Rockets,Portland Trail Blazers,
182,4,14/11/2025 20:00,Fiserv Forum,Milwaukee Bucks,Charlotte Hornets,
183,4,14/11/2025 20:00,Target Center,Minnesota Timberwolves,Sacramento Kings,
184,4,14/11/2025 20:00,Smoothie King Center,New Orleans Pelicans,Los Angeles Lakers,
185,4,14/11/2025 20:30,American Airlines Center,Dallas Mavericks,LA Clippers,
186,4,14/11/2025 21:30,Frost Bank Center,San Antonio Spurs,Golden State Warriors,
187,4,15/11/2025 17:00,Rocket Arena,Cleveland Cavaliers,Memphis Grizzlies,
188,4,15/11/2025 19:00,Spectrum Center,Charlotte Hornets,Oklahoma City Thunder,
189,4,15/11/2025 19:00,Gainbridge Fieldhouse,Indiana Pacers,Toronto Raptors,
190,4,15/11/2025 20:00,Fiserv Forum,Milwaukee Bucks,Los Angeles Lakers,
191,4,15/11/2025 20:00,Target Center,Minnesota Timberwolves,Denver Nuggets,
192,4,16/11/2025 15:30,TD Garden,Boston Celtics,LA Clippers,
193,4,16/11/2025 16:00,Frost Bank Center,San Antonio Spurs,Sacramento Kings,
194,4,16/11/2025 18:00,Capital One Arena,Washington Wizards,Brooklyn Nets,
195,4,16/11/2025 19:00,Toyota Center,Houston Rockets,Orlando Magic,
196,4,16/11/2025 19:00,Smoothie King Center,New Orleans Pelicans,Golden State Warriors,
197,4,16/11/2025 19:30,American Airlines Center,Dallas Mavericks,Portland Trail Blazers,
198,4,16/11/2025 20:00,Mortgage Matchup Center,Phoenix Suns,Atlanta Hawks,
199,4,16/11/2025 20:00,Delta Center,Utah Jazz,Chicago Bulls,
200,4,17/11/2025 19:00,Rocket Arena,Cleveland Cavaliers,Milwaukee Bucks,
201,4,17/11/2025 19:00,Little Caesars Arena,Detroit Pistons,Indiana Pacers,
202,4,17/11/2025 19:00,Xfinity Mobile Arena,Philadelphia 76ers,LA Clippers,
203,4,17/11/2025 19:30,Kaseya Center,Miami Heat,New York Knicks,
204,4,17/11/2025 19:30,Scotiabank Arena,Toronto Raptors,Charlotte Hornets,
205,4,17/11/2025 20:00,Target Center,Minnesota Timberwolves,Dallas Mavericks,
206,4,17/11/2025 20:00,Smoothie King Center,New Orleans Pelicans,Oklahoma City Thunder,
207,4,17/11/2025 21:00,Ball Arena,Denver Nuggets,Chicago Bulls,
208,5,18/11/2025 19:00,Kia Center,Orlando Magic,Golden State Warriors,
209,5,18/11/2025 19:30,Barclays Center,Brooklyn Nets,Boston Celtics,
210,5,18/11/2025 20:00,State Farm Arena,Atlanta Hawks,Detroit Pistons,
211,5,18/11/2025 20:00,Frost Bank Center,San Antonio Spurs,Memphis Grizzlies,
212,5,18/11/2025 22:30,Crypto.com Arena,Los Angeles Lakers,Utah Jazz,
213,5,18/11/2025 23:00,Moda Center,Portland Trail Blazers,Phoenix Suns,
214,5,19/11/2025 19:00,Rocket Arena,Cleveland Cavaliers,Houston Rockets,
215,5,19/11/2025 19:00,Gainbridge Fieldhouse,Indiana Pacers,Charlotte Hornets,
216,5,19/11/2025 19:00,Kaseya Center,Miami Heat,Golden State Warriors,
217,5,19/11/2025 19:00,Xfinity Mobile Arena,Philadelphia 76ers,Toronto Raptors,
218,5,19/11/2025 20:00,Target Center,Minnesota Timberwolves,Washington Wizards,
219,5,19/11/2025 20:00,Smoothie King Center,New Orleans Pelicans,Denver Nuggets,
220,5,19/11/2025 20:00,Paycom Center,Oklahoma City Thunder,Sacramento Kings,
221,5,19/11/2025 21:30,American Airlines Center,Dallas Mavericks,New York Knicks,
222,5,19/11/2025 22:00,Moda Center,Portland Trail Blazers,Chicago Bulls,
223,5,20/11/2025 19:00,Kia Center,Orlando Magic,LA Clippers,
224,5,20/11/2025 20:00,FedExForum,Memphis Grizzlies,Sacramento Kings,
225,5,20/11/2025 20:00,Fiserv Forum,Milwaukee Bucks,Philadelphia 76ers,
226,5,20/11/2025 20:00,Frost Bank Center,San Antonio Spurs,Atlanta Hawks,
227,5,21/11/2025 19:00,Rocket Arena,Cleveland Cavaliers,Indiana Pacers,
228,5,21/11/2025 19:30,TD Garden,Boston Celtics,Brooklyn Nets,
229,5,21/11/2025 19:30,Scotiabank Arena,Toronto Raptors,Washington Wizards,
230,5,21/11/2025 20:00,United Center,Chicago Bulls,Miami Heat,
231,5,21/11/2025 20:30,American Airlines Center,Dallas Mavericks,New Orleans Pelicans,
232,5,21/11/2025 21:00,Mortgage Matchup Center,Phoenix Suns,Minnesota Timberwolves,
233,5,21/11/2025 21:30,Toyota Center,Houston Rockets,Denver Nuggets,
234,5,21/11/2025 22:00,Delta Center,Utah Jazz,Oklahoma City Thunder,
235,5,21/11/2025 22:00,Chase Center,Golden State Warriors,Portland Trail Blazers,
236,5,22/11/2025 13:00,Spectrum Center,Charlotte Hornets,LA Clippers,
237,5,22/11/2025 17:00,Kia Center,Orlando Magic,New York Knicks,
238,5,22/11/2025 19:00,Smoothie King Center,New Orleans Pelicans,Atlanta Hawks,
239,5,22/11/2025 20:00,United Center,Chicago Bulls,Washington Wizards,
240,5,22/11/2025 20:00,Fiserv Forum,Milwaukee Bucks,Detroit Pistons,
241,5,22/11/2025 20:30,American Airlines Center,Dallas Mavericks,Memphis Grizzlies,
242,5,22/11/2025 22:00,Ball Arena,Denver Nuggets,Sacramento Kings,
243,5,23/11/2025 13:00,Xfinity Mobile Arena,Philadelphia 76ers,Miami Heat,
244,5,23/11/2025 18:00,State Farm Arena,Atlanta Hawks,Charlotte Hornets,
245,5,23/11/2025 18:00,TD Garden,Boston Celtics,Orlando Magic,
246,5,23/11/2025 18:00,Rocket Arena,Cleveland Cavaliers,LA Clippers,
247,5,23/11/2025 18:00,Scotiabank Arena,Toronto Raptors,Brooklyn Nets,
248,5,23/11/2025 19:00,Paycom Center,Oklahoma City Thunder,Portland Trail Blazers,
249,5,23/11/2025 20:00,Mortgage Matchup Center,Phoenix Suns,San Antonio Spurs,
250,5,23/11/2025 20:00,Delta Center,Utah Jazz,Los Angeles Lakers,
251,5,24/11/2025 19:00,Gainbridge Fieldhouse,Indiana Pacers,Detroit Pistons,
252,5,24/11/2025 19:00,Scotiabank Arena,Toronto Raptors,Cleveland Cavaliers,
253,5,24/11/2025 19:30,Barclays Center,Brooklyn Nets,New York Knicks,
254,5,24/11/2025 19:30,Kaseya Center,Miami Heat,Dallas Mavericks,
255,5,24/11/2025 20:00,FedExForum,Memphis Grizzlies,Denver Nuggets,
256,5,24/11/2025 20:00,Fiserv Forum,Milwaukee Bucks,Portland Trail Blazers,
257,5,24/11/2025 20:00,Smoothie King Center,New Orleans Pelicans,Chicago Bulls,
258,5,24/11/2025 21:30,Mortgage Matchup Center,Phoenix Suns,Houston Rockets,
259,5,24/11/2025 22:00,Chase Center,Golden State Warriors,Utah Jazz,
260,5,24/11/2025 22:00,Golden 1 Center,Sacramento Kings,Minnesota Timberwolves,
261,6,25/11/2025 19:00,Capital One Arena,Washington Wizards,Atlanta Hawks,
262,6,25/11/2025 20:00,Xfinity Mobile Arena,Philadelphia 76ers,Orlando Magic,
263,6,25/11/2025 23:00,Crypto.com Arena,Los Angeles Lakers,LA Clippers,
264,6,26/11/2025 17:00,TD Garden,Boston Celtics,Detroit Pistons,
265,6,26/11/2025 19:00,Spectrum Center,Charlotte Hornets,New York Knicks,
266,6,26/11/2025 19:30,Kaseya Center,Miami Heat,Milwaukee Bucks,
267,6,26/11/2025 19:30,Scotiabank Arena,Toronto Raptors,Indiana Pacers,
268,6,26/11/2025 19:30,Paycom Center,Oklahoma City Thunder,Minnesota Timberwolves,
269,6,26/11/2025 20:00,Smoothie King Center,New Orleans Pelicans,Memphis Grizzlies,
270,6,26/11/2025 22:00,Chase Center,Golden State Warriors,Houston Rockets,
271,6,26/11/2025 22:00,Moda Center,Portland Trail Blazers,San Antonio Spurs,
272,6,26/11/2025 22:00,Golden 1 Center,Sacramento Kings,Phoenix Suns,
273,6,28/11/2025 19:30,State Farm Arena,Atlanta Hawks,Cleveland Cavaliers,
274,6,28/11/2025 19:30,Barclays Center,Brooklyn Nets,Philadelphia 76ers,
275,6,28/11/2025 19:30,Spectrum Center,Charlotte Hornets,Chicago Bulls,
276,6,28/11/2025 19:30,Little Caesars Arena,Detroit Pistons,Orlando Magic,
277,6,28/11/2025 19:30,Gainbridge Fieldhouse,Indiana Pacers,Washington Wizards,
278,6,28/11/2025 19:30,Madison Square Garden,New York Knicks,Milwaukee Bucks,
279,6,28/11/2025 21:30,Paycom Center,Oklahoma City Thunder,Phoenix Suns,
280,6,28/11/2025 21:30,Ball Arena,Denver Nuggets,San Antonio Spurs,
281,6,28/11/2025 21:30,Delta Center,Utah Jazz,Sacramento Kings,
282,6,28/11/2025 22:00,Crypto.com Arena,Los Angeles Lakers,Dallas Mavericks,
283,6,28/11/2025 22:00,Intuit Dome,LA Clippers,Memphis Grizzlies,
284,6,29/11/2025 17:00,Target Center,Minnesota Timberwolves,Boston Celtics,
285,6,29/11/2025 18:00,Spectrum Center,Charlotte Hornets,Toronto Raptors,
286,6,29/11/2025 19:30,Gainbridge Fieldhouse,Indiana Pacers,Chicago Bulls,
287,6,29/11/2025 20:00,Kaseya Center,Miami Heat,Detroit Pistons,
288,6,29/11/2025 20:00,Fiserv Forum,Milwaukee Bucks,Brooklyn Nets,
289,6,29/11/2025 20:30,Chase Center,Golden State Warriors,New Orleans Pelicans,
290,6,29/11/2025 21:00,Mortgage Matchup Center,Phoenix Suns,Denver Nuggets,
291,6,29/11/2025 22:00,Intuit Dome,LA Clippers,Dallas Mavericks,
292,6,30/11/2025 15:00,Delta Center,Utah Jazz,Houston Rockets,
293,6,30/11/2025 18:00,Rocket Arena,Cleveland Cavaliers,Boston Celtics,
294,6,30/11/2025 18:00,Madison Square Garden,New York Knicks,Toronto Raptors,
295,6,30/11/2025 18:00,Xfinity Mobile Arena,Philadelphia 76ers,Atlanta Hawks,
296,6,30/11/2025 18:00,Moda Center,Portland Trail Blazers,Oklahoma City Thunder,
297,6,30/11/2025 19:00,Target Center,Minnesota Timberwolves,San Antonio Spurs,
298,6,30/11/2025 21:00,Golden 1 Center,Sacramento Kings,Memphis Grizzlies,
299,6,30/11/2025 21:30,Crypto.com Arena,Los Angeles Lakers,New Orleans Pelicans,
300,6,01/12/2025 19:00,Little Caesars Arena,Detroit Pistons,Atlanta Hawks,
301,6,01/12/2025 19:00,Gainbridge Fieldhouse,Indiana Pacers,Cleveland Cavaliers,
302,6,01/12/2025 19:00,Capital One Arena,Washington Wizards,Milwaukee Bucks,
303,6,01/12/2025 19:30,Barclays Center,Brooklyn Nets,Charlotte Hornets,
304,6,01/12/2025 19:30,Kaseya Center,Miami Heat,LA Clippers,
305,6,01/12/2025 19:30,Kia Center,Orlando Magic,Chicago Bulls,
306,6,01/12/2025 21:00,Ball Arena,Denver Nuggets,Dallas Mavericks,
307,6,01/12/2025 21:00,Delta Center,Utah Jazz,Houston Rockets,
308,6,01/12/2025 22:00,Crypto.com Arena,Los Angeles Lakers,Phoenix Suns,
309,7,02/12/2025 19:00,Xfinity Mobile Arena,Philadelphia 76ers,Washington Wizards,
310,7,02/12/2025 19:30,Scotiabank Arena,Toronto Raptors,Portland Trail Blazers,
311,7,02/12/2025 20:00,TD Garden,Boston Celtics,New York Knicks,
312,7,02/12/2025 20:00,Smoothie King Center,New Orleans Pelicans,Minnesota Timberwolves,
313,7,02/12/2025 20:00,Frost Bank Center,San Antonio Spurs,Memphis Grizzlies,
314,7,02/12/2025 23:00,Chase Center,Golden State Warriors,Oklahoma City Thunder,
315,7,03/12/2025 19:00,Rocket Arena,Cleveland Cavaliers,Portland Trail Blazers,
316,7,03/12/2025 19:00,Gainbridge Fieldhouse,Indiana Pacers,Denver Nuggets,
317,7,03/12/2025 19:00,Kia Center,Orlando Magic,San Antonio Spurs,
318,7,03/12/2025 19:30,State Farm Arena,Atlanta Hawks,LA Clippers,
319,7,03/12/2025 19:30,Madison Square Garden,New York Knicks,Charlotte Hornets,
320,7,03/12/2025 20:00,United Center,Chicago Bulls,Brooklyn Nets,
321,7,03/12/2025 20:00,Toyota Center,Houston Rockets,Sacramento Kings,
322,7,03/12/2025 20:00,Fiserv Forum,Milwaukee Bucks,Detroit Pistons,
323,7,03/12/2025 20:30,American Airlines Center,Dallas Mavericks,Miami Heat,
324,7,04/12/2025 19:00,Xfinity Mobile Arena,Philadelphia 76ers,Golden State Warriors,
325,7,04/12/2025 19:00,Capital One Arena,Washington Wizards,Boston Celtics,
326,7,04/12/2025 19:30,Barclays Center,Brooklyn Nets,Utah Jazz,
327,7,04/12/2025 19:30,Scotiabank Arena,Toronto Raptors,Los Angeles Lakers,
328,7,04/12/2025 20:00,Smoothie King Center,New Orleans Pelicans,Minnesota Timberwolves,
329,7,05/12/2025 19:00,TD Garden,Boston Celtics,Los Angeles Lakers,
330,7,05/12/2025 19:00,Kia Center,Orlando Magic,Miami Heat,
331,7,05/12/2025 19:30,State Farm Arena,Atlanta Hawks,Denver Nuggets,
332,7,05/12/2025 19:30,Rocket Arena,Cleveland Cavaliers,San Antonio Spurs,
333,7,05/12/2025 19:30,Little Caesars Arena,Detroit Pistons,Portland Trail Blazers,
334,7,05/12/2025 19:30,Madison Square Garden,New York Knicks,Utah Jazz,
335,7,05/12/2025 19:30,Scotiabank Arena,Toronto Raptors,Charlotte Hornets,
336,7,05/12/2025 20:00,United Center,Chicago Bulls,Indiana Pacers,
337,7,05/12/2025 20:00,Toyota Center,Houston Rockets,Phoenix Suns,
338,7,05/12/2025 20:00,FedExForum,Memphis Grizzlies,LA Clippers,
339,7,05/12/2025 20:00,Fiserv Forum,Milwaukee Bucks,Philadelphia 76ers,
340,7,05/12/2025 21:30,Paycom Center,Oklahoma City Thunder,Dallas Mavericks,
341,7,06/12/2025 17:00,Barclays Center,Brooklyn Nets,New Orleans Pelicans,
342,7,06/12/2025 19:00,Capital One Arena,Washington Wizards,Atlanta Hawks,
343,7,06/12/2025 19:30,Rocket Arena,Cleveland Cavaliers,Golden State Warriors,
344,7,06/12/2025 19:30,Little Caesars Arena,Detroit Pistons,Milwaukee Bucks,
345,7,06/12/2025 20:00,Kaseya Center,Miami Heat,Sacramento Kings,
346,7,06/12/2025 20:00,Target Center,Minnesota Timberwolves,LA Clippers,
347,7,06/12/2025 20:30,American Airlines Center,Dallas Mavericks,Houston Rockets,
348,7,07/12/2025 12:00,Madison Square Garden,New York Knicks,Orlando Magic,
349,7,07/12/2025 15:30,Scotiabank Arena,Toronto Raptors,Boston Celtics,
350,7,07/12/2025 18:00,Spectrum Center,Charlotte Hornets,Denver Nuggets,
351,7,07/12/2025 18:00,FedExForum,Memphis Grizzlies,Portland Trail Blazers,
352,7,07/12/2025 19:00,United Center,Chicago Bulls,Golden State Warriors,
353,7,07/12/2025 19:30,Xfinity Mobile Arena,Philadelphia 76ers,Los Angeles Lakers,
354,7,07/12/2025 20:00,Delta Center,Utah Jazz,Oklahoma City Thunder,
355,7,08/12/2025 19:00,Gainbridge Fieldhouse,Indiana Pacers,Sacramento Kings,
356,7,08/12/2025 20:00,Target Center,Minnesota Timberwolves,Phoenix Suns,
357,7,08/12/2025 21:30,Smoothie King Center,New Orleans Pelicans,San Antonio Spurs,
358,8,17/12/2025 20:00,United Center,Chicago Bulls,Cleveland Cavaliers,
359,8,17/12/2025 20:00,Target Center,Minnesota Timberwolves,Memphis Grizzlies,
360,8,17/12/2025 20:00,Paycom Center,Oklahoma City Thunder,LA Clippers,
361,8,17/12/2025 20:00,Frost Bank Center,San Antonio Spurs,Washington Wizards,
362,8,18/12/2025 19:00,Spectrum Center,Charlotte Hornets,Atlanta Hawks,
363,8,18/12/2025 19:00,Gainbridge Fieldhouse,Indiana Pacers,New York Knicks,
364,8,18/12/2025 19:30,Barclays Center,Brooklyn Nets,Miami Heat,
365,8,18/12/2025 20:00,Fiserv Forum,Milwaukee Bucks,Toronto Raptors,
366,8,18/12/2025 20:00,Smoothie King Center,New Orleans Pelicans,Houston Rockets,
367,8,18/12/2025 20:30,American Airlines Center,Dallas Mavericks,Detroit Pistons,
368,8,18/12/2025 21:00,Ball Arena,Denver Nuggets,Orlando Magic,
369,8,18/12/2025 21:00,Mortgage Matchup Center,Phoenix Suns,Golden State Warriors,
370,8,18/12/2025 21:00,Delta Center,Utah Jazz,Los Angeles Lakers,
371,8,18/12/2025 22:00,Moda Center,Portland Trail Blazers,Sacramento Kings,
372,8,19/12/2025 19:00,TD Garden,Boston Celtics,Miami Heat,
373,8,19/12/2025 19:00,Madison Square Garden,New York Knicks,Philadelphia 76ers,
374,8,19/12/2025 19:30,State Farm Arena,Atlanta Hawks,San Antonio Spurs,
375,8,19/12/2025 19:30,Rocket Arena,Cleveland Cavaliers,Chicago Bulls,
376,8,19/12/2025 21:30,Target Center,Minnesota Timberwolves,Oklahoma City Thunder,
377,8,20/12/2025 17:00,Ball Arena,Denver Nuggets,Houston Rockets,
378,8,20/12/2025 19:00,Xfinity Mobile Arena,Philadelphia 76ers,Dallas Mavericks,
379,8,20/12/2025 19:00,Scotiabank Arena,Toronto Raptors,Boston Celtics,
380,8,20/12/2025 19:00,Smoothie King Center,New Orleans Pelicans,Indiana Pacers,
381,8,20/12/2025 19:30,Little Caesars Arena,Detroit Pistons,Charlotte Hornets,
382,8,20/12/2025 20:00,FedExForum,Memphis Grizzlies,Washington Wizards,
383,8,20/12/2025 20:30,Chase Center,Golden State Warriors,Phoenix Suns,
384,8,20/12/2025 21:30,Delta Center,Utah Jazz,Orlando Magic,
385,8,20/12/2025 22:00,Golden 1 Center,Sacramento Kings,Portland Trail Blazers,
386,8,20/12/2025 22:30,Intuit Dome,LA Clippers,Los Angeles Lakers,
387,8,21/12/2025 15:30,State Farm Arena,Atlanta Hawks,Chicago Bulls,
388,8,21/12/2025 18:00,Barclays Center,Brooklyn Nets,Toronto Raptors,
389,8,21/12/2025 18:00,Madison Square Garden,New York Knicks,Miami Heat,
390,8,21/12/2025 19:00,Capital One Arena,Washington Wizards,San Antonio Spurs,
391,8,21/12/2025 19:00,Target Center,Minnesota Timberwolves,Milwaukee Bucks,
392,8,21/12/2025 22:00,Golden 1 Center,Sacramento Kings,Houston Rockets,
393,8,22/12/2025 19:00,Rocket Arena,Cleveland Cavaliers,Charlotte Hornets,
394,8,22/12/2025 19:30,TD Garden,Boston Celtics,Indiana Pacers,
395,8,22/12/2025 20:00,Smoothie King Center,New Orleans Pelicans,Dallas Mavericks,
396,8,22/12/2025 21:00,Ball Arena,Denver Nuggets,Utah Jazz,
397,8,22/12/2025 21:30,Paycom Center,Oklahoma City Thunder,Memphis Grizzlies,
398,8,22/12/2025 22:00,Chase Center,Golden State Warriors,Orlando Magic,
399,8,22/12/2025 22:00,Moda Center,Portland Trail Blazers,Detroit Pistons,
400,8,23/12/2025 19:00,Spectrum Center,Charlotte Hornets,Washington Wizards,
401,8,23/12/2025 19:00,Xfinity Mobile Arena,Philadelphia 76ers,Brooklyn Nets,
402,8,23/12/2025 19:30,State Farm Arena,Atlanta Hawks,Chicago Bulls,
403,8,23/12/2025 19:30,Rocket Arena,Cleveland Cavaliers,New Orleans Pelicans,
404,8,23/12/2025 19:30,Gainbridge Fieldhouse,Indiana Pacers,Milwaukee Bucks,
405,8,23/12/2025 19:30,Kaseya Center,Miami Heat,Toronto Raptors,
406,8,23/12/2025 20:00,American Airlines Center,Dallas Mavericks,Denver Nuggets,
407,8,23/12/2025 20:00,Target Center,Minnesota Timberwolves,New York Knicks,
408,8,23/12/2025 20:30,Frost Bank Center,San Antonio Spurs,Oklahoma City Thunder,
409,8,23/12/2025 21:00,Mortgage Matchup Center,Phoenix Suns,Los Angeles Lakers,
410,8,23/12/2025 21:00,Delta Center,Utah Jazz,Memphis Grizzlies,
411,8,23/12/2025 22:00,Moda Center,Portland Trail Blazers,Orlando Magic,
412,8,23/12/2025 22:00,Golden 1 Center,Sacramento Kings,Detroit Pistons,
413,8,23/12/2025 23:00,Intuit Dome,LA Clippers,Houston Rockets,
414,9,25/12/2025 12:00,Madison Square Garden,New York Knicks,Cleveland Cavaliers,
415,9,25/12/2025 14:30,Paycom Center,Oklahoma City Thunder,San Antonio Spurs,
416,9,25/12/2025 17:00,Chase Center,Golden State Warriors,Dallas Mavericks,
417,9,25/12/2025 20:00,Crypto.com Arena,Los Angeles Lakers,Houston Rockets,
418,9,25/12/2025 22:30,Ball Arena,Denver Nuggets,Minnesota Timberwolves,
419,9,26/12/2025 19:00,State Farm Arena,Atlanta Hawks,Miami Heat,
420,9,26/12/2025 19:00,Kia Center,Orlando Magic,Charlotte Hornets,
421,9,26/12/2025 19:00,Capital One Arena,Washington Wizards,Toronto Raptors,
422,9,26/12/2025 19:30,Gainbridge Fieldhouse,Indiana Pacers,Boston Celtics,
423,9,26/12/2025 20:00,United Center,Chicago Bulls,Philadelphia 76ers,
424,9,26/12/2025 20:00,FedExForum,Memphis Grizzlies,Milwaukee Bucks,
425,9,26/12/2025 20:00,Smoothie King Center,New Orleans Pelicans,Phoenix Suns,
426,9,26/12/2025 21:30,Delta Center,Utah Jazz,Detroit Pistons,
427,9,26/12/2025 22:00,Moda Center,Portland Trail Blazers,LA Clippers,
428,9,27/12/2025 17:00,Golden 1 Center,Sacramento Kings,Dallas Mavericks,
429,9,27/12/2025 19:00,Kia Center,Orlando Magic,Denver Nuggets,
430,9,27/12/2025 19:00,Smoothie King Center,New Orleans Pelicans,Phoenix Suns,
431,9,27/12/2025 20:00,State Farm Arena,Atlanta Hawks,New York Knicks,
432,9,27/12/2025 20:00,Kaseya Center,Miami Heat,Indiana Pacers,
433,9,27/12/2025 20:00,United Center,Chicago Bulls,Milwaukee Bucks,
434,9,27/12/2025 20:00,Toyota Center,Houston Rockets,Cleveland Cavaliers,
435,9,27/12/2025 20:00,Target Center,Minnesota Timberwolves,Brooklyn Nets,
436,9,27/12/2025 20:00,Frost Bank Center,San Antonio Spurs,Utah Jazz,
437,9,28/12/2025 15:30,Scotiabank Arena,Toronto Raptors,Golden State Warriors,
438,9,28/12/2025 15:30,Paycom Center,Oklahoma City Thunder,Philadelphia 76ers,
439,9,28/12/2025 18:00,Capital One Arena,Washington Wizards,Memphis Grizzlies,
440,9,28/12/2025 18:00,Moda Center,Portland Trail Blazers,Boston Celtics,
441,9,28/12/2025 21:00,Intuit Dome,LA Clippers,Detroit Pistons,
442,9,28/12/2025 21:30,Crypto.com Arena,Los Angeles Lakers,Sacramento Kings,
443,9,29/12/2025 19:00,Spectrum Center,Charlotte Hornets,Milwaukee Bucks,
444,9,29/12/2025 19:00,Capital One Arena,Washington Wizards,Phoenix Suns,
445,9,29/12/2025 19:30,Barclays Center,Brooklyn Nets,Golden State Warriors,
446,9,29/12/2025 19:30,Kaseya Center,Miami Heat,Denver Nuggets,
447,9,29/12/2025 19:30,Scotiabank Arena,Toronto Raptors,Orlando Magic,
448,9,29/12/2025 20:00,United Center,Chicago Bulls,Minnesota Timberwolves,
449,9,29/12/2025 20:00,Toyota Center,Houston Rockets,Indiana Pacers,
450,9,29/12/2025 20:00,Smoothie King Center,New Orleans Pelicans,New York Knicks,
451,9,29/12/2025 20:00,Paycom Center,Oklahoma City Thunder,Atlanta Hawks,
452,9,29/12/2025 20:00,Frost Bank Center,San Antonio Spurs,Cleveland Cavaliers,
453,9,29/12/2025 23:00,Moda Center,Portland Trail Blazers,Dallas Mavericks,
454,9,30/12/2025 20:00,FedExForum,Memphis Grizzlies,Philadelphia 76ers,
455,9,30/12/2025 21:00,Delta Center,Utah Jazz,Boston Celtics,
456,9,30/12/2025 22:30,Crypto.com Arena,Los Angeles Lakers,Detroit Pistons,
457,9,30/12/2025 23:00,Intuit Dome,LA Clippers,Sacramento Kings,
458,9,31/12/2025 13:00,Spectrum Center,Charlotte Hornets,Golden State Warriors,
459,9,31/12/2025 15:00,State Farm Arena,Atlanta Hawks,Minnesota Timberwolves,
460,9,31/12/2025 15:00,Gainbridge Fieldhouse,Indiana Pacers,Orlando Magic,
461,9,31/12/2025 15:30,Rocket Arena,Cleveland Cavaliers,Phoenix Suns,
462,9,31/12/2025 19:00,United Center,Chicago Bulls,New Orleans Pelicans,
463,9,31/12/2025 19:00,Frost Bank Center,San Antonio Spurs,New York Knicks,
464,9,31/12/2025 19:30,Scotiabank Arena,Toronto Raptors,Denver Nuggets,
465,9,31/12/2025 20:00,Fiserv Forum,Milwaukee Bucks,Washington Wizards,
466,9,31/12/2025 20:00,Paycom Center,Oklahoma City Thunder,Portland Trail Blazers,
467,10,01/01/2026 18:00,Barclays Center,Brooklyn Nets,Houston Rockets,
468,10,01/01/2026 19:00,Little Caesars Arena,Detroit Pistons,Miami Heat,
469,10,01/01/2026 20:30,American Airlines Center,Dallas Mavericks,Philadelphia 76ers,
470,10,01/01/2026 22:00,Golden 1 Center,Sacramento Kings,Boston Celtics,
471,10,01/01/2026 22:30,Intuit Dome,LA Clippers,Utah Jazz,
472,10,02/01/2026 19:00,Gainbridge Fieldhouse,Indiana Pacers,San Antonio Spurs,
473,10,02/01/2026 19:00,Capital One Arena,Washington Wizards,Brooklyn Nets,
474,10,02/01/2026 19:30,Rocket Arena,Cleveland Cavaliers,Denver Nuggets,
475,10,02/01/2026 19:30,Madison Square Garden,New York Knicks,Atlanta Hawks,
476,10,02/01/2026 20:00,United Center,Chicago Bulls,Orlando Magic,
477,10,02/01/2026 20:00,Fiserv Forum,Milwaukee Bucks,Charlotte Hornets,
478,10,02/01/2026 20:00,Smoothie King Center,New Orleans Pelicans,Portland Trail Blazers,
479,10,02/01/2026 21:00,Mortgage Matchup Center,Phoenix Suns,Sacramento Kings,
480,10,02/01/2026 22:00,Chase Center,Golden State Warriors,Oklahoma City Thunder,
481,10,02/01/2026 22:30,Crypto.com Arena,Los Angeles Lakers,Memphis Grizzlies,
482,10,03/01/2026 17:00,Kaseya Center,Miami Heat,Minnesota Timberwolves,
483,10,03/01/2026 19:30,Madison Square Garden,New York Knicks,Philadelphia 76ers,
484,10,03/01/2026 19:30,Scotiabank Arena,Toronto Raptors,Atlanta Hawks,
485,10,03/01/2026 20:00,United Center,Chicago Bulls,Charlotte Hornets,
486,10,03/01/2026 20:00,Frost Bank Center,San Antonio Spurs,Portland Trail Blazers,
487,10,03/01/2026 20:30,American Airlines Center,Dallas Mavericks,Houston Rockets,
488,10,03/01/2026 22:00,Chase Center,Golden State Warriors,Utah Jazz,
489,10,03/01/2026 22:30,Intuit Dome,LA Clippers,Boston Celtics,
490,10,04/01/2026 14:00,Rocket Arena,Cleveland Cavaliers,Detroit Pistons,
491,10,04/01/2026 15:00,Kia Center,Orlando Magic,Indiana Pacers,
492,10,04/01/2026 15:30,Barclays Center,Brooklyn Nets,Denver Nuggets,
493,10,04/01/2026 18:00,Kaseya Center,Miami Heat,New Orleans Pelicans,
494,10,04/01/2026 18:00,Capital One Arena,Washington Wizards,Minnesota Timberwolves,
495,10,04/01/2026 20:00,Mortgage Matchup Center,Phoenix Suns,Oklahoma City Thunder,
496,10,04/01/2026 21:00,Golden 1 Center,Sacramento Kings,Milwaukee Bucks,
497,10,04/01/2026 21:30,Crypto.com Arena,Los Angeles Lakers,Memphis Grizzlies,
498,10,05/01/2026 19:00,Little Caesars Arena,Detroit Pistons,New York Knicks,
499,10,05/01/2026 19:30,TD Garden,Boston Celtics,Chicago Bulls,
500,10,05/01/2026 19:30,Scotiabank Arena,Toronto Raptors,Atlanta Hawks,
501,10,05/01/2026 20:00,Toyota Center,Houston Rockets,Phoenix Suns,
502,10,05/01/2026 20:00,Paycom Center,Oklahoma City Thunder,Charlotte Hornets,
503,10,05/01/2026 20:30,Xfinity Mobile Arena,Philadelphia 76ers,Denver Nuggets,
504,10,05/01/2026 22:00,Intuit Dome,LA Clippers,Golden State Warriors,
505,10,05/01/2026 22:00,Moda Center,Portland Trail Blazers,Utah Jazz,
506,10,06/01/2026 19:00,Gainbridge Fieldhouse,Indiana Pacers,Cleveland Cavaliers,
507,10,06/01/2026 19:00,Capital One Arena,Washington Wizards,Orlando Magic,
508,10,06/01/2026 20:00,FedExForum,Memphis Grizzlies,San Antonio Spurs,
509,10,06/01/2026 20:00,Target Center,Minnesota Timberwolves,Miami Heat,
510,10,06/01/2026 20:00,Smoothie King Center,New Orleans Pelicans,Los Angeles Lakers,
511,10,06/01/2026 23:00,Golden 1 Center,Sacramento Kings,Dallas Mavericks,
512,10,07/01/2026 19:00,Spectrum Center,Charlotte Hornets,Toronto Raptors,
513,10,07/01/2026 19:00,Little Caesars Arena,Detroit Pistons,Chicago Bulls,
514,10,07/01/2026 19:00,Xfinity Mobile Arena,Philadelphia 76ers,Washington Wizards,
515,10,07/01/2026 19:30,State Farm Arena,Atlanta Hawks,New Orleans Pelicans,
516,10,07/01/2026 19:30,TD Garden,Boston Celtics,Denver Nuggets,
517,10,07/01/2026 19:30,Barclays Center,Brooklyn Nets,Orlando Magic,
518,10,07/01/2026 19:30,Madison Square Garden,New York Knicks,LA Clippers,
519,10,07/01/2026 19:30,Frost Bank Center,San Antonio Spurs,Los Angeles Lakers,
520,10,07/01/2026 20:00,FedExForum,Memphis Grizzlies,Phoenix Suns,
521,10,07/01/2026 20:00,Paycom Center,Oklahoma City Thunder,Utah Jazz,
522,10,07/01/2026 22:00,Chase Center,Golden State Warriors,Milwaukee Bucks,
523,10,07/01/2026 22:00,Moda Center,Portland Trail Blazers,Houston Rockets,
524,11,08/01/2026 19:00,Spectrum Center,Charlotte Hornets,Indiana Pacers,
525,11,08/01/2026 20:00,United Center,Chicago Bulls,Miami Heat,
526,11,08/01/2026 20:00,Target Center,Minnesota Timberwolves,Cleveland Cavaliers,
527,11,08/01/2026 21:00,Delta Center,Utah Jazz,Dallas Mavericks,
528,11,09/01/2026 19:00,TD Garden,Boston Celtics,Toronto Raptors,
529,11,09/01/2026 19:00,Kia Center,Orlando Magic,Philadelphia 76ers,
530,11,09/01/2026 19:00,Capital One Arena,Washington Wizards,New Orleans Pelicans,
531,11,09/01/2026 19:30,Barclays Center,Brooklyn Nets,LA Clippers,
532,11,09/01/2026 20:00,FedExForum,Memphis Grizzlies,Oklahoma City Thunder,
533,11,09/01/2026 21:00,Ball Arena,Denver Nuggets,Atlanta Hawks,
534,11,09/01/2026 21:00,Mortgage Matchup Center,Phoenix Suns,New York Knicks,
535,11,09/01/2026 22:00,Chase Center,Golden State Warriors,Sacramento Kings,
536,11,09/01/2026 22:00,Moda Center,Portland Trail Blazers,Houston Rockets,
537,11,09/01/2026 22:30,Crypto.com Arena,Los Angeles Lakers,Milwaukee Bucks,
538,11,10/01/2026 13:00,Rocket Arena,Cleveland Cavaliers,Minnesota Timberwolves,
539,11,10/01/2026 19:00,Gainbridge Fieldhouse,Indiana Pacers,Miami Heat,
540,11,10/01/2026 19:30,Little Caesars Arena,Detroit Pistons,LA Clippers,
541,11,10/01/2026 20:00,TD Garden,Boston Celtics,San Antonio Spurs,
542,11,10/01/2026 20:00,United Center,Chicago Bulls,Dallas Mavericks,
543,11,10/01/2026 21:30,Delta Center,Utah Jazz,Charlotte Hornets,
544,11,11/01/2026 15:00,Kia Center,Orlando Magic,New Orleans Pelicans,
545,11,11/01/2026 15:30,FedExForum,Memphis Grizzlies,Brooklyn Nets,
546,11,11/01/2026 18:00,Scotiabank Arena,Toronto Raptors,Philadelphia 76ers,
547,11,11/01/2026 18:00,Moda Center,Portland Trail Blazers,New York Knicks,
548,11,11/01/2026 19:00,Target Center,Minnesota Timberwolves,San Antonio Spurs,
549,11,11/01/2026 19:00,Paycom Center,Oklahoma City Thunder,Miami Heat,
550,11,11/01/2026 20:00,Ball Arena,Denver Nuggets,Milwaukee Bucks,
551,11,11/01/2026 20:00,Mortgage Matchup Center,Phoenix Suns,Washington Wizards,
552,11,11/01/2026 20:30,Chase Center,Golden State Warriors,Atlanta Hawks,
553,11,11/01/2026 21:00,Golden 1 Center,Sacramento Kings,Houston Rockets,
554,11,12/01/2026 19:00,Rocket Arena,Cleveland Cavaliers,Utah Jazz,
555,11,12/01/2026 19:30,Gainbridge Fieldhouse,Indiana Pacers,Boston Celtics,
556,11,12/01/2026 19:30,Scotiabank Arena,Toronto Raptors,Philadelphia 76ers,
557,11,12/01/2026 20:30,American Airlines Center,Dallas Mavericks,Brooklyn Nets,
558,11,12/01/2026 22:00,Golden 1 Center,Sacramento Kings,Los Angeles Lakers,
559,11,12/01/2026 22:30,Intuit Dome,LA Clippers,Charlotte Hornets,
560,11,13/01/2026 19:30,Kaseya Center,Miami Heat,Phoenix Suns,
561,11,13/01/2026 20:00,Toyota Center,Houston Rockets,Chicago Bulls,
562,11,13/01/2026 20:00,Fiserv Forum,Milwaukee Bucks,Minnesota Timberwolves,
563,11,13/01/2026 20:00,Smoothie King Center,New Orleans Pelicans,Denver Nuggets,
564,11,13/01/2026 20:00,Paycom Center,Oklahoma City Thunder,San Antonio Spurs,
565,11,13/01/2026 22:30,Crypto.com Arena,Los Angeles Lakers,Atlanta Hawks,
566,11,13/01/2026 23:00,Chase Center,Golden State Warriors,Portland Trail Blazers,
567,11,14/01/2026 19:00,Gainbridge Fieldhouse,Indiana Pacers,Toronto Raptors,
568,11,14/01/2026 19:00,Xfinity Mobile Arena,Philadelphia 76ers,Cleveland Cavaliers,
569,11,14/01/2026 20:00,United Center,Chicago Bulls,Utah Jazz,
570,11,14/01/2026 20:00,Smoothie King Center,New Orleans Pelicans,Brooklyn Nets,
571,11,14/01/2026 21:30,American Airlines Center,Dallas Mavericks,Denver Nuggets,
572,11,14/01/2026 22:00,Golden 1 Center,Sacramento Kings,New York Knicks,
573,11,14/01/2026 22:30,Intuit Dome,LA Clippers,Washington Wizards,
574,12,15/01/2026 14:00,Uber Arena,Orlando Magic,Memphis Grizzlies,
575,12,15/01/2026 19:00,Little Caesars Arena,Detroit Pistons,Phoenix Suns,
576,12,15/01/2026 19:30,Kaseya Center,Miami Heat,Boston Celtics,
577,12,15/01/2026 19:30,Toyota Center,Houston Rockets,Oklahoma City Thunder,
578,12,15/01/2026 20:00,Frost Bank Center,San Antonio Spurs,Milwaukee Bucks,
579,12,15/01/2026 20:30,American Airlines Center,Dallas Mavericks,Utah Jazz,
580,12,15/01/2026 22:00,Chase Center,Golden State Warriors,New York Knicks,
581,12,15/01/2026 22:00,Moda Center,Portland Trail Blazers,Atlanta Hawks,
582,12,15/01/2026 22:30,Crypto.com Arena,Los Angeles Lakers,Charlotte Hornets,
583,12,16/01/2026 19:00,Barclays Center,Brooklyn Nets,Chicago Bulls,
584,12,16/01/2026 19:00,Gainbridge Fieldhouse,Indiana Pacers,New Orleans Pelicans,
585,12,16/01/2026 19:00,Xfinity Mobile Arena,Philadelphia 76ers,Cleveland Cavaliers,
586,12,16/01/2026 19:30,Scotiabank Arena,Toronto Raptors,LA Clippers,
587,12,16/01/2026 21:30,Toyota Center,Houston Rockets,Minnesota Timberwolves,
588,12,16/01/2026 22:00,Golden 1 Center,Sacramento Kings,Washington Wizards,
589,12,17/01/2026 17:00,American Airlines Center,Dallas Mavericks,Utah Jazz,
590,12,17/01/2026 19:30,State Farm Arena,Atlanta Hawks,Boston Celtics,
591,12,17/01/2026 19:30,Little Caesars Arena,Detroit Pistons,Indiana Pacers,
592,12,17/01/2026 19:30,Madison Square Garden,New York Knicks,Phoenix Suns,
593,12,17/01/2026 20:00,Kaseya Center,Miami Heat,Oklahoma City Thunder,
594,12,17/01/2026 20:00,Frost Bank Center,San Antonio Spurs,Minnesota Timberwolves,
595,12,17/01/2026 20:30,Chase Center,Golden State Warriors,Charlotte Hornets,
596,12,17/01/2026 21:00,Ball Arena,Denver Nuggets,Washington Wizards,
597,12,17/01/2026 22:00,Moda Center,Portland Trail Blazers,Los Angeles Lakers,
598,12,18/01/2026 12:00,The O2 Arena,Memphis Grizzlies,Orlando Magic,
599,12,18/01/2026 19:00,United Center,Chicago Bulls,Brooklyn Nets,
600,12,18/01/2026 19:00,Toyota Center,Houston Rockets,New Orleans Pelicans,
601,12,18/01/2026 20:00,Ball Arena,Denver Nuggets,Charlotte Hornets,
602,12,18/01/2026 21:00,Golden 1 Center,Sacramento Kings,Portland Trail Blazers,
603,12,18/01/2026 21:30,Crypto.com Arena,Los Angeles Lakers,Toronto Raptors,
604,12,19/01/2026 13:00,State Farm Arena,Atlanta Hawks,Milwaukee Bucks,
605,12,19/01/2026 14:30,Rocket Arena,Cleveland Cavaliers,Oklahoma City Thunder,
608,12,19/01/2026 15:00,Capital One Arena,Washington Wizards,LA Clippers,
606,12,19/01/2026 17:00,Madison Square Garden,New York Knicks,Dallas Mavericks,
609,12,19/01/2026 19:00,Xfinity Mobile Arena,Philadelphia 76ers,Indiana Pacers,
610,12,19/01/2026 19:30,Barclays Center,Brooklyn Nets,Phoenix Suns,
607,12,19/01/2026 20:00,Little Caesars Arena,Detroit Pistons,Boston Celtics,
611,12,19/01/2026 20:00,Frost Bank Center,San Antonio Spurs,Utah Jazz,
612,12,19/01/2026 22:00,Chase Center,Golden State Warriors,Miami Heat,
613,12,20/01/2026 19:00,Xfinity Mobile Arena,Philadelphia 76ers,Phoenix Suns,
614,12,20/01/2026 20:00,United Center,Chicago Bulls,LA Clippers,
615,12,20/01/2026 20:00,Toyota Center,Houston Rockets,San Antonio Spurs,
616,12,20/01/2026 21:00,Delta Center,Utah Jazz,Minnesota Timberwolves,
617,12,20/01/2026 22:00,Ball Arena,Denver Nuggets,Los Angeles Lakers,
618,12,20/01/2026 22:00,Chase Center,Golden State Warriors,Toronto Raptors,
619,12,20/01/2026 22:00,Golden 1 Center,Sacramento Kings,Miami Heat,
620,12,21/01/2026 19:00,Spectrum Center,Charlotte Hornets,Cleveland Cavaliers,
621,12,21/01/2026 19:30,TD Garden,Boston Celtics,Indiana Pacers,
622,12,21/01/2026 19:30,Madison Square Garden,New York Knicks,Brooklyn Nets,
623,12,21/01/2026 20:00,FedExForum,Memphis Grizzlies,Atlanta Hawks,
624,12,21/01/2026 20:00,Smoothie King Center,New Orleans Pelicans,Detroit Pistons,
625,12,21/01/2026 21:30,Fiserv Forum,Milwaukee Bucks,Oklahoma City Thunder,
626,12,21/01/2026 22:00,Golden 1 Center,Sacramento Kings,Toronto Raptors,
627,13,22/01/2026 19:00,Kia Center,Orlando Magic,Charlotte Hornets,
628,13,22/01/2026 19:00,Xfinity Mobile Arena,Philadelphia 76ers,Houston Rockets,
629,13,22/01/2026 19:00,Capital One Arena,Washington Wizards,Denver Nuggets,
630,13,22/01/2026 19:30,American Airlines Center,Dallas Mavericks,Golden State Warriors,
631,13,22/01/2026 20:00,Target Center,Minnesota Timberwolves,Chicago Bulls,
632,13,22/01/2026 21:00,Delta Center,Utah Jazz,San Antonio Spurs,
633,13,22/01/2026 22:00,Intuit Dome,LA Clippers,Los Angeles Lakers,
634,13,22/01/2026 22:00,Moda Center,Portland Trail Blazers,Miami Heat,
635,13,23/01/2026 19:00,Little Caesars Arena,Detroit Pistons,Houston Rockets,
636,13,23/01/2026 19:30,State Farm Arena,Atlanta Hawks,Phoenix Suns,
637,13,23/01/2026 19:30,Barclays Center,Brooklyn Nets,Boston Celtics,
638,13,23/01/2026 19:30,Rocket Arena,Cleveland Cavaliers,Sacramento Kings,
639,13,23/01/2026 20:00,FedExForum,Memphis Grizzlies,New Orleans Pelicans,
640,13,23/01/2026 20:00,Fiserv Forum,Milwaukee Bucks,Denver Nuggets,
641,13,23/01/2026 21:30,Paycom Center,Oklahoma City Thunder,Indiana Pacers,
642,13,23/01/2026 22:00,Moda Center,Portland Trail Blazers,Toronto Raptors,
643,13,24/01/2026 15:00,Xfinity Mobile Arena,Philadelphia 76ers,New York Knicks,
644,13,24/01/2026 17:30,Target Center,Minnesota Timberwolves,Golden State Warriors,
645,13,24/01/2026 18:00,Spectrum Center,Charlotte Hornets,Washington Wizards,
646,13,24/01/2026 19:00,Kia Center,Orlando Magic,Cleveland Cavaliers,
647,13,24/01/2026 20:00,United Center,Chicago Bulls,Boston Celtics,
648,13,24/01/2026 20:30,American Airlines Center,Dallas Mavericks,Los Angeles Lakers,
649,13,24/01/2026 21:30,Delta Center,Utah Jazz,Miami Heat,
650,13,25/01/2026 15:00,Little Caesars Arena,Detroit Pistons,Sacramento Kings,
651,13,25/01/2026 15:30,FedExForum,Memphis Grizzlies,Denver Nuggets,
652,13,25/01/2026 19:00,Fiserv Forum,Milwaukee Bucks,Dallas Mavericks,
653,13,25/01/2026 19:00,Paycom Center,Oklahoma City Thunder,Toronto Raptors,
654,13,25/01/2026 19:00,Frost Bank Center,San Antonio Spurs,New Orleans Pelicans,
655,13,25/01/2026 20:00,Mortgage Matchup Center,Phoenix Suns,Miami Heat,
656,13,25/01/2026 21:00,Intuit Dome,LA Clippers,Brooklyn Nets,
657,13,26/01/2026 19:00,Spectrum Center,Charlotte Hornets,Philadelphia 76ers,
658,13,26/01/2026 19:00,Rocket Arena,Cleveland Cavaliers,Orlando Magic,
659,13,26/01/2026 19:30,State Farm Arena,Atlanta Hawks,Indiana Pacers,
660,13,26/01/2026 20:00,TD Garden,Boston Celtics,Portland Trail Blazers,
661,13,26/01/2026 20:00,United Center,Chicago Bulls,Los Angeles Lakers,
662,13,26/01/2026 20:00,Toyota Center,Houston Rockets,Memphis Grizzlies,
663,13,26/01/2026 21:30,Target Center,Minnesota Timberwolves,Golden State Warriors,
664,13,27/01/2026 19:00,Capital One Arena,Washington Wizards,Portland Trail Blazers,
665,13,27/01/2026 19:30,Madison Square Garden,New York Knicks,Sacramento Kings,
666,13,27/01/2026 20:00,Xfinity Mobile Arena,Philadelphia 76ers,Milwaukee Bucks,
667,13,27/01/2026 20:00,Paycom Center,Oklahoma City Thunder,New Orleans Pelicans,
668,13,27/01/2026 21:00,Ball Arena,Denver Nuggets,Detroit Pistons,
669,13,27/01/2026 21:00,Mortgage Matchup Center,Phoenix Suns,Brooklyn Nets,
670,13,27/01/2026 22:00,Delta Center,Utah Jazz,LA Clippers,
671,13,28/01/2026 19:00,Rocket Arena,Cleveland Cavaliers,Los Angeles Lakers,
672,13,28/01/2026 19:00,Gainbridge Fieldhouse,Indiana Pacers,Chicago Bulls,
673,13,28/01/2026 19:30,TD Garden,Boston Celtics,Atlanta Hawks,
674,13,28/01/2026 19:30,Kaseya Center,Miami Heat,Orlando Magic,
675,13,28/01/2026 19:30,Scotiabank Arena,Toronto Raptors,New York Knicks,
676,13,28/01/2026 20:00,FedExForum,Memphis Grizzlies,Charlotte Hornets,
677,13,28/01/2026 20:30,American Airlines Center,Dallas Mavericks,Minnesota Timberwolves,
678,13,28/01/2026 21:00,Delta Center,Utah Jazz,Golden State Warriors,
679,13,28/01/2026 21:30,Toyota Center,Houston Rockets,San Antonio Spurs,
680,14,29/01/2026 19:00,Xfinity Mobile Arena,Philadelphia 76ers,Sacramento Kings,
681,14,29/01/2026 19:00,Capital One Arena,Washington Wizards,Milwaukee Bucks,
682,14,29/01/2026 20:00,State Farm Arena,Atlanta Hawks,Houston Rockets,
683,14,29/01/2026 20:30,American Airlines Center,Dallas Mavericks,Charlotte Hornets,
684,14,29/01/2026 21:00,Ball Arena,Denver Nuggets,Brooklyn Nets,
685,14,29/01/2026 21:00,Mortgage Matchup Center,Phoenix Suns,Detroit Pistons,
686,14,29/01/2026 21:30,Target Center,Minnesota Timberwolves,Oklahoma City Thunder,
687,14,30/01/2026 19:00,Kia Center,Orlando Magic,Toronto Raptors,
688,14,30/01/2026 19:00,Capital One Arena,Washington Wizards,Los Angeles Lakers,
689,14,30/01/2026 19:30,TD Garden,Boston Celtics,Sacramento Kings,
690,14,30/01/2026 19:30,Madison Square Garden,New York Knicks,Portland Trail Blazers,
691,14,30/01/2026 19:30,Smoothie King Center,New Orleans Pelicans,Memphis Grizzlies,
692,14,30/01/2026 20:00,Kaseya Center,Miami Heat,Chicago Bulls,
693,14,30/01/2026 21:00,Mortgage Matchup Center,Phoenix Suns,Cleveland Cavaliers,
694,14,30/01/2026 21:30,Delta Center,Utah Jazz,Brooklyn Nets,
695,14,30/01/2026 22:00,Ball Arena,Denver Nuggets,LA Clippers,
696,14,30/01/2026 22:00,Chase Center,Golden State Warriors,Detroit Pistons,
697,14,31/01/2026 15:00,Spectrum Center,Charlotte Hornets,San Antonio Spurs,
698,14,31/01/2026 19:00,Gainbridge Fieldhouse,Indiana Pacers,Atlanta Hawks,
699,14,31/01/2026 19:30,Xfinity Mobile Arena,Philadelphia 76ers,New Orleans Pelicans,
700,14,31/01/2026 20:00,FedExForum,Memphis Grizzlies,Minnesota Timberwolves,
701,14,31/01/2026 20:30,Toyota Center,Houston Rockets,Dallas Mavericks,
702,14,01/02/2026 15:30,TD Garden,Boston Celtics,Milwaukee Bucks,
703,14,01/02/2026 16:00,Frost Bank Center,San Antonio Spurs,Orlando Magic,
704,14,01/02/2026 18:00,Little Caesars Arena,Detroit Pistons,Brooklyn Nets,
705,14,01/02/2026 18:00,Kaseya Center,Miami Heat,Chicago Bulls,
706,14,01/02/2026 18:00,Scotiabank Arena,Toronto Raptors,Utah Jazz,
707,14,01/02/2026 18:00,Capital One Arena,Washington Wizards,Sacramento Kings,
708,14,01/02/2026 19:00,Madison Square Garden,New York Knicks,Los Angeles Lakers,
709,14,01/02/2026 20:00,Mortgage Matchup Center,Phoenix Suns,LA Clippers,
710,14,01/02/2026 21:00,Moda Center,Portland Trail Blazers,Cleveland Cavaliers,
711,14,01/02/2026 21:30,Ball Arena,Denver Nuggets,Oklahoma City Thunder,
712,14,02/02/2026 19:00,Spectrum Center,Charlotte Hornets,New Orleans Pelicans,
713,14,02/02/2026 19:00,Gainbridge Fieldhouse,Indiana Pacers,Houston Rockets,
714,14,02/02/2026 21:30,FedExForum,Memphis Grizzlies,Minnesota Timberwolves,
715,14,02/02/2026 22:30,Intuit Dome,LA Clippers,Philadelphia 76ers,
716,14,03/02/2026 19:00,Little Caesars Arena,Detroit Pistons,Denver Nuggets,
717,14,03/02/2026 19:00,Gainbridge Fieldhouse,Indiana Pacers,Utah Jazz,
718,14,03/02/2026 19:00,Capital One Arena,Washington Wizards,New York Knicks,
719,14,03/02/2026 19:30,Barclays Center,Brooklyn Nets,Los Angeles Lakers,
720,14,03/02/2026 19:30,Kaseya Center,Miami Heat,Atlanta Hawks,
721,14,03/02/2026 20:00,American Airlines Center,Dallas Mavericks,Boston Celtics,
722,14,03/02/2026 20:00,Fiserv Forum,Milwaukee Bucks,Chicago Bulls,
723,14,03/02/2026 20:00,Paycom Center,Oklahoma City Thunder,Orlando Magic,
724,14,03/02/2026 22:00,Chase Center,Golden State Warriors,Philadelphia 76ers,
725,14,03/02/2026 23:00,Moda Center,Portland Trail Blazers,Phoenix Suns,
726,14,04/02/2026 19:00,Madison Square Garden,New York Knicks,Denver Nuggets,
727,14,04/02/2026 19:30,Scotiabank Arena,Toronto Raptors,Minnesota Timberwolves,
728,14,04/02/2026 20:00,Toyota Center,Houston Rockets,Boston Celtics,
729,14,04/02/2026 20:00,Fiserv Forum,Milwaukee Bucks,New Orleans Pelicans,
730,14,04/02/2026 21:30,Frost Bank Center,San Antonio Spurs,Oklahoma City Thunder,
731,14,04/02/2026 22:00,Golden 1 Center,Sacramento Kings,Memphis Grizzlies,
732,14,04/02/2026 22:30,Intuit Dome,LA Clippers,Cleveland Cavaliers,
733,15,05/02/2026 19:00,Little Caesars Arena,Detroit Pistons,Washington Wizards,
734,15,05/02/2026 19:00,Kia Center,Orlando Magic,Brooklyn Nets,
735,15,05/02/2026 19:30,State Farm Arena,Atlanta Hawks,Utah Jazz,
736,15,05/02/2026 19:30,Scotiabank Arena,Toronto Raptors,Chicago Bulls,
737,15,05/02/2026 20:00,Toyota Center,Houston Rockets,Charlotte Hornets,
738,15,05/02/2026 20:30,American Airlines Center,Dallas Mavericks,San Antonio Spurs,
739,15,05/02/2026 21:00,Mortgage Matchup Center,Phoenix Suns,Golden State Warriors,
740,15,05/02/2026 22:00,Crypto.com Arena,Los Angeles Lakers,Philadelphia 76ers,
741,15,06/02/2026 19:30,TD Garden,Boston Celtics,Miami Heat,
742,15,06/02/2026 19:30,Little Caesars Arena,Detroit Pistons,New York Knicks,
743,15,06/02/2026 20:00,Fiserv Forum,Milwaukee Bucks,Indiana Pacers,
744,15,06/02/2026 20:00,Target Center,Minnesota Timberwolves,New Orleans Pelicans,
745,15,06/02/2026 22:00,Moda Center,Portland Trail Blazers,Memphis Grizzlies,
746,15,06/02/2026 22:00,Golden 1 Center,Sacramento Kings,LA Clippers,
747,15,07/02/2026 15:00,Barclays Center,Brooklyn Nets,Washington Wizards,
748,15,07/02/2026 15:30,Paycom Center,Oklahoma City Thunder,Houston Rockets,
749,15,07/02/2026 18:00,Frost Bank Center,San Antonio Spurs,Dallas Mavericks,
750,15,07/02/2026 19:00,Kia Center,Orlando Magic,Utah Jazz,
751,15,07/02/2026 19:30,State Farm Arena,Atlanta Hawks,Charlotte Hornets,
752,15,07/02/2026 20:00,United Center,Chicago Bulls,Denver Nuggets,
753,15,07/02/2026 20:30,Crypto.com Arena,Los Angeles Lakers,Golden State Warriors,
754,15,07/02/2026 21:00,Mortgage Matchup Center,Phoenix Suns,Philadelphia 76ers,
755,15,07/02/2026 22:00,Moda Center,Portland Trail Blazers,Memphis Grizzlies,
756,15,07/02/2026 22:00,Golden 1 Center,Sacramento Kings,Cleveland Cavaliers,
757,15,08/02/2026 12:30,TD Garden,Boston Celtics,New York Knicks,
758,15,08/02/2026 14:00,Capital One Arena,Washington Wizards,Miami Heat,
759,15,08/02/2026 15:00,Scotiabank Arena,Toronto Raptors,Indiana Pacers,
760,15,08/02/2026 15:00,Target Center,Minnesota Timberwolves,LA Clippers,
761,15,09/02/2026 19:00,Spectrum Center,Charlotte Hornets,Detroit Pistons,
762,15,09/02/2026 19:30,Barclays Center,Brooklyn Nets,Chicago Bulls,
763,15,09/02/2026 19:30,Kaseya Center,Miami Heat,Utah Jazz,
764,15,09/02/2026 19:30,Kia Center,Orlando Magic,Milwaukee Bucks,
765,15,09/02/2026 20:00,Target Center,Minnesota Timberwolves,Atlanta Hawks,
766,15,09/02/2026 20:00,Smoothie King Center,New Orleans Pelicans,Sacramento Kings,
767,15,09/02/2026 21:00,Ball Arena,Denver Nuggets,Cleveland Cavaliers,
768,15,09/02/2026 22:00,Chase Center,Golden State Warriors,Memphis Grizzlies,
769,15,09/02/2026 22:00,Crypto.com Arena,Los Angeles Lakers,Oklahoma City Thunder,
770,15,09/02/2026 22:00,Moda Center,Portland Trail Blazers,Philadelphia 76ers,
771,15,10/02/2026 19:30,Madison Square Garden,New York Knicks,Indiana Pacers,
772,15,10/02/2026 20:00,Toyota Center,Houston Rockets,LA Clippers,
773,15,10/02/2026 21:00,Mortgage Matchup Center,Phoenix Suns,Dallas Mavericks,
774,15,10/02/2026 22:30,Crypto.com Arena,Los Angeles Lakers,San Antonio Spurs,
775,15,11/02/2026 19:00,Spectrum Center,Charlotte Hornets,Atlanta Hawks,
776,15,11/02/2026 19:00,Rocket Arena,Cleveland Cavaliers,Washington Wizards,
777,15,11/02/2026 19:00,Kia Center,Orlando Magic,Milwaukee Bucks,
778,15,11/02/2026 19:30,TD Garden,Boston Celtics,Chicago Bulls,
779,15,11/02/2026 19:30,Barclays Center,Brooklyn Nets,Indiana Pacers,
780,15,11/02/2026 19:30,Xfinity Mobile Arena,Philadelphia 76ers,New York Knicks,
781,15,11/02/2026 19:30,Scotiabank Arena,Toronto Raptors,Detroit Pistons,
782,15,11/02/2026 20:00,Toyota Center,Houston Rockets,LA Clippers,
783,15,11/02/2026 20:00,Target Center,Minnesota Timberwolves,Portland Trail Blazers,
784,15,11/02/2026 20:00,Smoothie King Center,New Orleans Pelicans,Miami Heat,
785,15,11/02/2026 21:00,Mortgage Matchup Center,Phoenix Suns,Oklahoma City Thunder,
786,15,11/02/2026 21:00,Delta Center,Utah Jazz,Sacramento Kings,
787,15,11/02/2026 22:00,Ball Arena,Denver Nuggets,Memphis Grizzlies,
788,15,11/02/2026 22:00,Chase Center,Golden State Warriors,San Antonio Spurs,
789,15,12/02/2026 19:30,Paycom Center,Oklahoma City Thunder,Milwaukee Bucks,
790,15,12/02/2026 21:00,Delta Center,Utah Jazz,Portland Trail Blazers,
791,15,12/02/2026 22:00,Crypto.com Arena,Los Angeles Lakers,Dallas Mavericks,
792,16,19/02/2026 19:00,Spectrum Center,Charlotte Hornets,Houston Rockets,
793,16,19/02/2026 19:00,Rocket Arena,Cleveland Cavaliers,Brooklyn Nets,
794,16,19/02/2026 19:00,Xfinity Mobile Arena,Philadelphia 76ers,Atlanta Hawks,
795,16,19/02/2026 19:00,Capital One Arena,Washington Wizards,Indiana Pacers,
796,16,19/02/2026 19:30,Madison Square Garden,New York Knicks,Detroit Pistons,
797,16,19/02/2026 20:00,United Center,Chicago Bulls,Toronto Raptors,
798,16,19/02/2026 20:30,Moody Center,San Antonio Spurs,Phoenix Suns,
799,16,19/02/2026 22:00,Chase Center,Golden State Warriors,Boston Celtics,
800,16,19/02/2026 22:00,Golden 1 Center,Sacramento Kings,Orlando Magic,
801,16,19/02/2026 22:30,Intuit Dome,LA Clippers,Denver Nuggets,
802,16,20/02/2026 19:00,Spectrum Center,Charlotte Hornets,Cleveland Cavaliers,
803,16,20/02/2026 19:00,Capital One Arena,Washington Wizards,Indiana Pacers,
804,16,20/02/2026 19:00,FedExForum,Memphis Grizzlies,Utah Jazz,
805,16,20/02/2026 19:30,State Farm Arena,Atlanta Hawks,Miami Heat,
806,16,20/02/2026 19:30,Target Center,Minnesota Timberwolves,Dallas Mavericks,
807,16,20/02/2026 20:00,Smoothie King Center,New Orleans Pelicans,Milwaukee Bucks,
808,16,20/02/2026 20:00,Paycom Center,Oklahoma City Thunder,Brooklyn Nets,
809,16,20/02/2026 22:00,Crypto.com Arena,Los Angeles Lakers,LA Clippers,
810,16,20/02/2026 22:00,Moda Center,Portland Trail Blazers,Denver Nuggets,
811,16,21/02/2026 17:00,Mortgage Matchup Center,Phoenix Suns,Orlando Magic,
812,16,21/02/2026 19:00,Smoothie King Center,New Orleans Pelicans,Philadelphia 76ers,
813,16,21/02/2026 20:00,Kaseya Center,Miami Heat,Memphis Grizzlies,
814,16,21/02/2026 20:00,United Center,Chicago Bulls,Detroit Pistons,
815,16,21/02/2026 20:00,Moody Center,San Antonio Spurs,Sacramento Kings,
816,16,21/02/2026 20:30,Madison Square Garden,New York Knicks,Houston Rockets,
817,16,22/02/2026 13:00,Paycom Center,Oklahoma City Thunder,Cleveland Cavaliers,
818,16,22/02/2026 15:30,State Farm Arena,Atlanta Hawks,Brooklyn Nets,
819,16,22/02/2026 15:30,Fiserv Forum,Milwaukee Bucks,Toronto Raptors,
820,16,22/02/2026 15:30,Chase Center,Golden State Warriors,Denver Nuggets,
821,16,22/02/2026 17:00,Gainbridge Fieldhouse,Indiana Pacers,Dallas Mavericks,
822,16,22/02/2026 18:00,Capital One Arena,Washington Wizards,Charlotte Hornets,
823,16,22/02/2026 18:30,Crypto.com Arena,Los Angeles Lakers,Boston Celtics,
824,16,22/02/2026 19:00,Target Center,Minnesota Timberwolves,Philadelphia 76ers,
825,16,22/02/2026 20:00,United Center,Chicago Bulls,New York Knicks,
826,16,22/02/2026 20:00,Mortgage Matchup Center,Phoenix Suns,Portland Trail Blazers,
827,16,22/02/2026 21:00,Intuit Dome,LA Clippers,Orlando Magic,
828,16,23/02/2026 19:00,Little Caesars Arena,Detroit Pistons,San Antonio Spurs,
829,16,23/02/2026 20:00,FedExForum,Memphis Grizzlies,Sacramento Kings,
830,16,23/02/2026 21:30,Toyota Center,Houston Rockets,Utah Jazz,
831,16,24/02/2026 19:00,Gainbridge Fieldhouse,Indiana Pacers,Philadelphia 76ers,
832,16,24/02/2026 19:30,State Farm Arena,Atlanta Hawks,Washington Wizards,
833,16,24/02/2026 19:30,Barclays Center,Brooklyn Nets,Dallas Mavericks,
834,16,24/02/2026 19:30,Scotiabank Arena,Toronto Raptors,Oklahoma City Thunder,
835,16,24/02/2026 20:00,Rocket Arena,Cleveland Cavaliers,New York Knicks,
836,16,24/02/2026 20:00,United Center,Chicago Bulls,Charlotte Hornets,
837,16,24/02/2026 20:00,Fiserv Forum,Milwaukee Bucks,Miami Heat,
838,16,24/02/2026 20:00,Smoothie King Center,New Orleans Pelicans,Golden State Warriors,
839,16,24/02/2026 21:00,Mortgage Matchup Center,Phoenix Suns,Boston Celtics,
840,16,24/02/2026 22:30,Crypto.com Arena,Los Angeles Lakers,Orlando Magic,
841,16,24/02/2026 23:00,Moda Center,Portland Trail Blazers,Minnesota Timberwolves,
842,17,25/02/2026 19:00,Little Caesars Arena,Detroit Pistons,Oklahoma City Thunder,
843,17,25/02/2026 19:30,Scotiabank Arena,Toronto Raptors,San Antonio Spurs,
844,17,25/02/2026 19:30,FedExForum,Memphis Grizzlies,Golden State Warriors,
845,17,25/02/2026 20:00,Toyota Center,Houston Rockets,Sacramento Kings,
846,17,25/02/2026 20:00,Fiserv Forum,Milwaukee Bucks,Cleveland Cavaliers,
847,17,25/02/2026 22:00,Ball Arena,Denver Nuggets,Boston Celtics,
848,17,26/02/2026 19:00,Gainbridge Fieldhouse,Indiana Pacers,Charlotte Hornets,
849,17,26/02/2026 19:00,Xfinity Mobile Arena,Philadelphia 76ers,Miami Heat,
850,17,26/02/2026 19:30,State Farm Arena,Atlanta Hawks,Washington Wizards,
851,17,26/02/2026 19:30,Barclays Center,Brooklyn Nets,San Antonio Spurs,
852,17,26/02/2026 19:30,Kia Center,Orlando Magic,Houston Rockets,
853,17,26/02/2026 20:00,United Center,Chicago Bulls,Portland Trail Blazers,
854,17,26/02/2026 20:30,American Airlines Center,Dallas Mavericks,Sacramento Kings,
855,17,26/02/2026 21:00,Mortgage Matchup Center,Phoenix Suns,Los Angeles Lakers,
856,17,26/02/2026 21:00,Delta Center,Utah Jazz,New Orleans Pelicans,
857,17,26/02/2026 22:00,Intuit Dome,LA Clippers,Minnesota Timberwolves,
858,17,27/02/2026 19:00,Little Caesars Arena,Detroit Pistons,Cleveland Cavaliers,
859,17,27/02/2026 19:30,TD Garden,Boston Celtics,Brooklyn Nets,
860,17,27/02/2026 20:00,Fiserv Forum,Milwaukee Bucks,New York Knicks,
861,17,27/02/2026 20:30,American Airlines Center,Dallas Mavericks,Memphis Grizzlies,
862,17,27/02/2026 21:30,Paycom Center,Oklahoma City Thunder,Denver Nuggets,
863,17,28/02/2026 13:00,Spectrum Center,Charlotte Hornets,Portland Trail Blazers,
864,17,28/02/2026 15:00,Kaseya Center,Miami Heat,Houston Rockets,
865,17,28/02/2026 19:00,Capital One Arena,Washington Wizards,Toronto Raptors,
866,17,28/02/2026 20:30,Chase Center,Golden State Warriors,Los Angeles Lakers,
867,17,28/02/2026 21:30,Delta Center,Utah Jazz,New Orleans Pelicans,
868,17,01/03/2026 13:00,Madison Square Garden,New York Knicks,San Antonio Spurs,
869,17,01/03/2026 15:30,Barclays Center,Brooklyn Nets,Cleveland Cavaliers,
870,17,01/03/2026 15:30,United Center,Chicago Bulls,Milwaukee Bucks,
871,17,01/03/2026 15:30,Ball Arena,Denver Nuggets,Minnesota Timberwolves,
872,17,01/03/2026 17:00,Gainbridge Fieldhouse,Indiana Pacers,Memphis Grizzlies,
873,17,01/03/2026 18:00,State Farm Arena,Atlanta Hawks,Portland Trail Blazers,
874,17,01/03/2026 18:00,TD Garden,Boston Celtics,Philadelphia 76ers,
875,17,01/03/2026 18:00,Kia Center,Orlando Magic,Detroit Pistons,
876,17,01/03/2026 20:00,American Airlines Center,Dallas Mavericks,Oklahoma City Thunder,
877,17,01/03/2026 21:00,Intuit Dome,LA Clippers,New Orleans Pelicans,
878,17,01/03/2026 21:30,Crypto.com Arena,Los Angeles Lakers,Sacramento Kings,
879,17,02/03/2026 19:00,Capital One Arena,Washington Wizards,Houston Rockets,
880,17,02/03/2026 19:30,Fiserv Forum,Milwaukee Bucks,Boston Celtics,
881,17,02/03/2026 21:00,Delta Center,Utah Jazz,Denver Nuggets,
882,17,02/03/2026 22:00,Chase Center,Golden State Warriors,LA Clippers,
883,17,03/03/2026 19:00,Spectrum Center,Charlotte Hornets,Dallas Mavericks,
884,17,03/03/2026 19:00,Rocket Arena,Cleveland Cavaliers,Detroit Pistons,
885,17,03/03/2026 19:00,Kia Center,Orlando Magic,Washington Wizards,
886,17,03/03/2026 19:30,Kaseya Center,Miami Heat,Brooklyn Nets,
887,17,03/03/2026 19:30,Scotiabank Arena,Toronto Raptors,New York Knicks,
888,17,03/03/2026 20:00,Xfinity Mobile Arena,Philadelphia 76ers,San Antonio Spurs,
889,17,03/03/2026 20:00,United Center,Chicago Bulls,Oklahoma City Thunder,
890,17,03/03/2026 20:00,Target Center,Minnesota Timberwolves,Memphis Grizzlies,
891,17,03/03/2026 22:30,Crypto.com Arena,Los Angeles Lakers,New Orleans Pelicans,
892,17,03/03/2026 23:00,Golden 1 Center,Sacramento Kings,Phoenix Suns,
893,18,04/03/2026 19:00,Madison Square Garden,New York Knicks,Oklahoma City Thunder,
894,18,04/03/2026 19:30,TD Garden,Boston Celtics,Charlotte Hornets,
895,18,04/03/2026 19:30,Xfinity Mobile Arena,Philadelphia 76ers,Utah Jazz,
896,18,04/03/2026 20:00,FedExForum,Memphis Grizzlies,Portland Trail Blazers,
897,18,04/03/2026 21:30,Fiserv Forum,Milwaukee Bucks,Atlanta Hawks,
898,18,04/03/2026 22:30,Intuit Dome,LA Clippers,Indiana Pacers,
899,18,05/03/2026 19:00,Kia Center,Orlando Magic,Dallas Mavericks,
900,18,05/03/2026 19:00,Capital One Arena,Washington Wizards,Utah Jazz,
901,18,05/03/2026 19:30,Kaseya Center,Miami Heat,Brooklyn Nets,
902,18,05/03/2026 19:30,Toyota Center,Houston Rockets,Golden State Warriors,
903,18,05/03/2026 20:00,Target Center,Minnesota Timberwolves,Toronto Raptors,
904,18,05/03/2026 20:00,Frost Bank Center,San Antonio Spurs,Detroit Pistons,
905,18,05/03/2026 21:00,Mortgage Matchup Center,Phoenix Suns,Chicago Bulls,
906,18,05/03/2026 22:00,Ball Arena,Denver Nuggets,Los Angeles Lakers,
907,18,05/03/2026 22:00,Golden 1 Center,Sacramento Kings,New Orleans Pelicans,
908,18,06/03/2026 19:00,TD Garden,Boston Celtics,Dallas Mavericks,
909,18,06/03/2026 19:00,Spectrum Center,Charlotte Hornets,Miami Heat,
910,18,06/03/2026 20:00,Toyota Center,Houston Rockets,Portland Trail Blazers,
911,18,06/03/2026 21:00,Ball Arena,Denver Nuggets,New York Knicks,
912,18,06/03/2026 21:00,Mortgage Matchup Center,Phoenix Suns,New Orleans Pelicans,
913,18,06/03/2026 21:30,Frost Bank Center,San Antonio Spurs,LA Clippers,
914,18,06/03/2026 22:30,Crypto.com Arena,Los Angeles Lakers,Indiana Pacers,
915,18,07/03/2026 15:00,Target Center,Minnesota Timberwolves,Orlando Magic,
916,18,07/03/2026 18:00,Little Caesars Arena,Detroit Pistons,Brooklyn Nets,
917,18,07/03/2026 19:30,State Farm Arena,Atlanta Hawks,Philadelphia 76ers,
918,18,07/03/2026 20:00,FedExForum,Memphis Grizzlies,LA Clippers,
919,18,07/03/2026 20:00,Fiserv Forum,Milwaukee Bucks,Utah Jazz,
920,18,07/03/2026 20:30,Paycom Center,Oklahoma City Thunder,Golden State Warriors,
921,18,08/03/2026 13:00,Rocket Arena,Cleveland Cavaliers,Boston Celtics,
922,18,08/03/2026 15:30,Crypto.com Arena,Los Angeles Lakers,New York Knicks,
923,18,08/03/2026 18:00,Kaseya Center,Miami Heat,Detroit Pistons,
924,18,08/03/2026 18:00,Scotiabank Arena,Toronto Raptors,Dallas Mavericks,
925,18,08/03/2026 19:00,Smoothie King Center,New Orleans Pelicans,Washington Wizards,
926,18,08/03/2026 20:00,Fiserv Forum,Milwaukee Bucks,Orlando Magic,
927,18,08/03/2026 20:00,Frost Bank Center,San Antonio Spurs,Houston Rockets,
928,18,08/03/2026 21:00,Mortgage Matchup Center,Phoenix Suns,Charlotte Hornets,
929,18,08/03/2026 21:00,Moda Center,Portland Trail Blazers,Indiana Pacers,
930,18,08/03/2026 21:00,Golden 1 Center,Sacramento Kings,Chicago Bulls,
931,18,09/03/2026 19:00,Rocket Arena,Cleveland Cavaliers,Philadelphia 76ers,
932,18,09/03/2026 19:30,Barclays Center,Brooklyn Nets,Memphis Grizzlies,
933,18,09/03/2026 19:30,Paycom Center,Oklahoma City Thunder,Denver Nuggets,
934,18,09/03/2026 21:00,Delta Center,Utah Jazz,Golden State Warriors,
935,18,09/03/2026 22:00,Intuit Dome,LA Clippers,New York Knicks,
936,18,10/03/2026 19:00,Xfinity Mobile Arena,Philadelphia 76ers,Memphis Grizzlies,
937,18,10/03/2026 19:30,Barclays Center,Brooklyn Nets,Detroit Pistons,
938,18,10/03/2026 19:30,Kaseya Center,Miami Heat,Washington Wizards,
939,18,10/03/2026 20:00,State Farm Arena,Atlanta Hawks,Dallas Mavericks,
940,18,10/03/2026 20:00,Toyota Center,Houston Rockets,Toronto Raptors,
941,18,10/03/2026 20:00,Fiserv Forum,Milwaukee Bucks,Phoenix Suns,
942,18,10/03/2026 20:00,Frost Bank Center,San Antonio Spurs,Boston Celtics,
943,18,10/03/2026 22:00,Chase Center,Golden State Warriors,Chicago Bulls,
944,18,10/03/2026 22:00,Moda Center,Portland Trail Blazers,Charlotte Hornets,
945,18,10/03/2026 22:00,Golden 1 Center,Sacramento Kings,Indiana Pacers,
946,18,10/03/2026 23:00,Crypto.com Arena,Los Angeles Lakers,Minnesota Timberwolves,
947,19,11/03/2026 19:30,Kia Center,Orlando Magic,Cleveland Cavaliers,
948,19,11/03/2026 20:00,Smoothie King Center,New Orleans Pelicans,Toronto Raptors,
949,19,11/03/2026 21:00,Delta Center,Utah Jazz,New York Knicks,
950,19,11/03/2026 22:00,Ball Arena,Denver Nuggets,Houston Rockets,
951,19,11/03/2026 22:00,Golden 1 Center,Sacramento Kings,Charlotte Hornets,
952,19,11/03/2026 22:30,Intuit Dome,LA Clippers,Minnesota Timberwolves,
953,19,12/03/2026 19:00,Little Caesars Arena,Detroit Pistons,Philadelphia 76ers,
954,19,12/03/2026 19:00,Gainbridge Fieldhouse,Indiana Pacers,Phoenix Suns,
955,19,12/03/2026 19:00,Kia Center,Orlando Magic,Washington Wizards,
956,19,12/03/2026 19:30,State Farm Arena,Atlanta Hawks,Brooklyn Nets,
957,19,12/03/2026 19:30,Kaseya Center,Miami Heat,Milwaukee Bucks,
958,19,12/03/2026 21:00,Frost Bank Center,San Antonio Spurs,Denver Nuggets,
959,19,12/03/2026 21:30,Paycom Center,Oklahoma City Thunder,Boston Celtics,
960,19,12/03/2026 22:30,Crypto.com Arena,Los Angeles Lakers,Chicago Bulls,
961,19,13/03/2026 19:30,Little Caesars Arena,Detroit Pistons,Memphis Grizzlies,
962,19,13/03/2026 19:30,Gainbridge Fieldhouse,Indiana Pacers,New York Knicks,
963,19,13/03/2026 19:30,Scotiabank Arena,Toronto Raptors,Phoenix Suns,
964,19,13/03/2026 20:00,Toyota Center,Houston Rockets,New Orleans Pelicans,
965,19,13/03/2026 20:30,American Airlines Center,Dallas Mavericks,Cleveland Cavaliers,
966,19,13/03/2026 22:00,Chase Center,Golden State Warriors,Minnesota Timberwolves,
967,19,13/03/2026 22:00,Moda Center,Portland Trail Blazers,Utah Jazz,
968,19,13/03/2026 22:30,Intuit Dome,LA Clippers,Chicago Bulls,
969,19,14/03/2026 13:00,Xfinity Mobile Arena,Philadelphia 76ers,Brooklyn Nets,
970,19,14/03/2026 15:00,State Farm Arena,Atlanta Hawks,Milwaukee Bucks,
971,19,14/03/2026 18:00,TD Garden,Boston Celtics,Washington Wizards,
972,19,14/03/2026 20:00,Kaseya Center,Miami Heat,Orlando Magic,
973,19,14/03/2026 20:00,Frost Bank Center,San Antonio Spurs,Charlotte Hornets,
974,19,14/03/2026 20:30,Crypto.com Arena,Los Angeles Lakers,Denver Nuggets,
975,19,14/03/2026 22:30,Intuit Dome,LA Clippers,Sacramento Kings,
976,19,15/03/2026 13:00,Paycom Center,Oklahoma City Thunder,Minnesota Timberwolves,
977,19,15/03/2026 15:30,Rocket Arena,Cleveland Cavaliers,Dallas Mavericks,
978,19,15/03/2026 15:30,Scotiabank Arena,Toronto Raptors,Detroit Pistons,
979,19,15/03/2026 15:30,Fiserv Forum,Milwaukee Bucks,Indiana Pacers,
980,19,15/03/2026 18:00,Xfinity Mobile Arena,Philadelphia 76ers,Portland Trail Blazers,
981,19,15/03/2026 20:00,Madison Square Garden,New York Knicks,Golden State Warriors,
982,19,15/03/2026 22:00,Golden 1 Center,Sacramento Kings,Utah Jazz,
983,19,16/03/2026 19:00,State Farm Arena,Atlanta Hawks,Orlando Magic,
984,19,16/03/2026 19:00,Capital One Arena,Washington Wizards,Golden State Warriors,
985,19,16/03/2026 19:30,Barclays Center,Brooklyn Nets,Portland Trail Blazers,
986,19,16/03/2026 20:00,TD Garden,Boston Celtics,Phoenix Suns,
987,19,16/03/2026 20:00,United Center,Chicago Bulls,Memphis Grizzlies,
988,19,16/03/2026 20:00,Smoothie King Center,New Orleans Pelicans,Dallas Mavericks,
989,19,16/03/2026 21:00,Toyota Center,Houston Rockets,Los Angeles Lakers,
990,19,16/03/2026 22:30,Intuit Dome,LA Clippers,San Antonio Spurs,
991,19,17/03/2026 19:00,Spectrum Center,Charlotte Hornets,Miami Heat,
992,19,17/03/2026 19:00,Kia Center,Orlando Magic,Oklahoma City Thunder,
993,19,17/03/2026 19:00,Capital One Arena,Washington Wizards,Detroit Pistons,
994,19,17/03/2026 19:30,Madison Square Garden,New York Knicks,Indiana Pacers,
995,19,17/03/2026 20:00,Fiserv Forum,Milwaukee Bucks,Cleveland Cavaliers,
996,19,17/03/2026 20:00,Target Center,Minnesota Timberwolves,Phoenix Suns,
997,19,17/03/2026 21:00,Ball Arena,Denver Nuggets,Philadelphia 76ers,
998,19,17/03/2026 23:00,Golden 1 Center,Sacramento Kings,San Antonio Spurs,
999,20,18/03/2026 19:00,TD Garden,Boston Celtics,Golden State Warriors,
1000,20,18/03/2026 19:30,Barclays Center,Brooklyn Nets,Oklahoma City Thunder,
1001,20,18/03/2026 19:30,Gainbridge Fieldhouse,Indiana Pacers,Portland Trail Blazers,
1002,20,18/03/2026 20:00,United Center,Chicago Bulls,Toronto Raptors,
1003,20,18/03/2026 20:00,FedExForum,Memphis Grizzlies,New York Knicks,
1004,20,18/03/2026 20:00,Target Center,Minnesota Timberwolves,Utah Jazz,
1005,20,18/03/2026 20:00,Smoothie King Center,New Orleans Pelicans,LA Clippers,
1006,20,18/03/2026 20:30,American Airlines Center,Dallas Mavericks,Atlanta Hawks,
1007,20,18/03/2026 21:30,Toyota Center,Houston Rockets,Los Angeles Lakers,
1008,20,19/03/2026 19:00,Spectrum Center,Charlotte Hornets,Orlando Magic,
1009,20,19/03/2026 19:00,Capital One Arena,Washington Wizards,Detroit Pistons,
1010,20,19/03/2026 20:00,Kaseya Center,Miami Heat,Los Angeles Lakers,
1011,20,19/03/2026 20:00,United Center,Chicago Bulls,Cleveland Cavaliers,
1012,20,19/03/2026 20:00,Smoothie King Center,New Orleans Pelicans,LA Clippers,
1013,20,19/03/2026 20:00,Frost Bank Center,San Antonio Spurs,Phoenix Suns,
1014,20,19/03/2026 21:00,Delta Center,Utah Jazz,Milwaukee Bucks,
1015,20,19/03/2026 22:00,Golden 1 Center,Sacramento Kings,Philadelphia 76ers,
1016,20,20/03/2026 19:30,Barclays Center,Brooklyn Nets,New York Knicks,
1017,20,20/03/2026 19:30,Little Caesars Arena,Detroit Pistons,Golden State Warriors,
1018,20,20/03/2026 20:00,Toyota Center,Houston Rockets,Atlanta Hawks,
1019,20,20/03/2026 20:00,FedExForum,Memphis Grizzlies,Boston Celtics,
1020,20,20/03/2026 20:00,Target Center,Minnesota Timberwolves,Portland Trail Blazers,
1021,20,20/03/2026 21:00,Ball Arena,Denver Nuggets,Toronto Raptors,
1022,20,21/03/2026 17:00,Capital One Arena,Washington Wizards,Oklahoma City Thunder,
1023,20,21/03/2026 19:00,Spectrum Center,Charlotte Hornets,Memphis Grizzlies,
1024,20,21/03/2026 19:00,Kia Center,Orlando Magic,Los Angeles Lakers,
1025,20,21/03/2026 19:00,Smoothie King Center,New Orleans Pelicans,Cleveland Cavaliers,
1026,20,21/03/2026 20:00,State Farm Arena,Atlanta Hawks,Golden State Warriors,
1027,20,21/03/2026 20:00,Toyota Center,Houston Rockets,Miami Heat,
1028,20,21/03/2026 20:00,Frost Bank Center,San Antonio Spurs,Indiana Pacers,
1029,20,21/03/2026 20:30,American Airlines Center,Dallas Mavericks,LA Clippers,
1030,20,21/03/2026 21:30,Delta Center,Utah Jazz,Philadelphia 76ers,
1031,20,21/03/2026 22:00,Mortgage Matchup Center,Phoenix Suns,Milwaukee Bucks,
1032,20,22/03/2026 17:00,Ball Arena,Denver Nuggets,Portland Trail Blazers,
1033,20,22/03/2026 18:00,Golden 1 Center,Sacramento Kings,Brooklyn Nets,
1034,20,22/03/2026 19:30,Madison Square Garden,New York Knicks,Washington Wizards,
1035,20,22/03/2026 20:00,TD Garden,Boston Celtics,Minnesota Timberwolves,
1036,20,22/03/2026 21:00,Mortgage Matchup Center,Phoenix Suns,Toronto Raptors,
1037,20,23/03/2026 19:00,State Farm Arena,Atlanta Hawks,Memphis Grizzlies,
1038,20,23/03/2026 19:00,Little Caesars Arena,Detroit Pistons,Los Angeles Lakers,
1039,20,23/03/2026 19:00,Kia Center,Orlando Magic,Indiana Pacers,
1040,20,23/03/2026 19:00,Xfinity Mobile Arena,Philadelphia 76ers,Oklahoma City Thunder,
1041,20,23/03/2026 19:30,Kaseya Center,Miami Heat,San Antonio Spurs,
1042,20,23/03/2026 20:00,United Center,Chicago Bulls,Houston Rockets,
1043,20,23/03/2026 21:00,Delta Center,Utah Jazz,Toronto Raptors,
1044,20,23/03/2026 21:30,American Airlines Center,Dallas Mavericks,Golden State Warriors,
1045,20,23/03/2026 22:00,Moda Center,Portland Trail Blazers,Brooklyn Nets,
1046,20,23/03/2026 22:30,Intuit Dome,LA Clippers,Milwaukee Bucks,
1047,20,24/03/2026 19:00,Spectrum Center,Charlotte Hornets,Sacramento Kings,
1048,20,24/03/2026 19:30,Madison Square Garden,New York Knicks,New Orleans Pelicans,
1049,20,24/03/2026 20:00,Rocket Arena,Cleveland Cavaliers,Orlando Magic,
1050,20,24/03/2026 23:00,Mortgage Matchup Center,Phoenix Suns,Denver Nuggets,
1051,21,25/03/2026 19:00,Little Caesars Arena,Detroit Pistons,Atlanta Hawks,
1052,21,25/03/2026 19:00,Gainbridge Fieldhouse,Indiana Pacers,Los Angeles Lakers,
1053,21,25/03/2026 19:00,Xfinity Mobile Arena,Philadelphia 76ers,Chicago Bulls,
1054,21,25/03/2026 19:30,TD Garden,Boston Celtics,Oklahoma City Thunder,
1055,21,25/03/2026 19:30,Rocket Arena,Cleveland Cavaliers,Miami Heat,
1056,21,25/03/2026 20:00,FedExForum,Memphis Grizzlies,San Antonio Spurs,
1057,21,25/03/2026 21:00,Delta Center,Utah Jazz,Washington Wizards,
1058,21,25/03/2026 21:30,Target Center,Minnesota Timberwolves,Houston Rockets,
1059,21,25/03/2026 22:00,Ball Arena,Denver Nuggets,Dallas Mavericks,
1060,21,25/03/2026 22:00,Chase Center,Golden State Warriors,Brooklyn Nets,
1061,21,25/03/2026 22:00,Moda Center,Portland Trail Blazers,Milwaukee Bucks,
1062,21,25/03/2026 22:30,Intuit Dome,LA Clippers,Toronto Raptors,
1063,21,26/03/2026 19:00,Spectrum Center,Charlotte Hornets,New York Knicks,
1064,21,26/03/2026 19:00,Little Caesars Arena,Detroit Pistons,New Orleans Pelicans,
1065,21,26/03/2026 19:00,Kia Center,Orlando Magic,Sacramento Kings,
1066,21,27/03/2026 19:00,Gainbridge Fieldhouse,Indiana Pacers,LA Clippers,
1067,21,27/03/2026 19:30,TD Garden,Boston Celtics,Atlanta Hawks,
1068,21,27/03/2026 19:30,Rocket Arena,Cleveland Cavaliers,Miami Heat,
1069,21,27/03/2026 20:00,FedExForum,Memphis Grizzlies,Houston Rockets,
1070,21,27/03/2026 20:00,Paycom Center,Oklahoma City Thunder,Chicago Bulls,
1071,21,27/03/2026 20:30,Scotiabank Arena,Toronto Raptors,New Orleans Pelicans,
1072,21,27/03/2026 21:00,Ball Arena,Denver Nuggets,Utah Jazz,
1073,21,27/03/2026 22:00,Chase Center,Golden State Warriors,Washington Wizards,
1074,21,27/03/2026 22:00,Moda Center,Portland Trail Blazers,Dallas Mavericks,
1075,21,27/03/2026 22:30,Crypto.com Arena,Los Angeles Lakers,Brooklyn Nets,
1076,21,28/03/2026 15:00,Fiserv Forum,Milwaukee Bucks,San Antonio Spurs,
1077,21,28/03/2026 18:00,Spectrum Center,Charlotte Hornets,Philadelphia 76ers,
1078,21,28/03/2026 19:30,State Farm Arena,Atlanta Hawks,Sacramento Kings,
1079,21,28/03/2026 20:00,FedExForum,Memphis Grizzlies,Chicago Bulls,
1080,21,28/03/2026 20:00,Target Center,Minnesota Timberwolves,Detroit Pistons,
1081,21,28/03/2026 22:00,Mortgage Matchup Center,Phoenix Suns,Utah Jazz,
1082,21,29/03/2026 15:30,Fiserv Forum,Milwaukee Bucks,LA Clippers,
1083,21,29/03/2026 17:00,Gainbridge Fieldhouse,Indiana Pacers,Miami Heat,
1084,21,29/03/2026 18:00,Barclays Center,Brooklyn Nets,Sacramento Kings,
1085,21,29/03/2026 18:00,Spectrum Center,Charlotte Hornets,Boston Celtics,
1086,21,29/03/2026 18:00,Scotiabank Arena,Toronto Raptors,Orlando Magic,
1087,21,29/03/2026 18:00,Moda Center,Portland Trail Blazers,Washington Wizards,
1088,21,29/03/2026 19:00,Smoothie King Center,New Orleans Pelicans,Houston Rockets,
1089,21,29/03/2026 19:30,Paycom Center,Oklahoma City Thunder,New York Knicks,
1090,21,29/03/2026 22:00,Ball Arena,Denver Nuggets,Golden State Warriors,
1091,21,30/03/2026 19:00,Kaseya Center,Miami Heat,Philadelphia 76ers,
1092,21,30/03/2026 19:30,State Farm Arena,Atlanta Hawks,Boston Celtics,
1093,21,30/03/2026 20:00,FedExForum,Memphis Grizzlies,Phoenix Suns,
1094,21,30/03/2026 20:00,Frost Bank Center,San Antonio Spurs,Chicago Bulls,
1095,21,30/03/2026 20:30,American Airlines Center,Dallas Mavericks,Minnesota Timberwolves,
1096,21,30/03/2026 21:00,Delta Center,Utah Jazz,Cleveland Cavaliers,
1097,21,30/03/2026 21:30,Paycom Center,Oklahoma City Thunder,Detroit Pistons,
1098,21,30/03/2026 22:00,Crypto.com Arena,Los Angeles Lakers,Washington Wizards,
1099,21,31/03/2026 19:00,Kia Center,Orlando Magic,Phoenix Suns,
1100,21,31/03/2026 19:30,Barclays Center,Brooklyn Nets,Charlotte Hornets,
1101,21,31/03/2026 20:00,Little Caesars Arena,Detroit Pistons,Toronto Raptors,
1102,21,31/03/2026 20:00,Toyota Center,Houston Rockets,New York Knicks,
1103,21,31/03/2026 22:30,Crypto.com Arena,Los Angeles Lakers,Cleveland Cavaliers,
1104,21,31/03/2026 23:00,Intuit Dome,LA Clippers,Portland Trail Blazers,
1105,22,01/04/2026 19:00,Capital One Arena,Washington Wizards,Philadelphia 76ers,
1106,22,01/04/2026 19:30,Kaseya Center,Miami Heat,Boston Celtics,
1107,22,01/04/2026 19:30,Kia Center,Orlando Magic,Atlanta Hawks,
1108,22,01/04/2026 20:00,Scotiabank Arena,Toronto Raptors,Sacramento Kings,
1109,22,01/04/2026 20:00,United Center,Chicago Bulls,Indiana Pacers,
1110,22,01/04/2026 20:00,Toyota Center,Houston Rockets,Milwaukee Bucks,
1111,22,01/04/2026 20:00,FedExForum,Memphis Grizzlies,Dallas Mavericks,
1112,22,01/04/2026 21:00,Delta Center,Utah Jazz,Denver Nuggets,
1113,22,01/04/2026 22:00,Chase Center,Golden State Warriors,San Antonio Spurs,
1114,22,02/04/2026 19:00,Spectrum Center,Charlotte Hornets,Phoenix Suns,
1115,22,02/04/2026 19:00,Little Caesars Arena,Detroit Pistons,Minnesota Timberwolves,
1116,22,02/04/2026 19:30,Paycom Center,Oklahoma City Thunder,Los Angeles Lakers,
1117,22,02/04/2026 22:00,Chase Center,Golden State Warriors,Cleveland Cavaliers,
1118,22,02/04/2026 22:00,Moda Center,Portland Trail Blazers,New Orleans Pelicans,
1119,22,02/04/2026 22:30,Intuit Dome,LA Clippers,San Antonio Spurs,
1120,22,03/04/2026 19:00,Spectrum Center,Charlotte Hornets,Indiana Pacers,
1121,22,03/04/2026 19:00,Xfinity Mobile Arena,Philadelphia 76ers,Minnesota Timberwolves,
1122,22,03/04/2026 19:30,Barclays Center,Brooklyn Nets,Atlanta Hawks,
1123,22,03/04/2026 19:30,Madison Square Garden,New York Knicks,Chicago Bulls,
1124,22,03/04/2026 20:00,Toyota Center,Houston Rockets,Utah Jazz,
1125,22,03/04/2026 20:00,FedExForum,Memphis Grizzlies,Toronto Raptors,
1126,22,03/04/2026 20:00,Fiserv Forum,Milwaukee Bucks,Boston Celtics,
1127,22,03/04/2026 20:30,American Airlines Center,Dallas Mavericks,Orlando Magic,
1128,22,03/04/2026 22:00,Golden 1 Center,Sacramento Kings,New Orleans Pelicans,
1129,22,04/04/2026 15:00,Kaseya Center,Miami Heat,Washington Wizards,
1130,22,04/04/2026 15:00,Ball Arena,Denver Nuggets,San Antonio Spurs,
1131,22,04/04/2026 19:00,Xfinity Mobile Arena,Philadelphia 76ers,Detroit Pistons,
1132,22,05/04/2026 15:30,TD Garden,Boston Celtics,Toronto Raptors,
1133,22,05/04/2026 15:30,Barclays Center,Brooklyn Nets,Washington Wizards,
1134,22,05/04/2026 15:30,United Center,Chicago Bulls,Phoenix Suns,
1135,22,05/04/2026 15:30,Fiserv Forum,Milwaukee Bucks,Memphis Grizzlies,
1136,22,05/04/2026 18:00,Rocket Arena,Cleveland Cavaliers,Indiana Pacers,
1137,22,05/04/2026 19:00,Target Center,Minnesota Timberwolves,Charlotte Hornets,
1138,22,05/04/2026 19:00,Smoothie King Center,New Orleans Pelicans,Orlando Magic,
1139,22,05/04/2026 19:00,Paycom Center,Oklahoma City Thunder,Utah Jazz,
1140,22,05/04/2026 19:30,American Airlines Center,Dallas Mavericks,Los Angeles Lakers,
1141,22,05/04/2026 21:00,Golden 1 Center,Sacramento Kings,LA Clippers,
1142,22,05/04/2026 22:00,Chase Center,Golden State Warriors,Houston Rockets,
1143,22,06/04/2026 19:00,State Farm Arena,Atlanta Hawks,New York Knicks,
1144,22,06/04/2026 19:00,Kia Center,Orlando Magic,Detroit Pistons,
1145,22,06/04/2026 20:00,FedExForum,Memphis Grizzlies,Cleveland Cavaliers,
1146,22,06/04/2026 20:00,Frost Bank Center,San Antonio Spurs,Philadelphia 76ers,
1147,22,06/04/2026 21:00,Ball Arena,Denver Nuggets,Portland Trail Blazers,
1148,22,07/04/2026 19:00,Capital One Arena,Washington Wizards,Chicago Bulls,
1149,22,07/04/2026 19:30,TD Garden,Boston Celtics,Charlotte Hornets,
1150,22,07/04/2026 19:30,Barclays Center,Brooklyn Nets,Milwaukee Bucks,
1151,22,07/04/2026 19:30,Scotiabank Arena,Toronto Raptors,Miami Heat,
1152,22,07/04/2026 20:00,Gainbridge Fieldhouse,Indiana Pacers,Minnesota Timberwolves,
1153,22,07/04/2026 20:00,Smoothie King Center,New Orleans Pelicans,Utah Jazz,
1154,22,07/04/2026 22:00,Chase Center,Golden State Warriors,Sacramento Kings,
1155,22,07/04/2026 22:30,Crypto.com Arena,Los Angeles Lakers,Oklahoma City Thunder,
1156,22,07/04/2026 22:30,Intuit Dome,LA Clippers,Dallas Mavericks,
1157,22,07/04/2026 23:00,Mortgage Matchup Center,Phoenix Suns,Houston Rockets,
1158,23,08/04/2026 19:00,Rocket Arena,Cleveland Cavaliers,Atlanta Hawks,
1159,23,08/04/2026 19:00,Kia Center,Orlando Magic,Minnesota Timberwolves,
1160,23,08/04/2026 19:30,Little Caesars Arena,Detroit Pistons,Milwaukee Bucks,
1161,23,08/04/2026 20:00,Frost Bank Center,San Antonio Spurs,Portland Trail Blazers,
1162,23,08/04/2026 21:00,Ball Arena,Denver Nuggets,Memphis Grizzlies,
1163,23,08/04/2026 22:00,Intuit Dome,LA Clippers,Oklahoma City Thunder,
1164,23,08/04/2026 22:00,Mortgage Matchup Center,Phoenix Suns,Dallas Mavericks,
1165,23,09/04/2026 19:00,Scotiabank Arena,Toronto Raptors,Miami Heat,
1166,23,09/04/2026 19:00,Capital One Arena,Washington Wizards,Chicago Bulls,
1167,23,09/04/2026 19:30,Barclays Center,Brooklyn Nets,Indiana Pacers,
1168,23,09/04/2026 19:30,Madison Square Garden,New York Knicks,Boston Celtics,
1169,23,09/04/2026 20:00,Toyota Center,Houston Rockets,Philadelphia 76ers,
1170,23,09/04/2026 22:00,Chase Center,Golden State Warriors,Los Angeles Lakers,
1171,23,10/04/2026 19:00,Spectrum Center,Charlotte Hornets,Detroit Pistons,
1172,23,10/04/2026 19:00,Capital One Arena,Washington Wizards,Miami Heat,
1173,23,10/04/2026 19:30,State Farm Arena,Atlanta Hawks,Cleveland Cavaliers,
1174,23,10/04/2026 19:30,TD Garden,Boston Celtics,New Orleans Pelicans,
1175,23,10/04/2026 19:30,Gainbridge Fieldhouse,Indiana Pacers,Philadelphia 76ers,
1176,23,10/04/2026 19:30,Madison Square Garden,New York Knicks,Toronto Raptors,
1177,23,10/04/2026 20:00,United Center,Chicago Bulls,Orlando Magic,
1178,23,10/04/2026 20:00,Toyota Center,Houston Rockets,Minnesota Timberwolves,
1179,23,10/04/2026 20:00,Fiserv Forum,Milwaukee Bucks,Brooklyn Nets,
1180,23,10/04/2026 20:00,Frost Bank Center,San Antonio Spurs,Dallas Mavericks,
1181,23,10/04/2026 21:30,Delta Center,Utah Jazz,Memphis Grizzlies,
1182,23,10/04/2026 22:00,Ball Arena,Denver Nuggets,Oklahoma City Thunder,
1183,23,10/04/2026 22:00,Moda Center,Portland Trail Blazers,LA Clippers,
1184,23,10/04/2026 22:00,Golden 1 Center,Sacramento Kings,Golden State Warriors,
1185,23,10/04/2026 22:30,Crypto.com Arena,Los Angeles Lakers,Phoenix Suns,
1186,23,12/04/2026 18:00,TD Garden,Boston Celtics,Orlando Magic,
1187,23,12/04/2026 18:00,Rocket Arena,Cleveland Cavaliers,Washington Wizards,
1188,23,12/04/2026 18:00,Gainbridge Fieldhouse,Indiana Pacers,Detroit Pistons,
1189,23,12/04/2026 18:00,Kaseya Center,Miami Heat,Atlanta Hawks,
1190,23,12/04/2026 18:00,Madison Square Garden,New York Knicks,Charlotte Hornets,
1191,23,12/04/2026 18:00,Xfinity Mobile Arena,Philadelphia 76ers,Milwaukee Bucks,
1192,23,12/04/2026 18:00,Scotiabank Arena,Toronto Raptors,Brooklyn Nets,
1193,23,12/04/2026 20:30,American Airlines Center,Dallas Mavericks,Chicago Bulls,
1194,23,12/04/2026 20:30,Toyota Center,Houston Rockets,Memphis Grizzlies,
1195,23,12/04/2026 20:30,Target Center,Minnesota Timberwolves,New Orleans Pelicans,
1196,23,12/04/2026 20:30,Paycom Center,Oklahoma City Thunder,Phoenix Suns,
1197,23,12/04/2026 20:30,Frost Bank Center,San Antonio Spurs,Denver Nuggets,
1198,23,12/04/2026 20:30,Crypto.com Arena,Los Angeles Lakers,Utah Jazz,
1199,23,12/04/2026 20:30,Intuit Dome,LA Clippers,Golden State Warriors,
1200,23,12/04/2026 20:30,Moda Center,Portland Trail Blazers,Sacramento Kings,
