RANK,TEAM,GP,W,L,WIN%,MIN,PTS,FGM,FGA,FG%,3PM,3PA,3P%,FTM,FTA,FT%,OREB,DREB,REB,AST,TOV,STL,BLK,BLKA,PF,PFD,+/-,YEAR
1,GSW,6,6,0,1.0,48.0,112.7,40.7,86.3,47.1,16.2,42.3,38.2,15.2,19.3,78.4,9.3,36.5,45.8,30.0,17.8,8.8,6.0,4.5,20.5,18.3,17.3,2024-25
2,BOS,5,4,1,0.8,48.0,121.8,42.8,95.0,45.1,19.4,52.6,36.9,16.8,20.8,80.8,13.2,32.4,45.6,29.6,12.2,9.8,5.6,1.2,20.2,21.6,16.6,2024-25
2,LAC,5,4,1,0.8,48.0,105.8,38.8,81.8,47.4,9.2,30.6,30.1,19.0,25.8,73.6,9.4,34.4,43.8,24.4,19.0,13.6,7.0,5.2,19.0,21.0,9.2,2024-25
2,MIA,5,4,1,0.8,48.0,112.6,41.0,90.2,45.5,13.4,41.0,32.7,17.2,23.6,72.9,9.8,33.0,42.8,29.8,16.0,15.2,4.4,5.4,22.4,21.6,3.2,2024-25
2,NYK,5,4,1,0.8,48.0,114.2,39.6,91.6,43.2,12.4,41.0,30.2,22.6,27.6,81.9,10.8,36.0,46.8,23.4,12.6,8.8,4.2,5.0,17.8,24.6,7.0,2024-25
2,OKC,5,4,1,0.8,49.0,114.0,44.0,92.0,47.8,14.6,41.6,35.1,11.4,17.2,66.3,9.8,37.4,47.2,28.0,13.4,11.2,6.4,3.4,19.8,18.4,11.8,2024-25
7,HOU,4,3,1,0.75,49.3,120.5,43.8,93.5,46.8,13.3,40.3,32.9,19.8,28.8,68.7,13.8,38.5,52.3,26.3,17.8,8.8,4.8,4.0,21.8,23.3,10.5,2024-25
7,POR,4,3,1,0.75,48.0,109.8,40.5,90.3,44.9,10.3,33.5,30.6,18.5,25.3,73.3,14.3,35.3,49.5,26.0,17.8,11.5,6.0,6.0,19.5,22.3,16.8,2024-25
9,UTA,6,4,2,0.667,48.0,111.3,37.3,80.5,46.4,12.8,36.2,35.5,23.8,30.0,79.4,11.2,34.2,45.3,22.5,22.5,7.5,7.0,6.3,17.7,24.3,0.3,2024-25
10,CHI,5,3,2,0.6,49.0,121.6,43.8,101.2,43.3,16.4,47.8,34.3,17.6,23.2,75.9,11.8,40.4,52.2,28.2,16.0,9.4,6.2,5.4,21.8,19.6,0.2,2024-25
10,DET,5,3,2,0.6,48.0,105.4,40.0,88.0,45.5,10.8,33.8,32.0,14.6,18.4,79.3,10.0,34.2,44.2,29.2,16.6,11.0,5.8,8.4,20.6,17.8,8.2,2024-25
10,MEM,5,3,2,0.6,48.0,113.6,39.0,87.4,44.6,15.0,41.6,36.1,20.6,28.0,73.6,15.0,34.4,49.4,29.8,21.0,9.6,5.2,4.0,24.2,21.2,-3.6,2024-25
10,PHX,5,3,2,0.6,49.0,110.8,41.0,92.6,44.3,15.6,44.0,35.5,13.2,17.2,76.7,7.4,38.0,45.4,29.8,15.6,9.0,6.4,4.6,18.0,18.8,-1.6,2024-25
10,TOR,5,3,2,0.6,48.0,113.2,43.4,92.0,47.2,11.6,34.8,33.3,14.8,20.4,72.5,13.2,35.4,48.6,31.4,18.2,8.2,3.0,6.0,26.0,21.4,2.0,2024-25
15,IND,4,2,2,0.5,49.3,124.0,46.3,91.3,50.7,13.5,37.0,36.5,18.0,25.3,71.3,12.0,33.0,45.0,29.5,17.0,11.3,5.3,3.3,19.5,22.5,3.0,2024-25
15,PHI,6,3,3,0.5,48.0,109.8,39.0,88.2,44.2,13.2,39.2,33.6,18.7,24.2,77.2,13.2,34.5,47.7,21.5,15.8,10.3,3.3,6.2,21.0,20.3,2.8,2024-25
17,CHA,5,2,3,0.4,49.0,112.0,40.2,90.4,44.5,16.8,44.6,37.7,14.8,20.4,72.5,11.8,37.4,49.2,23.6,22.4,7.6,6.4,5.8,23.0,21.8,3.0,2024-25
17,MIN,5,2,3,0.4,48.0,120.8,43.8,95.0,46.1,16.0,44.4,36.0,17.2,24.0,71.7,11.8,35.2,47.0,27.0,15.4,8.4,3.8,6.0,24.8,21.2,2.8,2024-25
17,SAS,5,2,3,0.4,48.0,112.8,41.8,87.4,47.8,12.4,37.2,33.3,16.8,24.2,69.4,9.8,32.8,42.6,30.2,16.4,9.6,3.8,6.2,19.4,19.6,-2.8,2024-25
17,WAS,5,2,3,0.4,48.0,103.0,36.6,82.4,44.4,12.4,37.4,33.2,17.4,25.0,69.6,8.4,32.4,40.8,23.4,21.0,6.4,6.2,4.2,23.8,22.8,-14.0,2024-25
21,LAL,6,2,4,0.333,48.8,104.5,38.7,92.8,41.7,11.5,38.5,29.9,15.7,20.3,77.0,12.0,35.7,47.7,24.5,17.3,8.2,6.7,6.3,16.8,19.2,-13.7,2024-25
21,NOP,3,1,2,0.333,48.0,101.0,37.0,87.3,42.4,10.0,38.0,26.3,17.0,22.0,77.3,11.0,34.0,45.0,23.0,17.7,9.0,7.0,3.0,20.7,17.7,-6.7,2024-25
21,ORL,3,1,2,0.333,48.0,105.0,37.0,82.7,44.8,11.0,37.0,29.7,20.0,26.3,75.9,9.0,36.7,45.7,24.7,20.0,9.7,5.3,5.0,21.0,20.3,1.0,2024-25
24,ATL,4,1,3,0.25,48.0,107.5,39.5,92.8,42.6,15.3,45.5,33.5,13.3,18.3,72.6,13.3,32.8,46.0,28.8,20.0,10.8,3.5,5.3,20.8,20.0,-7.0,2024-25
24,BKN,4,1,3,0.25,48.0,111.0,39.3,88.0,44.6,13.0,40.3,32.3,19.5,26.8,72.9,10.8,29.0,39.8,27.5,15.5,10.0,4.3,7.0,23.0,22.8,1.0,2024-25
24,DAL,4,1,3,0.25,48.0,105.8,38.8,85.3,45.5,11.0,31.8,34.6,17.3,23.5,73.4,8.5,34.5,43.0,22.8,19.0,10.3,7.5,6.0,20.8,20.5,0.3,2024-25
24,MIL,4,1,3,0.25,48.0,96.0,35.5,88.3,40.2,13.5,36.5,37.0,11.5,15.5,74.2,9.3,37.3,46.5,26.0,18.0,9.0,7.3,8.0,20.0,16.0,-14.8,2024-25
28,DEN,5,1,4,0.2,48.0,109.4,38.0,83.4,45.6,11.4,33.8,33.7,22.0,31.4,70.1,10.0,35.4,45.4,28.4,20.0,7.2,3.2,5.2,22.2,25.4,-11.6,2024-25
29,CLE,4,0,4,0.0,49.3,114.5,41.0,94.3,43.5,12.0,41.3,29.1,20.5,28.0,73.2,10.0,38.3,48.3,28.5,16.3,9.0,5.5,6.3,17.0,22.0,-8.5,2024-25
29,,3,0,3,0.0,48.0,86.7,30.7,82.7,37.1,10.0,38.7,25.9,15.3,19.3,79.3,10.7,24.0,34.7,17.3,17.3,8.3,4.7,3.7,21.0,20.0,-37.3,2024-25
29,,1,0,1,0.0,48.0,100.0,34.0,83.0,41.0,20.0,46.0,43.5,12.0,13.0,92.3,9.0,22.0,31.0,22.0,17.0,9.0,1.0,5.0,24.0,17.0,-11.0,2024-25
29,SAC,5,0,5,0.0,48.0,101.6,38.4,91.4,42.0,9.4,37.0,25.4,15.4,21.0,73.3,14.8,30.0,44.8,25.8,17.6,12.2,2.8,5.0,24.0,21.4,-11.6,2024-25
1,MIN,5,5,0,1.0,48.0,117.6,43.4,88.4,49.1,15.8,38.8,40.7,15.0,19.6,76.5,10.6,35.4,46.0,31.2,18.2,7.4,5.8,5.6,21.8,20.4,13.0,2023-24
1,,1,1,0,1.0,48.0,127.0,44.0,94.0,46.8,20.0,51.0,39.2,19.0,29.0,65.5,15.0,37.0,52.0,28.0,15.0,9.0,9.0,6.0,22.0,24.0,4.0,2023-24
1,TOR,4,4,0,1.0,48.0,121.5,42.5,85.8,49.6,12.3,35.3,34.8,24.3,31.8,76.4,13.0,39.0,52.0,30.3,20.8,11.0,7.3,5.0,21.8,22.5,23.5,2023-24
4,BOS,5,4,1,0.8,48.0,116.6,41.6,91.0,45.7,15.8,45.4,34.8,17.6,22.6,77.9,13.2,36.2,49.4,24.4,16.0,10.0,4.6,5.2,19.8,19.2,10.6,2023-24
4,GSW,5,4,1,0.8,47.7,117.2,41.4,87.2,47.5,14.8,38.4,38.5,19.6,25.8,76.0,10.6,38.2,48.8,27.0,18.2,8.6,4.6,6.2,21.0,19.4,3.8,2023-24
4,HOU,5,4,1,0.8,48.0,110.8,38.8,89.2,43.5,10.0,33.6,29.8,23.2,30.4,76.3,11.8,38.8,50.6,24.6,16.4,13.2,4.8,6.4,23.4,24.8,10.8,2023-24
4,PHX,5,4,1,0.8,49.0,119.8,41.4,88.0,47.0,12.4,32.4,38.3,24.6,30.8,79.9,11.6,34.2,45.8,27.0,18.6,10.4,5.0,6.6,21.4,26.0,8.2,2023-24
8,ORL,4,3,1,0.75,48.0,107.8,38.0,85.5,44.4,13.3,40.0,33.1,18.5,24.5,75.5,9.3,33.3,42.5,26.8,15.5,12.3,7.5,4.3,19.3,22.3,10.3,2023-24
8,WAS,4,3,1,0.75,48.0,118.0,41.3,91.8,45.0,13.3,38.5,34.4,22.3,26.5,84.0,9.0,37.3,46.3,25.8,13.8,12.8,7.0,5.8,21.0,23.0,14.5,2023-24
10,ATL,5,3,2,0.6,48.0,107.8,39.2,86.0,45.6,12.4,37.6,33.0,17.0,22.4,75.9,10.2,35.0,45.2,25.8,21.0,11.2,3.2,6.6,18.6,20.0,-2.2,2023-24
10,DEN,5,3,2,0.6,50.0,112.2,40.8,86.2,47.3,13.8,39.2,35.2,16.8,22.2,75.7,9.2,31.2,40.4,28.4,16.6,9.8,6.0,3.6,20.6,20.2,2.6,2023-24
10,MIL,5,3,2,0.6,48.0,108.0,39.4,92.8,42.5,13.8,42.8,32.2,15.4,21.4,72.0,11.4,37.8,49.2,26.0,17.4,9.4,6.0,6.6,19.0,20.0,-1.4,2023-24
10,SAS,5,3,2,0.6,48.0,113.8,41.2,89.8,45.9,13.2,35.8,36.9,18.2,26.6,68.4,10.2,35.6,45.8,29.6,16.4,10.0,7.6,4.6,19.0,21.8,4.8,2023-24
10,UTA,5,3,2,0.6,48.0,112.8,40.8,86.2,47.3,11.2,34.0,32.9,20.0,26.4,75.8,11.2,36.0,47.2,26.4,18.2,8.4,6.0,8.2,20.4,21.8,4.4,2023-24
15,BKN,4,2,2,0.5,48.0,121.8,41.5,88.0,47.2,16.8,38.3,43.8,22.0,27.8,79.3,10.8,36.8,47.5,26.3,18.8,7.3,5.8,5.5,16.8,23.8,6.0,2023-24
15,DET,4,2,2,0.5,49.3,119.0,43.0,91.0,47.3,13.0,35.8,36.4,20.0,27.8,72.1,11.5,39.8,51.3,28.3,18.3,6.8,6.0,5.5,26.0,22.0,-2.3,2023-24
15,IND,4,2,2,0.5,49.3,112.5,40.3,93.3,43.2,13.5,44.5,30.3,18.5,24.0,77.1,10.8,37.5,48.3,29.5,18.8,7.8,8.3,6.5,23.3,22.5,-3.8,2023-24
15,LAC,4,2,2,0.5,48.0,101.3,38.3,88.3,43.3,7.8,28.5,27.2,17.0,22.3,76.4,12.5,34.5,47.0,21.5,15.3,9.8,6.8,5.0,21.0,18.8,0.0,2023-24
15,PHI,4,2,2,0.5,48.0,113.5,41.5,93.3,44.5,16.0,41.5,38.6,14.5,19.3,75.3,12.3,30.5,42.8,26.3,14.5,12.5,5.8,5.0,22.8,19.0,0.8,2023-24
20,MEM,5,2,3,0.4,49.0,115.4,41.8,93.6,44.7,14.4,45.0,32.0,17.4,22.8,76.3,9.4,36.2,45.6,27.0,16.6,8.8,8.0,6.6,20.8,20.4,-1.2,2023-24
20,MIA,5,2,3,0.4,48.0,111.4,41.4,90.6,45.7,11.8,36.0,32.8,16.8,20.4,82.4,11.2,36.8,48.0,25.0,18.8,6.8,4.0,6.4,23.6,19.4,-2.6,2023-24
20,OKC,5,2,3,0.4,48.0,120.4,42.4,91.0,46.6,14.0,38.6,36.3,21.6,29.2,74.0,10.4,35.2,45.6,28.6,14.4,8.2,4.4,6.2,19.8,20.6,3.4,2023-24
23,LAL,6,2,4,0.333,46.9,108.2,39.0,86.0,45.3,13.0,36.0,36.1,17.2,24.8,69.1,7.8,35.0,42.8,23.3,17.7,9.7,7.3,4.7,21.0,22.0,-6.7,2023-24
24,CHA,4,1,3,0.25,48.0,104.3,38.5,90.8,42.4,8.0,33.5,23.9,19.3,26.3,73.3,12.0,40.5,52.5,22.5,19.0,9.3,6.3,6.5,19.0,21.3,-9.0,2023-24
24,CLE,4,1,3,0.25,48.0,109.0,39.3,85.8,45.8,14.5,41.8,34.7,16.0,20.3,79.0,6.8,37.8,44.5,28.0,20.5,9.3,6.5,4.0,21.5,18.3,5.5,2023-24
24,DAL,4,1,3,0.25,48.0,108.0,38.5,93.8,41.1,15.3,44.5,34.3,15.8,23.3,67.7,10.3,35.8,46.0,22.8,15.0,9.0,7.0,8.8,19.3,21.3,-3.5,2023-24
24,NOP,4,1,3,0.25,48.0,100.3,38.0,86.5,43.9,10.8,34.5,31.2,13.5,20.0,67.5,12.0,31.5,43.5,24.8,21.5,11.0,5.3,6.5,19.3,19.3,-10.8,2023-24
24,NYK,4,1,3,0.25,48.0,110.5,38.5,86.0,44.8,14.8,41.3,35.8,18.8,26.0,72.1,11.3,30.5,41.8,22.8,15.3,9.0,3.3,3.5,17.8,21.5,-10.0,2023-24
24,POR,4,1,3,0.25,48.0,114.0,43.0,89.3,48.2,11.8,34.3,34.3,16.3,22.5,72.2,11.5,31.5,43.0,25.3,19.8,12.8,4.8,5.0,22.5,20.5,3.3,2023-24
30,CHI,5,1,4,0.2,50.0,108.8,41.2,95.0,43.4,11.8,32.8,36.0,14.6,17.8,82.0,15.4,29.2,44.6,26.0,17.0,10.2,3.6,7.8,21.4,18.0,-4.2,2023-24
30,SAC,5,1,4,0.2,49.0,109.2,40.2,93.2,43.1,14.0,45.2,31.0,14.8,20.0,74.0,9.6,32.4,42.0,28.4,15.4,8.2,5.8,2.8,22.8,21.6,-5.0,2023-24
32,,2,0,2,0.0,48.0,80.0,27.5,78.5,35.0,7.0,34.5,20.3,18.0,22.0,81.8,7.0,28.0,35.0,15.0,21.0,11.0,6.5,7.0,22.0,23.0,-30.0,2023-24
32,,1,0,1,0.0,48.0,76.0,30.0,72.0,41.7,9.0,29.0,31.0,7.0,10.0,70.0,11.0,25.0,36.0,17.0,27.0,10.0,2.0,4.0,26.0,15.0,-33.0,2023-24
32,,3,0,3,0.0,48.0,101.0,38.3,94.0,40.8,11.3,40.0,28.3,13.0,15.7,83.0,10.3,27.7,38.0,20.7,14.7,8.0,5.3,5.7,20.0,17.0,-30.0,2023-24
32,,2,0,2,0.0,48.0,87.5,34.5,92.0,37.5,6.0,32.5,18.5,12.5,17.5,71.4,13.0,27.0,40.0,18.5,24.0,11.0,3.5,7.0,23.0,19.0,-52.0,2023-24
1,PHI,4,4,0,1.0,48.0,113.0,41.3,96.0,43.0,13.0,37.5,34.7,17.5,20.3,86.4,13.0,34.3,47.3,23.0,13.8,13.0,5.0,7.5,22.3,19.8,10.3,2022-23
1,SAC,4,4,0,1.0,48.0,117.3,42.3,93.5,45.2,16.0,41.0,39.0,16.8,25.0,67.0,12.5,36.3,48.8,28.3,16.8,12.8,4.5,6.0,28.3,22.8,27.5,2022-23
3,OKC,6,5,1,0.833,48.0,119.3,41.8,83.8,49.9,13.8,36.2,38.2,21.8,28.0,78.0,11.8,37.3,49.2,26.7,18.0,8.8,5.3,5.0,20.7,21.8,18.5,2022-23
4,MIA,5,4,1,0.8,48.0,113.8,39.6,91.8,43.1,15.0,43.0,34.9,19.6,24.6,79.7,12.2,32.6,44.8,28.0,15.4,10.8,4.8,4.2,23.8,22.8,9.4,2022-23
4,MIN,5,4,1,0.8,48.0,114.8,41.4,89.8,46.1,11.4,34.8,32.8,20.6,27.8,74.1,6.6,41.0,47.6,27.2,15.0,10.6,4.4,5.2,22.6,22.8,4.4,2022-23
4,NOP,5,4,1,0.8,48.0,114.0,41.0,90.6,45.3,10.2,32.2,31.7,21.8,28.8,75.7,11.4,37.4,48.8,27.0,16.8,9.6,5.8,6.0,24.8,25.0,3.2,2022-23
4,ORL,5,4,1,0.8,48.0,106.4,37.8,85.6,44.2,12.6,40.0,31.5,18.2,22.6,80.5,10.8,36.2,47.0,23.8,19.2,10.4,6.0,4.6,23.2,22.0,1.2,2022-23
8,CHI,4,3,1,0.75,48.0,124.5,46.5,87.8,53.0,11.8,29.5,39.8,19.8,23.5,84.0,9.5,37.3,46.8,30.0,20.0,8.3,5.0,5.5,22.8,22.5,13.5,2022-23
8,HOU,4,3,1,0.75,48.0,120.5,43.5,90.5,48.1,15.5,37.0,41.9,18.0,24.5,73.5,14.0,39.0,53.0,25.3,20.3,8.5,4.3,7.0,24.0,21.3,13.5,2022-23
8,NYK,4,3,1,0.75,48.0,113.3,41.8,95.8,43.6,12.5,38.3,32.7,17.3,21.0,82.1,12.8,37.3,50.0,25.3,13.5,8.5,6.3,8.3,20.3,22.0,11.3,2022-23
11,DAL,3,2,1,0.667,48.0,106.0,36.0,82.7,43.5,15.7,45.0,34.8,18.3,23.7,77.5,6.0,32.3,38.3,24.3,17.0,12.0,5.0,3.7,23.0,22.3,3.7,2022-23
12,DEN,5,3,2,0.6,48.0,113.2,40.0,84.4,47.4,10.8,30.8,35.1,22.4,29.8,75.2,9.4,32.8,42.2,25.2,17.6,8.2,3.8,5.6,20.8,25.8,-1.8,2022-23
12,GSW,5,3,2,0.6,48.0,112.8,39.0,86.8,44.9,12.6,37.6,33.5,22.2,28.8,77.1,11.2,37.6,48.8,26.8,17.6,8.8,3.8,4.6,26.8,23.8,8.2,2022-23
12,MEM,5,3,2,0.6,48.0,111.0,38.2,85.4,44.7,9.2,33.0,27.9,25.4,34.6,73.4,12.2,34.6,46.8,23.6,18.8,12.0,4.8,4.6,19.0,27.0,5.0,2022-23
12,TOR,5,3,2,0.6,50.0,114.8,42.2,96.6,43.7,8.0,32.8,24.4,22.4,32.4,69.1,15.2,37.6,52.8,19.2,15.0,10.0,6.0,3.2,23.6,23.8,1.6,2022-23
16,,2,1,1,0.5,48.0,116.0,41.5,90.5,45.9,17.5,39.5,44.3,15.5,21.0,73.8,12.0,28.5,40.5,25.0,16.0,8.5,4.5,5.5,20.5,18.5,-11.5,2022-23
16,ATL,4,2,2,0.5,48.0,112.8,40.8,87.3,46.7,11.8,29.8,39.5,19.5,24.8,78.8,8.8,35.8,44.5,23.0,12.8,5.3,3.8,4.3,20.3,24.5,1.0,2022-23
16,BOS,4,2,2,0.5,50.5,124.8,42.8,90.8,47.1,19.0,49.3,38.6,20.3,24.5,82.7,9.8,40.8,50.5,31.0,18.5,4.3,3.8,5.0,25.3,21.3,10.3,2022-23
16,BKN,4,2,2,0.5,48.0,101.8,36.3,81.0,44.8,9.8,31.5,31.0,19.5,26.5,73.6,8.3,36.0,44.3,23.8,21.0,9.8,5.8,4.0,23.3,22.5,-7.0,2022-23
16,IND,4,2,2,0.5,48.0,114.8,42.3,91.5,46.2,10.0,33.5,29.9,20.3,25.3,80.2,10.8,36.0,46.8,27.0,16.0,6.8,8.0,4.8,24.5,23.0,2.3,2022-23
16,LAC,4,2,2,0.5,48.0,113.8,37.5,81.8,45.9,13.8,34.5,39.9,25.0,32.0,78.1,8.8,36.8,45.5,25.8,19.5,10.0,7.0,5.8,22.0,24.0,8.0,2022-23
22,CLE,4,1,3,0.25,48.0,105.5,37.8,85.5,44.2,12.0,30.8,39.0,18.0,24.3,74.2,9.3,34.8,44.0,22.5,15.5,7.5,6.3,7.0,22.0,20.5,-4.3,2022-23
22,PHX,4,1,3,0.25,48.0,113.0,38.8,91.0,42.6,10.3,35.3,29.1,25.3,29.8,84.9,12.3,33.3,45.5,24.3,16.8,10.5,5.3,4.3,24.8,24.8,-2.3,2022-23
22,UTA,4,1,3,0.25,48.0,101.3,37.8,91.5,41.3,10.5,35.3,29.8,15.3,23.8,64.2,14.0,35.3,49.3,23.5,20.0,8.3,4.8,7.5,22.8,24.3,-9.0,2022-23
22,WAS,4,1,3,0.25,48.0,96.8,34.8,87.3,39.8,9.0,36.0,25.0,18.3,24.8,73.7,9.0,32.5,41.5,23.8,14.0,9.8,7.8,4.8,22.8,22.0,-6.3,2022-23
26,POR,5,1,4,0.2,48.0,105.6,34.8,76.2,45.7,9.0,26.2,34.4,27.0,35.8,75.4,9.0,30.2,39.2,20.8,19.2,8.4,7.0,5.0,23.0,29.6,-6.8,2022-23
26,SAS,5,1,4,0.2,48.0,103.0,36.8,87.6,42.0,10.6,35.8,29.6,18.8,26.4,71.2,11.6,35.4,47.0,23.8,18.6,7.8,5.8,6.2,22.8,25.4,-10.8,2022-23
28,LAL,6,1,5,0.167,48.0,102.0,33.8,85.0,39.8,11.0,38.5,28.6,23.3,32.0,72.9,7.8,38.3,46.2,22.3,19.7,6.7,6.2,4.5,23.7,26.5,-16.3,2022-23
29,CHA,5,0,5,0.0,48.0,98.8,36.8,92.4,39.8,7.2,31.4,22.9,18.0,26.0,69.2,14.2,33.2,47.4,18.4,16.6,8.6,6.2,5.2,21.0,23.2,-17.8,2022-23
29,DET,4,0,4,0.0,48.0,101.8,34.8,88.3,39.4,13.5,44.8,30.2,18.8,24.0,78.1,11.0,35.5,46.5,22.5,19.5,4.8,5.5,6.3,26.0,19.3,-14.5,2022-23
29,,3,0,3,0.0,48.0,87.7,31.7,84.3,37.5,6.3,22.0,28.8,18.0,27.3,65.9,11.0,19.7,30.7,19.3,15.7,11.7,3.3,6.7,29.7,20.7,-46.7,2022-23
29,MIL,5,0,5,0.0,48.0,105.0,36.4,86.2,42.2,14.2,40.6,35.0,18.0,23.8,75.6,12.0,32.4,44.4,22.0,19.4,8.4,3.0,3.8,23.4,18.8,-11.4,2022-23
1,CHI,4,4,0,1.0,48.0,118.0,44.8,97.3,46.0,11.5,31.8,36.2,17.0,20.8,81.9,11.5,41.0,52.5,28.0,12.8,12.5,6.5,6.0,20.3,18.3,21.5,2021-22
1,DAL,4,4,0,1.0,48.0,118.5,44.8,94.3,47.5,12.5,37.0,33.8,16.5,22.5,73.3,14.3,42.8,57.0,29.8,13.0,9.8,6.5,4.5,20.3,20.8,24.3,2021-22
1,GSW,5,5,0,1.0,48.0,118.0,42.4,95.8,44.3,18.4,53.2,34.6,14.8,19.8,74.7,10.0,37.8,47.8,29.8,15.8,13.4,4.4,5.0,19.2,20.8,11.4,2021-22
1,NYK,4,4,0,1.0,48.0,116.3,41.8,94.0,44.4,15.8,41.0,38.4,17.0,20.3,84.0,9.5,38.8,48.3,26.3,11.3,6.8,4.5,7.5,21.8,18.5,12.3,2021-22
1,SAC,4,4,0,1.0,48.0,113.3,41.5,94.5,43.9,16.0,45.5,35.2,14.3,19.3,74.0,10.0,35.3,45.3,23.3,13.3,10.5,3.5,5.8,20.8,17.5,11.0,2021-22
6,MIA,6,5,1,0.833,48.0,110.7,40.3,89.0,45.3,13.8,37.3,37.1,16.2,21.2,76.4,12.7,35.3,48.0,23.5,18.7,8.3,4.8,4.5,22.0,21.8,4.0,2021-22
7,BKN,4,3,1,0.75,48.0,113.3,40.8,83.3,48.9,13.8,33.8,40.7,18.0,23.5,76.6,9.0,34.8,43.8,22.3,19.3,9.3,5.0,4.3,21.8,22.0,6.3,2021-22
7,MIN,4,3,1,0.75,49.3,115.0,43.0,94.5,45.5,12.3,40.5,30.2,16.8,20.5,81.7,9.8,37.0,46.8,26.8,16.0,12.8,6.3,6.5,22.5,21.5,6.8,2021-22
7,PHX,4,3,1,0.75,48.0,116.3,44.5,92.5,48.1,11.8,33.3,35.3,15.5,17.3,89.9,9.8,40.5,50.3,27.8,16.8,11.0,4.0,3.5,17.8,20.3,18.8,2021-22
10,SAS,5,3,2,0.6,48.0,109.6,42.2,93.6,45.1,12.6,35.8,35.2,12.6,17.8,70.8,11.4,38.8,50.2,25.6,16.0,6.4,4.6,7.4,19.8,18.0,8.2,2021-22
10,TOR,5,3,2,0.6,48.0,113.4,42.4,94.2,45.0,14.4,38.8,37.1,14.2,19.4,73.2,12.6,34.2,46.8,25.4,18.2,12.0,6.0,7.8,22.2,18.4,4.4,2021-22
12,ATL,4,2,2,0.5,48.0,103.3,38.0,90.5,42.0,12.8,35.3,36.2,14.5,17.5,82.9,9.3,36.0,45.3,25.3,15.8,10.0,5.0,6.5,20.0,19.3,2.5,2021-22
12,BOS,4,2,2,0.5,48.0,103.3,36.3,86.0,42.2,14.5,40.0,36.3,16.3,19.5,83.3,9.0,36.3,45.3,22.8,17.8,8.5,5.8,6.8,18.3,19.0,-4.8,2021-22
12,DET,4,2,2,0.5,48.0,104.8,38.3,84.0,45.5,9.8,31.5,31.0,18.5,23.3,79.6,9.0,34.3,43.3,22.5,17.0,6.5,6.3,5.0,18.0,21.8,-7.3,2021-22
12,IND,4,2,2,0.5,48.0,104.0,39.8,89.8,44.3,11.5,38.0,30.3,13.0,18.3,71.2,10.3,36.3,46.5,25.0,16.5,9.0,6.5,4.3,20.3,15.3,-6.5,2021-22
12,MEM,6,3,3,0.5,48.0,106.8,40.7,91.3,44.5,12.8,39.2,32.8,12.7,16.0,79.2,12.7,39.0,51.7,23.7,18.3,9.8,7.7,4.0,18.3,16.7,9.3,2021-22
12,PHI,4,2,2,0.5,48.0,113.8,42.5,89.5,47.5,12.8,33.8,37.8,16.0,23.0,69.6,11.0,28.0,39.0,23.0,17.3,15.0,7.0,6.0,21.8,20.5,0.8,2021-22
12,UTA,4,2,2,0.5,48.0,109.3,40.8,95.0,42.9,15.5,45.8,33.9,12.3,16.5,74.2,8.8,37.0,45.8,23.5,15.0,10.0,5.8,4.3,20.0,18.0,-0.3,2021-22
19,CLE,5,2,3,0.4,48.0,101.0,36.8,82.8,44.4,10.6,30.6,34.6,16.8,25.6,65.6,8.8,34.6,43.4,24.0,19.8,10.2,4.8,6.6,16.6,23.2,-5.4,2021-22
20,CHA,4,1,3,0.25,48.0,93.3,35.8,89.5,39.9,8.5,32.5,26.2,13.3,19.3,68.8,11.0,34.3,45.3,21.3,19.3,9.0,5.5,6.0,20.8,21.0,-20.8,2021-22
20,HOU,4,1,3,0.25,48.0,105.3,36.8,87.3,42.1,10.3,34.5,29.7,21.5,32.8,65.6,12.5,38.0,50.5,21.0,20.3,8.0,4.5,5.8,22.8,29.0,-11.0,2021-22
20,LAC,4,1,3,0.25,48.0,103.8,37.8,90.8,41.6,10.0,32.5,30.8,18.3,23.3,78.5,11.8,36.0,47.8,25.5,18.5,6.8,6.5,8.0,21.8,22.0,-12.5,2021-22
20,NOP,4,1,3,0.25,48.0,99.8,36.8,93.8,39.2,12.0,35.0,34.3,14.3,19.3,74.0,12.0,34.5,46.5,22.0,17.8,7.8,4.3,8.0,18.8,21.8,-13.0,2021-22
20,OKC,4,1,3,0.25,49.3,105.5,38.5,90.0,42.8,15.5,45.5,34.1,13.0,19.0,68.4,8.5,36.3,44.8,23.5,15.8,8.5,3.5,5.8,19.8,19.5,-8.3,2021-22
20,ORL,4,1,3,0.25,48.0,96.5,36.0,85.3,42.2,12.3,33.5,36.6,12.3,15.5,79.0,8.8,36.8,45.5,21.3,17.0,8.3,10.0,4.5,18.3,17.5,-4.8,2021-22
26,DEN,5,1,4,0.2,50.0,108.4,38.6,89.2,43.3,15.6,45.2,34.5,15.6,21.0,74.3,8.2,36.6,44.8,24.8,16.8,8.0,6.8,4.4,21.8,20.6,-1.6,2021-22
26,MIL,5,1,4,0.2,48.0,109.0,41.8,87.8,47.6,14.2,35.8,39.7,11.2,15.6,71.8,9.6,35.6,45.2,22.4,15.2,7.6,4.6,6.2,16.4,16.6,-1.8,2021-22
28,LAL,6,0,6,0.0,48.0,103.5,37.0,88.2,42.0,11.7,34.5,33.8,17.8,25.2,70.9,9.0,37.8,46.8,22.2,19.8,9.0,5.2,4.3,23.3,22.8,-15.0,2021-22
28,POR,4,0,4,0.0,48.0,92.8,33.3,82.5,40.3,9.5,36.5,26.0,16.8,21.5,77.9,8.3,38.0,46.3,17.8,23.5,9.3,4.0,3.3,18.0,18.5,-23.8,2021-22
28,WAS,4,0,4,0.0,48.0,109.8,37.8,86.8,43.5,12.3,37.8,32.5,22.0,29.5,74.6,8.5,38.3,46.8,22.0,13.8,7.8,6.8,5.0,21.3,24.3,-7.8,2021-22
1,BKN,2,2,0,1.0,48.0,116.0,38.0,81.0,46.9,15.0,32.5,46.2,25.0,36.0,69.4,6.5,40.5,47.0,24.5,18.0,9.0,8.0,3.0,19.5,28.0,14.5,2020-21
1,LAL,4,4,0,1.0,48.0,111.0,39.0,82.0,47.6,12.8,25.5,50.0,20.3,28.8,70.4,6.8,36.0,42.8,22.0,15.8,9.0,2.8,4.8,20.0,27.3,9.3,2020-21
1,NOP,2,2,0,1.0,48.0,120.5,41.0,85.5,48.0,12.0,35.5,33.8,26.5,37.5,70.7,15.0,36.0,51.0,22.5,12.5,7.5,4.5,4.0,19.0,29.0,18.0,2020-21
1,PHI,2,2,0,1.0,48.0,110.5,40.0,80.0,50.0,9.0,30.0,30.0,21.5,31.5,68.3,9.5,35.5,45.0,23.0,21.5,7.5,5.0,4.0,27.5,27.5,7.5,2020-21
1,UTA,3,3,0,1.0,48.0,118.3,39.3,82.7,47.6,17.7,44.0,40.2,22.0,27.7,79.5,7.7,38.7,46.3,25.7,15.7,6.7,2.7,2.3,21.0,25.7,17.7,2020-21
6,CHI,4,3,1,0.75,48.0,109.3,41.0,92.3,44.4,11.8,37.0,31.8,15.5,22.8,68.1,12.5,45.0,57.5,24.8,18.5,6.5,5.3,6.3,18.5,20.8,3.8,2020-21
6,HOU,4,3,1,0.75,48.0,114.0,40.5,92.5,43.8,17.0,46.8,36.4,16.0,20.8,77.1,8.8,38.0,46.8,22.3,13.3,10.3,6.8,4.3,24.3,18.5,11.0,2020-21
6,MEM,4,3,1,0.75,48.0,118.5,41.5,92.0,45.1,15.0,42.8,35.1,20.5,28.8,71.3,9.8,40.5,50.3,28.3,18.3,10.8,6.8,5.0,24.8,24.5,10.5,2020-21
6,NYK,4,3,1,0.75,48.0,100.0,37.0,81.5,45.4,9.0,29.8,30.3,17.0,24.8,68.7,9.8,35.5,45.3,24.3,18.5,10.5,5.8,4.3,23.0,24.5,10.3,2020-21
10,DAL,3,2,1,0.667,49.7,122.3,42.3,97.7,43.3,19.7,44.3,44.4,18.0,22.0,81.8,9.7,38.7,48.3,25.7,12.3,4.3,4.0,8.0,20.7,26.0,8.0,2020-21
10,DEN,3,2,1,0.667,48.0,120.0,43.3,91.3,47.4,14.7,38.3,38.3,18.7,25.0,74.7,13.3,38.7,52.0,29.7,17.7,9.3,6.7,4.3,25.3,25.7,20.7,2020-21
10,GSW,3,2,1,0.667,48.0,111.0,38.3,89.3,42.9,14.7,42.0,34.9,19.7,27.3,72.0,8.0,40.7,48.7,24.3,17.0,10.0,7.7,7.0,27.0,23.7,3.0,2020-21
10,TOR,3,2,1,0.667,48.0,109.3,37.3,88.7,42.1,18.3,51.7,35.5,16.3,23.3,70.0,6.3,33.7,40.0,25.7,19.0,14.0,4.3,3.7,29.7,24.0,0.7,2020-21
14,ATL,4,2,2,0.5,48.0,112.8,36.0,90.3,39.9,12.8,39.3,32.5,28.0,35.0,80.0,11.8,42.0,53.8,24.0,17.8,7.3,3.3,6.3,24.0,27.0,-4.0,2020-21
14,CLE,4,2,2,0.5,48.0,99.8,34.8,77.3,45.0,11.5,29.5,39.0,18.8,26.3,71.4,9.8,35.0,44.8,21.8,24.0,8.0,4.3,5.8,25.3,24.0,-7.5,2020-21
14,DET,4,2,2,0.5,48.0,94.0,33.0,80.5,41.0,12.3,37.5,32.7,15.8,22.0,71.6,7.3,36.8,44.0,19.5,21.5,11.8,2.5,3.8,21.3,21.3,2.5,2020-21
14,MIA,2,1,1,0.5,48.0,104.5,37.0,77.5,47.7,16.0,41.5,38.6,14.5,19.0,76.3,5.5,37.5,43.0,28.0,20.0,6.0,3.0,2.5,26.0,20.0,-5.0,2020-21
14,ORL,4,2,2,0.5,48.0,114.5,42.8,97.0,44.1,13.0,38.8,33.5,16.0,21.5,74.4,11.3,39.8,51.0,24.5,14.8,8.8,5.5,3.3,21.3,23.0,-2.5,2020-21
14,SAC,4,2,2,0.5,48.0,110.5,37.5,91.8,40.9,13.0,42.8,30.4,22.5,31.3,72.0,9.5,39.0,48.5,24.0,17.8,9.3,6.3,7.5,21.5,25.0,-4.3,2020-21
20,MIN,3,1,2,0.333,49.7,112.7,38.3,90.3,42.4,12.7,37.0,34.2,23.3,31.0,75.3,9.7,41.3,51.0,21.3,21.0,9.3,7.3,7.7,27.3,23.7,-6.3,2020-21
20,OKC,3,1,2,0.333,48.0,109.0,39.0,91.7,42.5,14.7,35.3,41.5,16.3,21.3,76.6,9.3,42.3,51.7,21.3,18.0,8.0,4.0,5.7,17.3,20.3,-3.3,2020-21
20,WAS,3,1,2,0.333,48.0,99.7,37.0,88.0,42.0,12.0,38.3,31.3,13.7,20.0,68.3,8.3,36.3,44.7,22.7,19.3,12.0,3.0,3.3,20.7,20.0,-4.3,2020-21
23,CHA,4,1,3,0.25,48.0,112.3,39.3,88.3,44.5,14.5,36.8,39.5,19.3,26.3,73.3,9.3,37.5,46.8,27.5,19.8,7.3,4.3,5.0,22.0,23.0,-2.3,2020-21
23,POR,4,1,3,0.25,48.0,106.0,38.3,92.3,41.5,12.0,32.8,36.6,17.5,22.0,79.5,10.0,33.0,43.0,19.5,15.8,8.8,5.0,6.0,24.0,22.8,-13.5,2020-21
25,BOS,2,0,2,0.0,48.0,94.0,34.0,87.5,38.9,9.5,42.0,22.6,16.5,21.5,76.7,11.5,33.5,45.0,18.5,21.0,10.0,6.0,6.5,24.5,21.5,-16.5,2020-21
25,IND,3,0,3,0.0,48.0,105.7,38.0,92.0,41.3,14.3,42.0,34.1,15.3,23.0,66.7,11.3,27.3,38.7,23.7,17.0,10.7,2.7,4.3,29.7,26.3,-6.3,2020-21
25,LAC,3,0,3,0.0,48.0,97.3,34.7,81.3,42.6,12.0,33.7,35.6,16.0,21.3,75.0,7.7,34.3,42.0,21.7,18.7,5.3,5.3,2.3,24.3,20.0,-17.0,2020-21
25,MIL,3,0,3,0.0,48.0,109.0,39.7,90.0,44.1,10.3,37.0,27.9,19.3,24.3,79.5,9.3,37.0,46.3,24.7,15.3,5.3,6.0,3.3,26.7,20.7,-13.3,2020-21
25,PHX,4,0,4,0.0,48.0,104.3,38.3,88.0,43.5,12.3,35.8,34.3,15.5,19.8,78.5,8.3,35.8,44.0,22.5,17.8,9.3,2.5,3.0,28.3,20.8,-9.8,2020-21
25,SAS,3,0,3,0.0,48.0,104.0,36.7,91.0,40.3,10.7,34.0,31.4,20.0,28.0,71.4,10.3,32.7,43.0,21.0,14.3,10.3,4.3,4.7,20.3,22.0,-16.3,2020-21
1,NOP,8,8,0,1.0,47.0,121.3,43.1,88.0,49.0,14.8,37.5,39.3,20.3,27.0,75.0,8.1,35.3,43.4,26.9,16.9,9.0,5.0,5.3,22.6,24.1,13.0,2019-20
2,MIL,8,7,1,0.875,47.0,119.1,40.8,83.3,48.9,14.3,39.9,35.7,23.4,29.6,78.9,7.1,41.6,48.8,25.4,20.4,8.4,6.5,3.9,26.5,24.4,11.0,2019-20
3,BOS,7,5,2,0.714,46.9,108.0,40.7,85.7,47.5,11.4,33.0,34.6,15.1,23.1,65.4,10.0,35.6,45.6,23.4,19.3,9.7,5.3,4.1,22.6,23.1,10.0,2019-20
3,DEN,7,5,2,0.714,46.9,105.1,37.7,81.3,46.4,9.6,28.9,33.2,20.1,27.6,73.1,9.7,37.1,46.9,23.3,21.7,9.9,5.0,3.3,23.1,23.1,4.3,2019-20
3,IND,7,5,2,0.714,47.6,114.0,42.0,91.1,46.1,11.6,30.4,38.0,18.4,22.6,81.6,9.7,39.0,48.7,26.4,19.3,7.1,5.9,6.0,23.0,21.7,5.4,2019-20
3,OKC,7,5,2,0.714,46.9,107.0,39.0,84.7,46.0,11.7,33.9,34.6,17.3,25.0,69.1,8.9,37.6,46.4,21.3,16.7,8.7,4.6,4.7,19.4,24.4,4.1,2019-20
7,HOU,9,6,3,0.667,47.1,121.4,40.1,90.9,44.1,19.0,54.3,35.0,22.2,28.3,78.4,11.9,35.7,47.6,25.0,19.0,10.4,5.1,4.7,26.1,24.9,12.2,2019-20
8,MIA,8,5,3,0.625,47.0,111.0,40.5,86.0,47.1,13.1,38.1,34.4,16.9,20.9,80.8,7.6,36.3,43.9,26.4,19.1,7.5,3.9,3.4,23.1,21.8,6.1,2019-20
8,PHI,8,5,3,0.625,47.6,108.9,40.0,90.5,44.2,10.9,33.8,32.2,18.0,24.9,72.4,13.4,40.4,53.8,27.1,16.9,10.0,8.0,5.0,24.6,22.3,12.9,2019-20
10,DET,5,3,2,0.6,48.0,105.2,38.2,89.6,42.6,10.4,34.2,30.4,18.4,24.8,74.2,10.8,35.2,46.0,25.0,17.8,5.8,4.8,6.2,19.4,24.0,-5.4,2019-20
11,BKN,7,4,3,0.571,46.9,106.9,38.0,84.7,44.9,13.3,37.4,35.5,17.6,26.6,66.1,9.1,35.7,44.9,25.0,17.7,10.7,5.1,6.4,22.7,24.7,2.6,2019-20
11,PHX,7,4,3,0.571,46.9,108.0,37.0,85.3,43.4,11.4,34.3,33.3,22.6,27.1,83.2,8.3,33.7,42.0,23.1,19.4,11.6,3.1,4.4,24.9,26.1,1.3,2019-20
11,TOR,7,4,3,0.571,46.9,109.9,37.3,85.0,43.9,14.1,38.0,37.2,21.1,28.3,74.7,9.6,39.9,49.4,25.9,20.9,9.7,4.7,6.3,23.3,24.9,0.9,2019-20
14,LAL,9,5,4,0.556,47.1,110.0,39.4,84.4,46.7,10.0,27.6,36.3,21.1,29.6,71.4,11.1,33.9,45.0,24.8,19.2,9.9,5.0,5.0,26.9,25.7,3.7,2019-20
15,DAL,8,4,4,0.5,47.6,109.8,37.6,87.6,42.9,13.9,41.4,33.5,20.6,28.0,73.7,9.9,38.6,48.5,24.1,17.5,6.8,4.1,4.6,24.1,25.6,2.9,2019-20
15,LAC,8,4,4,0.5,47.0,103.1,37.5,86.9,43.2,11.6,37.8,30.8,16.5,25.1,65.7,8.3,34.9,43.1,25.3,16.8,7.3,4.3,2.8,25.5,25.3,2.5,2019-20
15,MEM,8,4,4,0.5,47.0,107.5,38.5,89.8,42.9,11.0,32.6,33.7,19.5,26.4,73.9,10.6,41.1,51.8,24.3,17.3,7.3,5.9,5.0,20.5,24.3,2.0,2019-20
15,SAC,8,4,4,0.5,47.6,115.1,39.1,87.8,44.6,13.1,36.3,36.2,23.8,29.9,79.5,7.8,33.9,41.6,24.8,18.0,8.8,4.1,4.5,28.0,25.5,1.1,2019-20
19,ORL,9,4,5,0.444,47.1,102.2,37.1,89.8,41.3,10.0,32.7,30.6,18.0,24.9,72.3,12.4,32.3,44.8,24.0,15.8,11.2,5.4,4.7,21.4,22.0,-1.0,2019-20
20,CHI,5,2,3,0.4,48.0,108.0,39.8,95.6,41.6,12.8,39.4,32.5,15.6,22.2,70.3,13.8,36.2,50.0,25.0,17.2,10.2,4.2,6.0,23.2,20.4,0.4,2019-20
20,GSW,5,2,3,0.4,48.0,111.8,37.6,91.2,41.2,12.8,38.8,33.0,23.8,28.0,85.0,12.8,33.8,46.6,22.0,18.8,11.0,6.4,4.8,27.0,25.6,-4.0,2019-20
20,MIN,5,2,3,0.4,48.0,115.0,41.8,97.4,42.9,12.6,41.8,30.1,18.8,24.6,76.4,13.4,36.6,50.0,26.0,19.6,9.2,5.6,7.4,19.0,22.8,-1.8,2019-20
23,SAS,8,3,5,0.375,47.0,106.6,39.1,86.4,45.3,8.9,23.6,37.6,19.5,25.1,77.6,8.6,37.0,45.6,24.4,18.5,7.4,6.0,4.9,22.3,21.9,-6.9,2019-20
23,UTA,8,3,5,0.375,47.0,111.6,40.6,84.5,48.1,12.4,34.4,36.0,18.0,23.9,75.4,8.5,36.0,44.5,23.8,18.3,6.4,3.0,4.4,22.4,23.0,-1.3,2019-20
23,WAS,8,3,5,0.375,47.0,108.6,38.3,89.8,42.6,14.4,40.3,35.7,17.8,25.6,69.3,11.1,34.1,45.3,24.3,14.9,8.0,3.6,5.3,24.4,25.6,5.4,2019-20
26,CLE,4,1,3,0.25,48.0,98.0,35.5,82.8,42.9,10.8,37.8,28.5,16.3,21.5,75.6,8.3,30.8,39.0,18.5,19.8,7.5,3.3,6.3,22.8,21.3,-10.5,2019-20
26,NYK,4,1,3,0.25,48.0,103.8,36.5,86.8,42.1,11.3,33.0,34.1,19.5,27.0,72.2,9.5,39.0,48.5,22.8,17.5,6.3,6.8,4.8,23.8,23.3,-4.0,2019-20
26,POR,8,2,6,0.25,47.0,107.3,39.1,84.6,46.2,10.1,28.4,35.7,18.9,26.3,71.9,10.3,37.0,47.3,22.1,18.4,7.3,6.0,4.1,22.5,22.8,-1.1,2019-20
29,ATL,5,1,4,0.2,48.0,95.4,33.6,84.4,39.8,11.0,35.2,31.3,17.2,26.2,65.6,10.2,37.0,47.2,22.6,22.2,7.2,4.6,7.0,23.0,24.8,-16.0,2019-20
29,CHA,5,1,4,0.2,48.0,103.4,38.0,85.8,44.3,10.8,33.2,32.5,16.6,20.0,83.0,9.6,36.6,46.2,23.8,21.6,7.6,5.6,7.0,22.0,21.4,-2.6,2019-20
31,,1,0,1,0.0,48.0,81.0,34.0,89.0,38.2,6.0,28.0,21.4,7.0,11.0,63.6,6.0,31.0,37.0,16.0,22.0,8.0,5.0,4.0,20.0,17.0,-52.0,2019-20
31,,1,0,1,0.0,48.0,89.0,35.0,80.0,43.8,10.0,29.0,34.5,9.0,9.0,100.0,8.0,30.0,38.0,17.0,27.0,5.0,3.0,6.0,18.0,18.0,-31.0,2019-20
31,,2,0,2,0.0,48.0,92.0,31.0,74.5,41.6,11.5,30.5,37.7,18.5,22.0,84.1,4.5,30.5,35.0,13.0,22.0,3.5,1.0,3.5,26.5,19.5,-48.5,2019-20
31,,3,0,3,0.0,48.0,85.7,32.7,84.3,38.7,10.0,29.7,33.7,10.3,13.7,75.6,7.3,27.0,34.3,18.0,18.0,7.3,5.7,5.7,21.0,15.3,-33.7,2019-20
31,,2,0,2,0.0,48.0,105.0,37.5,89.5,41.9,11.5,31.0,37.1,18.5,22.5,82.2,11.5,31.5,43.0,21.5,21.5,7.5,3.5,4.0,27.0,22.0,-16.0,2019-20
31,,2,0,2,0.0,48.0,89.0,35.0,86.5,40.5,10.5,32.5,32.3,8.5,13.0,65.4,6.0,33.0,39.0,18.5,17.5,7.5,6.0,6.0,24.0,14.5,-20.0,2019-20
31,,1,0,1,0.0,48.0,89.0,35.0,89.0,39.3,15.0,44.0,34.1,4.0,8.0,50.0,8.0,24.0,32.0,26.0,21.0,8.0,2.0,3.0,27.0,17.0,-48.0,2019-20
31,,2,0,2,0.0,48.0,79.0,26.5,73.0,36.3,6.0,21.0,28.6,20.0,29.5,67.8,6.5,29.0,35.5,19.0,29.0,9.0,2.5,7.5,23.0,27.0,-54.5,2019-20
1,LAC,5,5,0,1.0,48.0,114.8,43.4,91.8,47.3,8.4,27.6,30.4,19.6,25.0,78.4,12.4,40.2,52.6,27.8,16.8,9.4,7.0,5.6,27.2,25.8,23.2,2018-19
1,UTA,5,5,0,1.0,48.0,123.8,45.6,89.6,50.9,15.4,36.6,42.1,17.2,23.8,72.3,8.8,41.8,50.6,30.0,18.8,10.8,4.8,3.8,29.0,24.6,30.6,2018-19
3,CHA,5,4,1,0.8,48.0,114.2,39.6,85.2,46.5,13.2,33.2,39.8,21.8,30.2,72.2,6.0,40.4,46.4,24.8,16.6,6.8,6.0,4.8,25.8,26.8,4.8,2018-19
3,DEN,5,4,1,0.8,48.0,106.8,37.4,83.4,44.8,10.6,32.2,32.9,21.4,29.6,72.3,10.6,36.2,46.8,25.4,19.6,10.4,5.0,6.4,24.4,27.0,5.2,2018-19
3,HOU,5,4,1,0.8,48.0,117.6,39.0,84.8,46.0,20.2,50.4,40.1,19.4,25.4,76.4,10.2,32.8,43.0,25.0,19.0,11.4,6.2,4.2,26.0,25.0,16.2,2018-19
3,TOR,5,4,1,0.8,48.0,116.8,40.2,89.4,45.0,11.8,32.0,36.9,24.6,31.0,79.4,10.0,36.6,46.6,19.2,17.2,10.0,6.0,3.8,27.0,28.6,16.6,2018-19
3,WAS,5,4,1,0.8,49.0,118.8,43.4,89.4,48.5,10.0,36.0,27.8,22.0,28.6,76.9,11.2,37.6,48.8,28.0,18.6,10.6,7.4,3.2,28.4,29.0,10.0,2018-19
8,MIL,4,3,1,0.75,49.3,124.8,43.8,92.0,47.6,16.5,40.3,41.0,20.8,29.8,69.7,10.5,43.0,53.5,27.5,16.8,6.3,6.0,5.3,25.0,25.0,17.5,2018-19
8,OKC,4,3,1,0.75,49.3,109.0,38.0,94.0,40.4,9.8,29.0,33.6,23.3,31.3,74.4,16.0,37.0,53.0,20.3,16.8,10.3,7.5,4.5,27.8,27.3,7.3,2018-19
8,PHI,4,3,1,0.75,48.0,114.0,42.0,87.0,48.3,11.3,33.8,33.3,18.8,25.5,73.5,12.3,34.8,47.0,28.3,20.5,10.0,6.8,5.0,29.8,27.3,7.3,2018-19
11,NYK,5,3,2,0.6,49.0,108.4,37.6,88.4,42.5,8.4,24.2,34.7,24.8,32.0,77.5,9.6,37.2,46.8,20.2,18.8,11.0,5.8,5.2,30.6,29.2,-0.8,2018-19
11,POR,5,3,2,0.6,48.0,113.0,39.4,85.0,46.4,12.6,30.6,41.2,21.6,26.8,80.6,9.4,35.8,45.2,25.4,17.2,6.2,4.4,4.2,27.4,26.2,5.8,2018-19
11,SAS,5,3,2,0.6,48.0,108.2,39.8,85.2,46.7,7.8,22.6,34.5,20.8,26.0,80.0,8.6,38.0,46.6,24.4,14.8,7.0,5.2,3.8,23.0,24.0,5.8,2018-19
14,BKN,4,2,2,0.5,49.3,104.0,38.5,87.8,43.9,10.0,34.8,28.8,17.0,23.3,73.1,12.0,36.0,48.0,22.5,22.5,7.8,5.5,7.5,24.3,26.0,-6.0,2018-19
14,CLE,4,2,2,0.5,48.0,106.8,38.0,86.0,44.2,8.3,24.3,34.0,22.5,29.3,76.9,11.5,35.8,47.3,18.3,15.0,6.5,3.3,5.5,24.5,27.3,-2.5,2018-19
14,DAL,4,2,2,0.5,48.0,115.8,38.0,80.5,47.2,13.8,35.0,39.3,26.0,38.5,67.5,10.0,33.8,43.8,26.5,18.0,9.8,7.3,4.3,25.5,34.3,11.3,2018-19
14,IND,4,2,2,0.5,49.3,103.5,39.3,93.0,42.2,8.8,26.8,32.7,16.3,20.5,79.3,13.0,39.3,52.3,20.5,19.8,8.3,6.5,6.5,25.5,23.0,-0.3,2018-19
14,LAL,6,3,3,0.5,48.0,112.5,39.7,84.2,47.1,7.2,22.0,32.6,26.0,34.8,74.6,7.7,36.7,44.3,25.7,20.7,9.0,6.0,3.7,27.5,31.7,-1.0,2018-19
14,MIA,6,3,3,0.5,48.0,112.7,39.0,89.7,43.5,11.0,33.5,32.8,23.7,32.3,73.2,12.0,36.2,48.2,21.0,18.7,10.5,5.5,6.3,26.2,29.7,-0.2,2018-19
20,ATL,5,2,3,0.4,48.0,112.6,41.2,89.0,46.3,12.6,37.8,33.3,17.6,24.8,71.0,9.8,35.0,44.8,24.0,22.0,9.8,6.2,4.8,31.4,24.2,-3.6,2018-19
20,CHI,5,2,3,0.4,48.0,102.2,39.0,94.0,41.5,8.6,29.8,28.9,15.6,19.2,81.3,9.0,39.6,48.6,20.4,14.4,7.6,4.6,6.0,20.4,19.4,-3.6,2018-19
20,DET,5,2,3,0.4,49.0,104.8,38.0,93.4,40.7,13.4,40.8,32.8,15.4,21.2,72.6,12.4,33.0,45.4,23.6,12.0,6.8,3.6,6.0,23.8,23.4,-1.2,2018-19
20,MEM,5,2,3,0.4,49.0,106.6,36.8,81.0,45.4,8.8,27.0,32.6,24.2,31.0,78.1,6.6,33.6,40.2,21.8,20.0,9.6,4.6,5.0,30.8,30.8,-7.0,2018-19
20,ORL,5,2,3,0.4,48.0,101.0,38.4,86.2,44.5,8.4,25.8,32.6,15.8,24.0,65.8,7.6,39.4,47.0,24.6,14.2,7.6,5.4,4.8,25.2,26.0,5.4,2018-19
20,PHX,5,2,3,0.4,48.0,97.2,34.0,80.2,42.4,8.6,29.8,28.9,20.6,28.2,73.0,11.6,32.8,44.4,21.6,19.0,6.6,6.8,4.8,28.4,23.8,-9.2,2018-19
26,SAC,6,2,4,0.333,48.0,110.5,40.0,93.3,42.9,10.2,25.2,40.4,20.3,27.8,73.1,11.0,31.2,42.2,24.8,13.7,8.7,4.5,5.2,27.2,25.8,-6.5,2018-19
27,BOS,4,1,3,0.25,48.0,102.3,37.0,92.5,40.0,8.5,34.5,24.6,19.8,25.8,76.7,10.8,37.8,48.5,19.0,12.8,8.5,6.5,5.0,30.3,25.3,-5.5,2018-19
28,GSW,5,1,4,0.2,48.0,111.8,41.8,89.8,46.5,10.0,29.2,34.2,18.2,25.8,70.5,10.2,35.8,46.0,27.2,17.6,8.2,5.4,4.2,27.0,22.4,-1.6,2018-19
28,MIN,5,1,4,0.2,48.0,108.8,36.2,88.8,40.8,8.0,25.4,31.5,28.4,35.8,79.3,10.8,33.6,44.4,16.8,17.0,7.0,5.2,7.0,22.8,30.2,-15.0,2018-19
30,,1,0,1,0.0,48.0,99.0,33.0,84.0,39.3,8.0,26.0,30.8,25.0,40.0,62.5,8.0,38.0,46.0,15.0,20.0,12.0,5.0,7.0,20.0,35.0,-30.0,2018-19
30,,1,0,1,0.0,48.0,63.0,17.0,71.0,23.9,6.0,23.0,26.1,23.0,31.0,74.2,11.0,22.0,33.0,12.0,17.0,4.0,2.0,10.0,32.0,29.0,-53.0,2018-19
30,,1,0,1,0.0,48.0,82.0,26.0,84.0,31.0,9.0,27.0,33.3,21.0,24.0,87.5,9.0,29.0,38.0,16.0,16.0,5.0,0.0,11.0,25.0,21.0,-37.0,2018-19
30,,1,0,1,0.0,48.0,111.0,36.0,86.0,41.9,19.0,41.0,46.3,20.0,22.0,90.9,12.0,22.0,34.0,22.0,18.0,8.0,1.0,8.0,24.0,17.0,-29.0,2018-19
30,,2,0,2,0.0,48.0,88.0,34.0,90.0,37.8,6.5,19.5,33.3,13.5,21.0,64.3,10.5,27.0,37.5,17.5,21.0,5.5,4.0,11.0,22.5,22.5,-40.0,2018-19
30,,2,0,2,0.0,48.0,83.0,30.5,84.5,36.1,6.5,30.0,21.7,15.5,19.5,79.5,11.0,29.0,40.0,13.5,20.0,7.5,0.5,8.0,26.5,22.0,-29.0,2018-19
30,NOP,5,0,5,0.0,48.0,113.0,41.6,94.2,44.2,11.6,36.6,31.7,18.2,27.6,65.9,10.6,38.2,48.8,25.0,20.0,6.8,6.0,6.0,23.8,25.4,-11.8,2018-19
30,,1,0,1,0.0,48.0,86.0,31.0,87.0,35.6,6.0,25.0,24.0,18.0,28.0,64.3,11.0,32.0,43.0,16.0,14.0,9.0,5.0,14.0,25.0,31.0,-5.0,2018-19
30,,2,0,2,0.0,48.0,80.0,26.0,82.5,31.5,8.0,30.5,26.2,20.0,29.0,69.0,9.5,27.5,37.0,14.5,18.0,8.5,1.5,4.5,25.5,27.5,-33.0,2018-19
30,,1,0,1,0.0,48.0,86.0,37.0,81.0,45.7,5.0,15.0,33.3,7.0,13.0,53.8,7.0,29.0,36.0,15.0,24.0,8.0,0.0,11.0,13.0,15.0,-42.0,2018-19
30,,1,0,1,0.0,48.0,91.0,35.0,79.0,44.3,9.0,25.0,36.0,12.0,21.0,57.1,10.0,36.0,46.0,19.0,26.0,4.0,2.0,7.0,26.0,26.0,-19.0,2018-19
1,BOS,4,4,0,1.0,48.0,106.3,38.8,90.3,42.9,12.5,31.0,40.3,16.3,22.3,73.0,11.0,36.8,47.8,23.3,14.3,10.0,5.3,4.5,21.3,20.8,11.3,2017-18
1,UTA,5,5,0,1.0,48.0,112.4,42.2,84.0,50.2,10.2,27.4,37.2,17.8,24.8,71.8,10.2,36.0,46.2,26.2,18.4,11.0,5.6,3.4,23.0,22.4,19.8,2017-18
3,POR,6,5,1,0.833,48.0,114.3,39.8,87.7,45.4,11.8,27.0,43.8,22.8,29.0,78.7,11.0,36.7,47.7,20.7,15.2,8.0,4.5,5.2,24.3,25.3,17.0,2017-18
4,HOU,5,4,1,0.8,48.0,112.6,38.6,82.2,47.0,19.4,50.4,38.5,16.0,20.8,76.9,7.8,35.0,42.8,27.2,18.2,10.4,5.0,2.6,20.2,20.8,18.8,2017-18
4,WAS,5,4,1,0.8,47.2,109.0,42.0,83.6,50.2,9.0,27.0,33.3,16.0,21.4,74.8,9.4,32.0,41.4,24.2,17.8,8.2,4.2,3.0,20.8,22.2,8.2,2017-18
6,BKN,4,3,1,0.75,48.0,113.3,40.3,88.0,45.7,13.3,32.8,40.5,19.5,26.8,72.9,9.8,39.5,49.3,21.8,19.5,9.8,4.8,5.5,26.0,26.0,10.5,2017-18
6,IND,4,3,1,0.75,48.0,103.8,39.0,82.0,47.6,8.5,22.8,37.4,17.3,23.5,73.4,7.5,33.5,41.0,23.8,16.8,10.8,4.8,5.5,17.0,19.0,7.8,2017-18
6,OKC,4,3,1,0.75,48.0,95.3,33.5,80.8,41.5,10.8,31.0,34.7,17.5,25.0,70.0,10.3,37.5,47.8,18.8,19.3,6.8,6.5,6.3,24.5,23.0,3.8,2017-18
9,DAL,6,4,2,0.667,48.0,102.7,37.5,85.5,43.9,14.2,37.5,37.8,13.5,20.3,66.4,9.2,37.0,46.2,22.7,16.8,9.3,4.2,5.0,18.5,20.7,4.7,2017-18
9,MIN,3,2,1,0.667,48.0,109.7,36.7,83.3,44.0,8.3,23.3,35.7,28.0,33.7,83.2,11.7,30.7,42.3,25.3,20.3,7.3,1.7,8.0,19.7,27.0,-2.3,2017-18
11,DEN,5,3,2,0.6,48.0,105.8,37.6,86.2,43.6,12.2,29.4,41.5,18.4,26.2,70.2,9.6,33.2,42.8,25.0,17.8,8.8,3.8,5.2,20.6,25.0,-0.4,2017-18
11,MEM,5,3,2,0.6,48.0,104.2,38.2,85.6,44.6,6.8,22.6,30.1,21.0,28.8,72.9,9.6,38.4,48.0,22.4,17.8,9.4,6.0,8.0,22.4,26.0,9.2,2017-18
11,SAS,5,3,2,0.6,48.0,106.6,40.8,80.2,50.9,10.2,26.0,39.2,14.8,18.4,80.4,8.4,34.8,43.2,25.8,17.4,8.2,5.2,2.6,19.0,18.6,7.2,2017-18
11,TOR,5,3,2,0.6,48.0,109.0,37.6,81.4,46.2,12.4,41.6,29.8,21.4,27.8,77.0,8.4,34.0,42.4,23.2,19.8,10.2,5.2,4.0,25.0,24.6,6.4,2017-18
15,CHI,6,3,3,0.5,47.2,100.2,37.0,83.7,44.2,13.3,34.2,39.0,12.8,18.8,68.1,7.7,35.2,42.8,26.8,18.2,8.0,5.2,4.2,26.5,18.0,-7.5,2017-18
15,GSW,4,2,2,0.5,48.0,114.0,43.3,89.5,48.3,11.8,31.8,37.0,15.8,22.8,69.2,13.3,31.0,44.3,27.5,16.8,9.0,6.5,1.0,23.8,20.0,5.3,2017-18
15,MIA,6,3,3,0.5,48.0,99.2,36.5,84.3,43.3,8.8,30.7,28.8,17.3,26.5,65.4,8.7,36.0,44.7,21.0,18.5,8.5,6.2,4.7,21.3,21.8,-5.8,2017-18
15,ORL,6,3,3,0.5,48.0,99.0,38.3,87.3,43.9,9.2,29.7,30.9,13.2,19.2,68.7,9.2,36.5,45.7,24.5,16.2,8.2,7.0,5.2,21.8,18.2,2.2,2017-18
19,ATL,5,2,3,0.4,48.0,96.0,33.4,82.0,40.7,10.2,31.2,32.7,19.0,25.0,76.0,8.0,33.8,41.8,22.6,19.2,8.0,3.0,5.2,18.2,24.4,-2.8,2017-18
19,CHA,5,2,3,0.4,48.0,101.6,37.8,86.2,43.9,9.6,29.2,32.9,16.4,23.6,69.5,9.8,35.4,45.2,19.8,16.8,7.0,4.0,5.8,18.6,21.0,-0.6,2017-18
19,DET,5,2,3,0.4,48.0,103.4,40.4,87.4,46.2,8.6,23.8,36.1,14.0,19.2,72.9,11.4,33.8,45.2,23.6,13.6,7.0,3.0,6.2,18.6,17.8,0.2,2017-18
19,LAC,5,2,3,0.4,48.0,105.0,35.8,78.2,45.8,9.2,25.4,36.2,24.2,33.0,73.3,6.8,33.4,40.2,23.6,21.8,9.8,2.6,3.2,24.8,29.4,-2.4,2017-18
19,PHI,5,2,3,0.4,48.0,107.8,39.0,87.2,44.7,11.8,31.0,38.1,18.0,26.2,68.7,6.8,40.2,47.0,24.4,18.2,9.6,6.4,5.4,25.4,22.8,-0.6,2017-18
19,PHX,5,2,3,0.4,48.0,106.4,34.6,80.2,43.1,11.0,29.2,37.7,26.2,33.6,78.0,7.4,37.6,45.0,19.2,19.4,8.2,7.2,4.2,20.8,26.2,-3.0,2017-18
25,LAL,6,2,4,0.333,48.0,99.2,37.8,82.2,46.0,6.7,25.2,26.5,16.8,23.8,70.6,8.2,36.3,44.5,24.7,20.0,11.2,3.5,3.3,25.2,22.8,-4.3,2017-18
26,MIL,4,1,3,0.25,48.0,99.5,36.5,80.3,45.5,11.0,30.0,36.7,15.5,20.0,77.5,7.3,32.8,40.0,26.5,18.0,7.8,5.0,3.8,20.8,19.5,-7.3,2017-18
26,NOP,4,1,3,0.25,46.9,100.0,34.5,80.0,43.1,8.5,27.8,30.6,22.5,28.3,79.6,6.8,32.5,39.3,20.3,17.5,8.0,5.5,3.5,22.0,25.3,-12.0,2017-18
28,CLE,5,1,4,0.2,48.0,99.2,36.8,83.4,44.1,10.4,29.0,35.9,15.2,21.2,71.7,8.6,35.0,43.6,24.0,20.8,8.4,3.8,3.8,21.6,18.8,-7.0,2017-18
29,SAC,6,1,5,0.167,48.0,90.3,35.0,81.7,42.9,8.2,21.2,38.6,12.2,15.8,76.8,8.8,29.7,38.5,19.3,17.2,6.8,2.8,4.0,21.3,17.0,-9.7,2017-18
30,,1,0,1,0.0,48.0,93.0,38.0,99.0,38.4,8.0,22.0,36.4,9.0,16.0,56.3,18.0,36.0,54.0,19.0,15.0,5.0,3.0,10.0,22.0,15.0,-21.0,2017-18
30,,1,0,1,0.0,44.2,90.0,28.0,75.0,37.3,2.0,17.0,11.8,32.0,41.0,78.0,9.0,18.0,27.0,14.0,11.0,10.0,1.0,7.0,17.0,28.0,-24.0,2017-18
30,,3,0,3,0.0,48.0,82.7,31.0,84.7,36.6,8.7,30.7,28.3,12.0,17.3,69.2,11.0,26.3,37.3,15.3,22.0,10.0,5.3,6.3,25.0,18.7,-35.3,2017-18
30,,1,0,1,0.0,48.0,85.0,28.0,81.0,34.6,11.0,33.0,33.3,18.0,24.0,75.0,16.0,33.0,49.0,17.0,17.0,5.0,3.0,10.0,30.0,25.0,-1.0,2017-18
30,NYK,5,0,5,0.0,48.0,97.6,35.8,84.6,42.3,8.8,24.2,36.4,17.2,22.0,78.2,9.0,32.6,41.6,19.2,20.4,9.6,3.6,4.6,23.4,22.2,-15.0,2017-18
30,,1,0,1,0.0,48.0,82.0,31.0,75.0,41.3,12.0,34.0,35.3,8.0,13.0,61.5,2.0,29.0,31.0,16.0,30.0,9.0,1.0,7.0,21.0,15.0,-62.0,2017-18
30,,1,0,1,0.0,48.0,83.0,29.0,81.0,35.8,10.0,38.0,26.3,15.0,17.0,88.2,7.0,29.0,36.0,13.0,20.0,11.0,1.0,5.0,24.0,14.0,-25.0,2017-18
1,,1,1,0,1.0,53.0,142.0,47.0,81.0,58.0,20.0,37.0,54.1,28.0,40.0,70.0,11.0,29.0,40.0,32.0,24.0,9.0,5.0,2.0,31.0,34.0,5.0,2016-17
2,GSW,7,6,1,0.857,48.7,112.7,39.0,83.9,46.5,13.9,34.4,40.2,20.9,27.3,76.4,9.0,37.3,46.3,26.7,18.3,10.7,7.4,3.0,22.4,23.3,11.1,2016-17
3,ATL,7,5,2,0.714,48.0,98.0,37.3,84.7,44.0,7.1,22.7,31.4,16.3,21.9,74.5,10.1,37.6,47.7,26.3,16.4,7.4,5.7,5.9,22.0,22.6,5.9,2016-17
3,BOS,7,5,2,0.714,48.0,105.0,38.7,85.0,45.5,10.1,29.6,34.3,17.4,24.0,72.6,9.0,34.1,43.1,22.9,17.9,9.9,4.4,3.9,23.3,21.1,5.9,2016-17
3,HOU,7,5,2,0.714,49.4,118.6,42.0,91.4,45.9,12.4,37.9,32.8,22.1,29.1,76.0,13.0,37.9,50.9,24.9,15.4,7.9,5.4,5.3,23.9,23.4,10.4,2016-17
3,MIN,7,5,2,0.714,48.0,100.7,35.1,84.1,41.8,7.6,22.4,33.8,22.9,28.9,79.2,11.3,35.9,47.1,18.3,17.9,10.1,6.7,4.9,20.4,23.3,6.1,2016-17
7,MEM,6,4,2,0.667,49.7,107.3,36.0,85.5,42.1,9.8,29.2,33.7,25.5,37.2,68.6,10.0,32.5,42.5,20.2,14.7,11.8,4.7,5.3,26.0,26.8,5.3,2016-17
7,NYK,6,4,2,0.667,48.0,108.8,41.5,89.3,46.5,9.8,27.0,36.4,16.0,22.2,72.2,13.0,29.8,42.8,26.0,18.0,12.0,4.3,3.3,24.2,22.2,1.8,2016-17
7,PHX,6,4,2,0.667,48.0,103.5,36.3,88.2,41.2,6.2,19.5,31.6,24.7,34.0,72.5,13.8,33.3,47.2,18.0,18.7,11.3,5.2,6.3,28.0,29.8,0.8,2016-17
7,SAS,6,4,2,0.667,48.0,97.2,36.0,82.7,43.5,8.2,20.7,39.5,17.0,20.5,82.9,8.7,35.7,44.3,22.5,18.5,11.0,5.3,5.3,21.2,20.0,4.0,2016-17
11,POR,7,4,3,0.571,48.7,101.6,37.0,83.9,44.1,10.4,27.1,38.4,17.1,22.9,75.0,9.0,38.4,47.4,20.7,16.4,7.0,3.7,4.4,23.4,20.7,0.0,2016-17
11,TOR,7,4,3,0.571,48.0,103.9,38.4,82.6,46.5,7.6,20.9,36.3,19.4,26.4,73.5,10.9,30.3,41.1,17.6,14.6,11.1,4.9,5.0,22.9,21.3,1.7,2016-17
11,WAS,7,4,3,0.571,49.4,106.0,41.0,89.3,45.9,7.6,23.6,32.1,16.4,23.1,71.0,10.6,33.6,44.1,23.6,14.6,12.0,3.0,4.6,21.9,22.3,7.3,2016-17
14,DEN,8,4,4,0.5,48.6,104.3,37.0,85.6,43.2,7.0,24.8,28.3,23.3,31.8,73.2,13.5,37.9,51.4,22.4,18.1,8.0,4.1,5.0,21.4,25.4,0.5,2016-17
14,DET,6,3,3,0.5,48.0,94.2,36.0,80.8,44.5,6.7,21.5,31.0,15.5,20.8,74.4,10.2,34.3,44.5,21.2,16.8,8.2,3.3,3.5,19.5,19.2,4.5,2016-17
14,IND,6,3,3,0.5,48.0,107.2,41.3,90.7,45.6,8.5,23.3,36.4,16.0,22.0,72.7,10.7,35.2,45.8,24.2,13.5,9.5,4.8,4.3,23.3,21.5,1.7,2016-17
14,LAC,6,3,3,0.5,48.0,92.0,32.2,76.3,42.1,7.8,25.3,30.9,19.8,25.3,78.3,6.3,31.3,37.7,21.5,18.8,8.2,3.3,3.5,24.3,26.2,-10.5,2016-17
14,MIA,8,4,4,0.5,48.0,104.5,39.1,82.9,47.2,10.3,27.9,36.8,16.0,24.1,66.3,8.3,36.5,44.8,22.1,16.0,8.5,6.5,3.5,23.0,20.4,5.6,2016-17
14,MIL,6,3,3,0.5,48.0,89.8,32.2,79.8,40.3,6.3,20.5,30.9,19.2,25.7,74.7,11.2,32.5,43.7,19.2,17.3,8.7,4.8,5.8,20.5,21.2,-6.5,2016-17
14,OKC,6,3,3,0.5,48.8,106.8,39.8,84.2,47.3,9.0,22.7,39.7,18.2,24.8,73.2,10.7,34.0,44.7,21.0,20.2,9.0,4.3,4.0,28.3,22.7,0.8,2016-17
14,SAC,6,3,3,0.5,48.0,107.3,39.3,77.7,50.6,9.0,21.0,42.9,19.7,25.0,78.7,7.7,33.8,41.5,24.8,21.5,12.3,4.0,2.7,23.8,23.0,4.2,2016-17
14,UTA,6,3,3,0.5,48.0,97.8,33.5,74.5,45.0,6.2,19.0,32.5,24.7,33.8,72.9,9.3,35.2,44.5,17.8,18.7,9.0,5.0,5.0,24.5,25.7,3.2,2016-17
23,CHA,7,3,4,0.429,48.7,91.7,32.1,84.1,38.2,6.0,25.6,23.5,21.4,27.6,77.7,10.3,36.9,47.1,19.0,15.7,7.1,5.0,6.9,18.0,24.9,-7.3,2016-17
23,CHI,7,3,4,0.429,48.7,104.3,37.9,85.7,44.2,7.7,24.3,31.8,20.9,26.3,79.3,11.3,37.6,48.9,24.3,17.3,7.0,7.4,5.0,22.9,21.9,2.6,2016-17
25,CLE,6,2,4,0.333,48.0,101.8,36.5,81.8,44.6,9.5,27.0,35.2,19.3,25.2,76.8,5.3,33.0,38.3,24.7,15.7,8.5,4.2,5.2,23.3,20.7,-4.7,2016-17
26,DAL,7,2,5,0.286,48.0,94.0,34.7,85.6,40.6,8.6,27.1,31.6,16.0,21.0,76.2,11.7,33.0,44.7,19.7,15.1,6.9,4.7,4.3,23.0,23.4,-8.9,2016-17
26,ORL,7,2,5,0.286,48.7,98.7,35.6,82.6,43.1,8.9,23.4,37.8,18.7,25.9,72.4,10.0,34.3,44.3,20.3,19.1,7.9,4.6,5.3,22.3,22.6,-7.4,2016-17
26,PHI,7,2,5,0.286,49.4,96.4,33.3,82.3,40.5,7.0,26.6,26.3,22.9,28.9,79.2,10.3,35.1,45.4,18.9,20.6,8.1,5.7,4.9,24.9,23.7,-10.7,2016-17
29,LAL,8,2,6,0.25,48.6,105.9,38.4,86.6,44.3,10.5,29.4,35.7,18.6,28.3,65.9,9.8,32.4,42.1,22.1,17.0,9.9,3.8,5.0,24.5,24.6,-1.4,2016-17
30,BKN,6,1,5,0.167,48.0,101.0,34.0,81.7,41.6,12.0,33.7,35.6,21.0,28.2,74.6,7.2,32.0,39.2,21.7,18.0,9.3,1.7,5.2,22.5,25.2,-10.2,2016-17
30,NOP,6,1,5,0.167,48.8,105.5,38.0,84.3,45.1,8.5,23.0,37.0,21.0,27.2,77.3,7.3,37.8,45.2,25.0,16.0,6.5,4.3,5.5,25.2,24.3,-5.2,2016-17
32,,1,0,1,0.0,48.0,89.0,30.0,70.0,42.9,14.0,31.0,45.2,15.0,20.0,75.0,6.0,22.0,28.0,24.0,23.0,15.0,2.0,5.0,24.0,23.0,-3.0,2016-17
32,,1,0,1,0.0,48.0,105.0,33.0,72.0,45.8,15.0,29.0,51.7,24.0,33.0,72.7,13.0,20.0,33.0,28.0,17.0,7.0,3.0,4.0,24.0,27.0,-17.0,2016-17
32,,1,0,1,0.0,48.0,96.0,34.0,90.0,37.8,15.0,36.0,41.7,13.0,18.0,72.2,14.0,21.0,35.0,19.0,24.0,7.0,0.0,6.0,26.0,24.0,-39.0,2016-17
32,,1,0,1,0.0,48.0,94.0,36.0,85.0,42.4,4.0,23.0,17.4,18.0,24.0,75.0,6.0,35.0,41.0,18.0,21.0,4.0,2.0,7.0,20.0,20.0,-37.0,2016-17
1,CHA,8,7,1,0.875,48.0,98.9,33.6,79.6,42.2,9.3,25.6,36.1,22.4,29.6,75.5,7.4,40.8,48.1,19.3,13.8,7.0,3.0,4.0,18.6,24.0,9.8,2015-16
2,BOS,7,6,1,0.857,48.0,104.3,39.1,88.0,44.5,8.6,23.6,36.4,17.4,24.7,70.5,12.0,37.9,49.9,25.6,17.0,10.4,5.7,5.9,24.0,22.0,11.7,2015-16
2,MEM,7,6,1,0.857,48.0,88.9,31.3,76.1,41.1,5.6,18.3,30.5,20.7,27.6,75.1,10.7,36.0,46.7,18.4,19.6,8.1,4.3,5.7,23.1,24.4,7.9,2015-16
4,OKC,6,5,1,0.833,48.0,105.8,40.5,81.7,49.6,9.2,24.5,37.4,15.7,22.5,69.6,10.8,34.8,45.7,23.2,18.8,7.8,6.0,4.0,22.5,21.2,12.2,2015-16
4,SAC,6,5,1,0.833,48.8,101.7,36.0,81.8,44.0,7.5,25.8,29.0,22.2,30.8,71.9,11.3,34.8,46.2,21.0,17.8,9.7,5.5,4.0,19.3,27.8,3.8,2015-16
6,ORL,8,6,2,0.75,49.3,99.5,37.1,86.0,43.2,9.0,25.1,35.8,16.3,22.3,73.0,12.3,34.4,46.6,22.5,16.3,9.4,4.6,4.5,27.5,21.0,3.6,2015-16
7,IND,7,5,2,0.714,48.0,102.4,36.3,84.3,43.1,7.3,24.7,29.5,22.6,30.0,75.2,12.3,36.4,48.7,18.7,12.6,8.4,7.7,3.1,20.1,23.0,4.6,2015-16
7,TOR,7,5,2,0.714,48.0,94.7,33.3,79.6,41.8,6.9,20.7,33.1,21.3,28.7,74.1,11.0,32.9,43.9,17.0,15.1,8.9,3.9,5.4,23.7,24.1,5.9,2015-16
9,NYK,6,4,2,0.667,48.0,98.0,37.2,85.7,43.4,7.8,21.3,36.7,15.8,20.7,76.6,10.3,36.7,47.0,22.3,16.3,7.7,6.2,4.2,23.0,21.2,4.0,2015-16
9,PHX,6,4,2,0.667,48.8,102.7,38.7,89.7,43.1,9.7,27.2,35.6,15.7,21.8,71.8,11.3,34.3,45.7,23.7,18.0,11.7,4.7,4.8,26.2,22.3,3.5,2015-16
11,ATL,7,4,3,0.571,48.0,93.1,32.3,78.3,41.2,8.4,25.1,33.5,20.1,25.0,80.6,7.6,38.7,46.3,20.1,17.7,8.1,5.9,5.0,20.4,22.3,-0.7,2015-16
11,DEN,7,4,3,0.571,48.0,100.0,36.7,84.4,43.5,7.7,23.1,33.3,18.9,26.6,71.0,11.9,36.1,48.0,20.7,17.1,9.1,3.0,5.0,23.7,24.1,3.4,2015-16
11,WAS,7,4,3,0.571,48.0,112.3,41.1,87.0,47.3,8.6,25.1,34.1,21.4,27.6,77.7,9.6,35.0,44.6,27.1,15.6,8.9,4.7,4.6,22.3,23.7,7.9,2015-16
14,CHI,8,4,4,0.5,48.0,101.4,36.9,89.0,41.4,10.3,28.8,35.7,17.4,23.6,73.5,14.5,37.4,51.9,20.9,14.8,7.1,3.6,3.1,24.8,20.6,-3.5,2015-16
14,,2,1,1,0.5,48.0,91.0,35.0,82.0,42.7,9.5,24.0,39.6,11.5,14.0,82.1,12.5,27.5,40.0,24.0,20.0,7.0,4.0,7.0,25.5,16.5,-12.5,2015-16
14,LAC,6,3,3,0.5,48.0,97.7,36.3,81.7,44.5,8.3,24.2,34.5,16.7,24.0,69.4,6.8,33.5,40.3,23.8,19.7,9.3,4.5,3.3,25.5,24.8,-4.3,2015-16
14,MIA,8,4,4,0.5,48.6,96.1,33.9,82.1,41.2,6.6,22.5,29.4,21.8,29.6,73.4,10.9,36.3,47.1,20.3,16.0,7.3,4.9,5.9,20.4,26.8,0.0,2015-16
18,GSW,7,3,4,0.429,46.0,103.3,36.0,78.4,45.9,8.6,23.7,36.1,22.7,33.3,68.2,9.0,33.4,42.4,24.0,17.4,8.4,6.6,3.3,26.6,25.6,-1.3,2015-16
18,NOP,7,3,4,0.429,48.7,103.4,33.9,85.4,39.6,9.4,26.9,35.1,26.3,34.1,77.0,9.9,35.3,45.1,16.4,14.9,9.1,4.4,6.9,24.9,26.1,-3.7,2015-16
18,POR,7,3,4,0.429,49.4,104.0,38.1,87.7,43.5,10.7,30.1,35.5,17.0,23.3,73.0,11.7,36.6,48.3,21.0,18.7,8.6,4.7,5.0,24.7,20.4,1.9,2015-16
18,UTA,7,3,4,0.429,49.4,97.7,33.9,79.0,42.9,6.4,20.1,31.9,23.6,33.7,69.9,9.7,34.6,44.3,17.3,16.3,10.4,5.0,6.3,23.0,25.7,0.4,2015-16
22,DET,8,3,5,0.375,48.0,103.0,37.8,83.4,45.3,9.8,26.5,36.8,17.8,22.8,78.0,10.6,32.4,43.0,22.8,15.5,8.3,4.1,4.3,20.8,21.0,6.8,2015-16
22,HOU,8,3,5,0.375,48.6,107.4,38.4,91.6,41.9,10.6,34.6,30.7,20.0,29.5,67.8,15.8,34.3,50.0,22.4,16.9,11.3,4.3,5.5,27.4,23.6,-0.8,2015-16
22,LAL,8,3,5,0.375,46.8,99.3,34.6,80.0,43.3,7.9,22.9,34.4,22.1,29.5,75.0,11.6,31.8,43.4,19.3,15.0,7.6,4.5,4.8,24.3,25.5,-2.0,2015-16
25,BKN,6,2,4,0.333,48.0,97.7,33.3,79.5,41.9,7.7,21.3,35.9,23.3,29.3,79.5,9.0,31.8,40.8,19.8,17.5,9.2,4.8,5.0,22.0,26.3,-1.0,2015-16
25,MIL,6,2,4,0.333,48.0,101.3,37.0,81.2,45.6,6.7,20.8,32.0,20.7,28.7,72.1,10.5,35.5,46.0,20.8,18.2,7.3,5.8,4.8,28.5,24.2,-3.3,2015-16
25,SAS,6,2,4,0.333,48.0,93.8,34.0,78.8,43.1,6.8,20.3,33.6,19.0,25.0,76.0,8.7,33.8,42.5,20.2,16.8,10.0,4.5,3.2,21.5,20.8,-1.8,2015-16
28,MIN,7,2,5,0.286,48.0,95.1,32.0,75.3,42.5,7.4,19.6,38.0,23.7,30.4,77.9,9.3,25.9,35.1,21.3,16.9,8.3,3.6,5.1,22.0,24.9,-10.4,2015-16
28,PHI,7,2,5,0.286,48.0,95.6,32.6,82.3,39.6,8.7,30.7,28.4,21.7,31.9,68.2,11.3,35.4,46.7,18.6,21.6,11.1,5.6,5.1,25.4,25.9,-9.0,2015-16
30,CLE,7,1,6,0.143,48.0,94.4,32.9,78.6,41.8,10.0,30.3,33.0,18.7,24.4,76.6,7.3,32.4,39.7,22.3,18.1,7.4,3.1,4.6,26.3,25.0,-6.3,2015-16
31,,2,0,2,0.0,48.0,90.5,33.5,84.0,39.9,12.0,41.0,29.3,11.5,18.0,63.9,13.5,27.0,40.5,19.0,20.5,8.5,0.0,2.5,23.5,17.5,-26.5,2015-16
31,DAL,7,0,7,0.0,48.0,89.4,32.3,83.0,38.9,6.3,27.1,23.2,18.6,23.7,78.3,8.9,36.0,44.9,19.6,17.4,7.7,5.0,4.9,20.4,20.9,-10.7,2015-16
31,,1,0,1,0.0,48.0,73.0,25.0,78.0,32.1,8.0,37.0,21.6,15.0,20.0,75.0,8.0,31.0,39.0,20.0,18.0,6.0,2.0,5.0,21.0,26.0,-17.0,2015-16
31,,2,0,2,0.0,48.0,83.5,31.0,83.0,37.3,8.0,30.5,26.2,13.5,19.5,69.2,10.0,21.5,31.5,22.0,17.0,17.0,6.5,6.5,28.5,18.0,-28.0,2015-16
31,,1,0,1,0.0,48.0,96.0,32.0,85.0,37.6,10.0,37.0,27.0,22.0,31.0,71.0,12.0,37.0,49.0,19.0,26.0,8.0,5.0,4.0,24.0,30.0,-15.0,2015-16
31,,1,0,1,0.0,48.0,91.0,37.0,83.0,44.6,9.0,26.0,34.6,8.0,16.0,50.0,10.0,29.0,39.0,18.0,22.0,7.0,7.0,3.0,23.0,19.0,-33.0,2015-16
1,,1,1,0,1.0,48.0,94.0,37.0,81.0,45.7,6.0,15.0,40.0,14.0,20.0,70.0,11.0,25.0,36.0,17.0,19.0,10.0,2.0,3.0,29.0,24.0,1.0,2014-15
2,TOR,8,7,1,0.875,48.0,97.3,34.8,75.8,45.9,6.8,21.4,31.6,21.0,29.1,72.1,8.6,30.8,39.4,18.0,17.9,8.8,3.9,4.1,25.3,25.1,5.3,2014-15
3,GSW,8,6,2,0.75,48.0,110.9,39.9,77.8,51.3,9.9,25.1,39.3,21.3,29.4,72.3,8.0,32.4,40.4,28.1,19.5,9.6,5.6,3.5,24.8,25.9,11.0,2014-15
3,HOU,8,6,2,0.75,48.0,97.3,33.3,81.5,40.8,10.0,28.9,34.6,20.8,30.6,67.8,13.3,31.3,44.5,17.1,19.0,11.4,3.9,7.5,27.1,26.3,2.4,2014-15
5,CLE,7,5,2,0.714,48.7,104.9,37.4,82.7,45.3,10.6,27.7,38.1,19.4,24.3,80.0,13.4,33.1,46.6,22.9,15.7,6.6,4.6,4.6,23.4,23.0,5.7,2014-15
5,DET,7,5,2,0.714,48.7,99.7,35.6,81.4,43.7,8.4,24.4,34.5,20.1,29.9,67.5,10.1,34.7,44.9,25.1,16.6,9.3,4.7,3.9,24.0,24.9,4.6,2014-15
5,MIN,7,5,2,0.714,48.0,106.6,39.3,86.4,45.5,5.7,15.0,38.1,22.3,28.7,77.6,12.6,31.7,44.3,23.9,14.6,12.1,3.9,6.4,22.9,24.0,6.0,2014-15
5,NOP,7,5,2,0.714,48.0,97.7,34.6,78.4,44.1,8.6,23.6,36.4,20.0,26.4,75.7,11.0,34.4,45.4,20.3,16.4,8.3,6.1,3.4,24.1,23.3,8.7,2014-15
5,PHX,7,5,2,0.714,48.7,104.9,37.3,81.7,45.6,8.9,26.4,33.5,21.4,28.4,75.4,8.4,33.7,42.1,19.0,18.9,11.0,3.9,3.1,26.0,25.0,8.0,2014-15
10,BKN,6,4,2,0.667,48.2,102.0,35.8,80.0,44.8,7.5,21.7,34.6,22.8,32.5,70.3,10.8,34.3,45.2,22.2,18.7,8.2,5.3,4.8,23.0,26.0,3.8,2014-15
11,BOS,8,5,3,0.625,47.5,98.4,34.8,81.5,42.6,10.3,28.8,35.7,18.6,25.3,73.8,10.0,32.5,42.5,23.0,18.3,10.5,3.4,3.8,21.8,22.0,6.6,2014-15
11,UTA,8,5,3,0.625,48.0,101.9,36.4,77.6,46.9,7.8,20.9,37.1,21.4,30.5,70.1,10.9,35.9,46.8,21.5,20.0,7.4,4.4,5.4,24.3,25.3,8.4,2014-15
13,ATL,7,4,3,0.571,48.7,101.1,35.3,79.1,44.6,9.4,26.0,36.3,21.1,28.1,75.1,9.0,33.9,42.9,25.4,17.3,6.9,5.0,4.9,24.3,24.9,2.1,2014-15
13,POR,7,4,3,0.571,48.0,99.4,35.7,77.6,46.0,8.3,22.1,37.4,19.7,23.7,83.1,10.0,35.9,45.9,23.6,19.0,8.4,5.0,3.9,22.7,23.3,7.0,2014-15
15,CHI,8,4,4,0.5,48.6,98.4,33.4,79.4,42.0,8.0,23.6,33.9,23.6,30.1,78.4,11.4,34.1,45.5,20.3,16.9,7.4,6.1,4.6,24.3,26.4,2.0,2014-15
15,DAL,8,4,4,0.5,48.0,104.3,36.8,81.6,45.0,9.9,29.5,33.5,20.9,29.6,70.5,11.0,32.3,43.3,23.4,16.5,8.1,4.3,5.1,26.5,25.8,3.0,2014-15
15,MIA,8,4,4,0.5,49.9,103.6,36.3,78.0,46.5,8.4,23.6,35.4,22.8,30.3,75.2,8.6,30.5,39.1,19.9,16.3,11.4,4.9,4.1,22.9,25.8,-0.9,2014-15
15,ORL,8,4,4,0.5,48.6,96.4,38.3,83.5,45.8,5.1,15.8,32.5,14.8,21.9,67.4,11.6,35.1,46.8,21.6,19.3,8.5,6.0,6.5,22.4,21.5,0.1,2014-15
15,WAS,8,4,4,0.5,48.0,90.9,32.4,74.5,43.5,4.6,15.5,29.8,21.5,29.8,72.3,9.8,32.1,41.9,19.9,18.9,8.8,4.5,4.4,22.5,24.9,-1.6,2014-15
20,IND,7,3,4,0.429,48.0,94.6,33.4,76.9,43.5,7.3,21.4,34.0,20.4,27.1,75.3,7.4,33.6,41.0,20.0,16.4,7.3,5.9,5.1,21.9,23.0,-1.0,2014-15
20,MIL,7,3,4,0.429,48.0,95.3,33.9,78.3,43.2,7.3,20.1,36.2,20.3,27.6,73.6,11.7,32.7,44.4,22.1,19.7,7.1,4.9,4.6,28.0,24.0,-3.1,2014-15
20,NYK,7,3,4,0.429,48.0,90.3,33.4,79.1,42.2,6.9,22.6,30.4,16.6,21.1,78.4,11.0,28.7,39.7,20.6,18.1,9.4,3.7,3.0,24.9,22.1,-2.1,2014-15
20,SAC,7,3,4,0.429,48.7,100.3,33.4,71.9,46.5,5.4,14.1,38.4,28.0,39.1,71.5,10.6,33.3,43.9,18.7,19.9,7.3,4.7,4.4,23.7,30.3,2.0,2014-15
24,CHA,8,3,5,0.375,48.6,94.9,34.8,85.0,40.9,6.6,21.3,31.2,18.8,23.8,78.9,9.4,34.6,44.0,22.4,13.5,6.6,5.5,6.1,24.6,22.1,-3.3,2014-15
24,LAL,8,3,5,0.375,48.6,94.5,36.4,82.8,44.0,3.1,10.3,30.5,18.6,25.3,73.8,10.9,29.4,40.3,21.9,15.9,8.9,5.0,5.4,27.1,23.1,-9.8,2014-15
24,MEM,8,3,5,0.375,48.0,98.1,35.9,79.5,45.1,5.5,16.3,33.8,20.9,29.4,71.1,11.0,29.0,40.0,19.9,17.1,10.8,5.1,4.9,23.1,25.5,0.6,2014-15
27,OKC,7,2,5,0.286,48.0,99.6,35.0,82.3,42.5,6.7,22.1,30.3,22.9,31.4,72.7,12.7,29.7,42.4,19.1,17.9,8.3,5.3,4.1,28.7,26.3,-11.3,2014-15
27,SAS,7,2,5,0.286,48.7,98.1,33.4,72.6,46.1,6.6,21.9,30.1,24.7,30.4,81.2,7.7,31.6,39.3,22.6,21.6,7.4,3.4,3.4,24.4,27.7,-5.9,2014-15
29,DEN,8,2,6,0.25,48.0,97.5,35.4,80.4,44.0,5.6,17.1,32.8,21.1,30.8,68.7,12.5,32.4,44.9,19.9,17.9,7.8,4.6,4.5,27.9,25.1,-4.4,2014-15
29,,8,2,6,0.25,48.0,99.4,34.9,81.6,42.7,9.4,26.4,35.5,20.3,29.6,68.4,8.1,28.0,36.1,22.6,16.5,10.8,3.1,4.4,24.0,26.4,-8.5,2014-15
29,PHI,8,2,6,0.25,48.0,93.5,34.1,79.0,43.2,5.8,19.9,28.9,19.5,28.6,68.1,10.0,33.1,43.1,20.8,21.0,10.3,5.3,4.3,24.0,23.8,-5.6,2014-15
32,,3,0,3,0.0,48.0,82.7,27.7,74.0,37.4,8.7,29.3,29.5,18.7,21.3,87.5,6.7,26.0,32.7,20.3,26.0,10.0,1.7,5.3,25.0,23.7,-23.3,2014-15
32,,4,0,4,0.0,48.0,78.3,29.3,74.8,39.1,7.3,20.5,35.4,12.5,19.8,63.3,8.8,22.3,31.0,18.8,19.3,8.3,2.5,6.5,28.5,20.8,-23.0,2014-15
32,,1,0,1,0.0,48.0,90.0,37.0,81.0,45.7,6.0,23.0,26.1,10.0,11.0,90.9,7.0,30.0,37.0,24.0,19.0,6.0,3.0,0.0,30.0,18.0,-6.0,2014-15
32,,2,0,2,0.0,48.0,87.0,32.5,84.0,38.7,7.0,28.5,24.6,15.0,17.0,88.2,9.5,30.0,39.5,17.0,15.0,5.5,6.0,4.5,23.5,22.0,-22.0,2014-15
1,CHI,8,8,0,1.0,48.0,96.6,32.8,75.5,43.4,5.8,16.5,34.8,25.4,34.0,74.6,11.9,36.4,48.3,21.0,17.6,7.8,5.9,5.1,25.6,25.6,10.3,2013-14
2,NOP,8,7,1,0.875,48.0,101.0,36.3,77.5,46.8,7.5,16.8,44.8,21.0,26.5,79.2,9.0,29.3,38.3,19.4,19.3,11.0,4.5,5.1,25.9,23.0,6.5,2013-14
3,HOU,7,6,1,0.857,48.0,106.7,37.9,81.7,46.3,10.7,29.0,36.9,20.3,27.3,74.3,12.0,35.1,47.1,23.9,18.0,9.7,5.4,6.6,25.7,24.6,10.4,2013-14
3,TOR,7,6,1,0.857,49.4,102.9,35.0,75.7,46.2,6.7,20.9,32.2,26.1,32.4,80.6,10.7,34.9,45.6,18.4,20.7,7.7,4.0,5.1,27.6,25.3,7.6,2013-14
5,BKN,7,5,2,0.714,48.7,99.9,35.0,76.4,45.8,8.1,23.6,34.5,21.7,32.3,67.3,11.6,31.9,43.4,21.9,22.0,10.3,5.1,4.6,27.6,26.4,9.6,2013-14
5,PHX,7,5,2,0.714,48.0,101.7,41.0,86.1,47.6,7.0,21.1,33.1,12.7,20.7,61.4,11.9,34.1,46.0,21.9,19.4,9.3,6.0,4.0,24.6,22.0,8.9,2013-14
5,POR,7,5,2,0.714,48.0,95.3,33.4,79.0,42.3,6.7,21.6,31.1,21.7,28.7,75.6,12.1,39.4,51.6,19.3,21.7,5.4,5.1,5.3,24.3,24.7,4.7,2013-14
5,SAC,7,5,2,0.714,48.0,99.6,36.0,80.9,44.5,8.0,21.3,37.6,19.6,27.0,72.5,10.7,34.6,45.3,22.1,16.9,9.0,2.3,3.9,21.6,24.6,5.7,2013-14
9,,8,5,3,0.625,48.0,89.8,31.8,77.0,41.2,5.3,17.1,30.7,21.0,30.1,69.7,11.4,33.1,44.5,18.8,15.5,8.4,5.5,5.8,17.3,25.1,5.9,2013-14
9,,8,5,3,0.625,48.6,98.8,34.8,79.4,43.8,7.8,21.9,35.4,21.5,28.9,74.5,8.6,30.6,39.3,23.5,16.6,8.9,5.9,4.0,26.3,25.0,3.3,2013-14
9,MIA,8,5,3,0.625,48.0,93.8,34.5,75.3,45.8,8.5,22.4,38.0,16.3,24.6,66.0,8.0,26.5,34.5,21.3,17.3,11.5,3.1,4.3,24.4,22.8,-0.5,2013-14
12,MIN,7,4,3,0.571,48.7,104.1,35.6,85.0,41.8,8.7,23.1,37.7,24.3,33.4,72.6,13.4,32.0,45.4,19.1,14.6,8.1,5.0,5.6,22.6,28.6,7.0,2013-14
12,OKC,7,4,3,0.571,48.0,95.4,34.6,78.4,44.1,5.0,19.0,26.3,21.3,27.6,77.2,12.4,33.3,45.7,21.9,18.7,8.7,6.7,3.9,24.3,23.6,3.9,2013-14
14,CLE,8,4,4,0.5,48.0,92.0,32.1,80.8,39.8,6.3,19.8,31.6,21.5,28.1,76.4,14.0,31.9,45.9,21.6,21.1,8.8,4.5,7.3,28.0,24.3,-4.1,2013-14
14,DAL,8,4,4,0.5,48.0,91.5,35.6,83.4,42.7,6.9,19.6,35.0,13.4,18.1,73.8,10.0,31.4,41.4,23.6,17.4,8.5,6.5,3.9,22.5,20.4,-1.0,2013-14
14,DET,8,4,4,0.5,48.0,93.3,32.5,75.5,43.0,7.0,20.9,33.5,21.3,29.6,71.7,10.6,33.8,44.4,20.0,19.8,9.5,4.8,5.1,23.5,24.5,0.5,2013-14
14,LAL,8,4,4,0.5,48.0,96.4,33.4,81.6,40.9,8.5,25.6,33.2,21.1,26.8,79.0,8.4,32.6,41.0,21.8,19.1,6.4,3.9,5.5,21.5,27.0,-3.5,2013-14
14,MEM,8,4,4,0.5,48.0,90.9,32.5,76.4,42.6,4.9,15.9,30.7,21.0,30.5,68.9,10.0,33.5,43.5,21.8,19.0,8.8,3.8,4.9,22.3,26.5,-2.0,2013-14
14,,2,1,1,0.5,53.0,100.5,39.5,81.0,48.8,8.0,21.0,38.1,13.5,17.5,77.1,7.0,41.0,48.0,26.0,19.5,5.5,7.5,4.5,24.0,19.5,0.0,2013-14
20,GSW,7,3,4,0.429,48.0,92.3,35.4,87.1,40.7,7.9,21.9,35.9,13.6,19.3,70.4,11.1,33.6,44.7,22.7,17.9,11.1,5.7,4.6,25.9,20.6,-0.7,2013-14
20,SAS,7,3,4,0.429,48.7,100.7,37.4,82.6,45.3,8.1,20.7,39.3,17.7,22.1,80.0,8.0,35.7,43.7,24.6,18.1,8.1,3.9,4.1,20.0,21.9,-3.9,2013-14
22,IND,8,3,5,0.375,48.0,95.0,32.5,78.5,41.4,7.1,20.8,34.3,22.9,31.6,72.3,10.1,30.6,40.8,18.8,16.3,6.5,5.1,6.5,23.8,27.1,1.9,2013-14
23,DEN,7,2,5,0.286,48.7,91.9,34.9,86.0,40.5,4.3,17.1,25.0,17.9,27.6,64.8,12.6,33.9,46.4,20.3,19.3,7.6,5.4,4.6,28.1,26.1,-6.9,2013-14
23,NYK,7,2,5,0.286,49.4,95.9,35.7,86.7,41.2,8.4,25.9,32.6,16.0,22.1,72.3,11.9,29.4,41.3,17.9,14.3,7.0,5.3,3.7,24.1,23.9,-6.3,2013-14
23,PHI,7,2,5,0.286,48.0,96.9,33.4,83.9,39.9,7.4,23.4,31.7,22.6,32.3,69.9,12.3,32.3,44.6,20.9,21.4,11.9,4.9,6.6,26.9,26.6,-11.4,2013-14
23,WAS,7,2,5,0.286,48.7,94.6,33.9,81.6,41.5,7.6,24.3,31.2,19.3,27.1,71.1,11.1,31.9,43.0,21.0,19.1,11.0,5.3,4.0,21.3,23.7,2.0,2013-14
27,BOS,8,2,6,0.25,48.0,94.3,34.5,81.8,42.2,6.8,23.3,29.0,18.5,23.5,78.7,11.6,28.4,40.0,21.0,16.9,9.6,4.8,4.8,24.4,23.6,-0.8,2013-14
27,ORL,8,2,6,0.25,48.0,95.9,37.0,83.3,44.4,6.5,20.4,31.9,15.4,21.4,71.9,13.6,31.3,44.9,19.1,20.6,8.3,6.9,5.9,24.9,21.5,-6.4,2013-14
29,MIL,6,1,5,0.167,48.0,90.0,31.5,73.3,43.0,6.7,16.5,40.4,20.3,29.5,68.9,8.7,31.2,39.8,19.5,20.5,8.0,6.3,3.3,26.5,25.2,-7.0,2013-14
30,ATL,7,1,6,0.143,48.0,87.1,32.0,76.1,42.0,6.3,22.6,27.8,16.9,22.7,74.2,7.3,31.6,38.9,22.0,20.6,9.9,4.9,4.3,20.0,21.0,-10.4,2013-14
31,UTA,8,1,7,0.125,48.0,91.8,34.3,84.1,40.7,6.5,17.5,37.1,16.8,24.8,67.7,12.6,33.4,46.0,21.0,17.9,7.0,5.5,6.3,24.3,24.0,-6.9,2013-14
32,,1,0,1,0.0,48.0,104.0,35.0,83.0,42.2,6.0,26.0,23.1,28.0,32.0,87.5,16.0,29.0,45.0,25.0,31.0,10.0,0.0,2.0,33.0,34.0,-2.0,2013-14
32,,3,0,3,0.0,48.0,76.0,28.7,77.3,37.1,7.0,22.7,30.9,11.7,19.3,60.3,6.3,26.3,32.7,18.0,21.7,6.3,2.0,7.3,26.7,17.7,-36.3,2013-14
32,,1,0,1,0.0,48.0,82.0,26.0,68.0,38.2,10.0,28.0,35.7,20.0,31.0,64.5,10.0,17.0,27.0,13.0,16.0,11.0,2.0,8.0,24.0,26.0,-13.0,2013-14
1,,1,1,0,1.0,48.0,99.0,32.0,79.0,40.5,8.0,27.0,29.6,27.0,34.0,79.4,14.0,38.0,52.0,19.0,16.0,9.0,5.0,2.0,23.0,24.0,14.0,2012-13
1,,1,1,0,1.0,48.0,97.0,36.0,78.0,46.2,8.0,21.0,38.1,17.0,24.0,70.8,12.0,20.0,32.0,17.0,17.0,10.0,0.0,6.0,23.0,26.0,6.0,2012-13
3,PHI,7,6,1,0.857,48.7,102.7,39.0,83.3,46.8,8.1,19.7,41.3,16.6,21.4,77.3,10.9,35.0,45.9,25.1,15.9,7.9,4.6,4.4,21.4,19.9,11.0,2012-13
3,TOR,7,6,1,0.857,48.0,102.6,37.1,81.9,45.4,8.4,22.0,38.3,19.9,27.1,73.2,11.4,30.7,42.1,21.7,16.1,9.6,5.6,5.4,24.9,25.7,8.1,2012-13
5,GSW,8,6,2,0.75,48.0,97.0,37.1,77.1,48.1,7.6,18.1,42.1,15.1,23.0,65.8,9.1,32.0,41.1,22.1,17.9,8.4,4.9,5.9,24.8,21.5,5.5,2012-13
6,CHI,7,5,2,0.714,48.0,90.4,31.9,78.7,40.5,3.3,12.7,25.8,23.4,31.4,74.5,14.9,33.6,48.4,19.6,17.6,11.0,6.1,3.7,24.0,26.4,3.3,2012-13
6,HOU,7,5,2,0.714,48.0,103.9,39.0,85.1,45.8,9.6,25.6,37.4,16.3,24.0,67.9,11.7,32.1,43.9,26.4,16.7,8.9,3.6,6.0,20.3,21.7,3.4,2012-13
6,MIN,7,5,2,0.714,48.0,92.4,32.6,73.7,44.2,5.7,18.3,31.3,21.6,30.0,71.9,10.6,33.4,44.0,19.6,18.3,10.1,5.1,5.4,21.6,25.3,11.6,2012-13
6,SAC,7,5,2,0.714,48.0,98.7,35.4,83.6,42.4,6.6,20.3,32.4,21.3,26.0,81.9,12.9,29.4,42.3,18.1,15.6,9.9,5.6,5.7,24.7,22.6,3.1,2012-13
10,,8,5,3,0.625,48.0,95.1,36.8,78.8,46.7,4.1,15.1,27.3,17.5,28.0,62.5,12.0,31.9,43.9,21.9,18.0,11.4,7.5,5.1,20.9,23.5,2.9,2012-13
10,UTA,8,5,3,0.625,48.0,99.3,36.0,80.3,44.9,5.6,13.1,42.9,21.6,30.6,70.6,12.9,32.5,45.4,21.6,17.0,10.9,6.4,7.8,23.0,23.9,8.3,2012-13
12,IND,7,4,3,0.571,48.0,91.0,33.9,81.0,41.8,4.1,14.4,28.7,19.1,23.7,80.7,10.9,31.6,42.4,18.6,17.1,6.7,5.3,6.0,23.9,22.9,-1.0,2012-13
12,OKC,7,4,3,0.571,48.0,99.7,38.7,83.3,46.5,7.7,19.9,38.8,14.6,18.6,78.5,12.9,30.7,43.6,24.1,16.4,8.3,5.9,4.6,22.6,16.4,4.0,2012-13
12,PHX,7,4,3,0.571,48.0,97.1,38.1,84.4,45.2,7.1,18.6,38.5,13.7,19.9,69.1,12.3,32.1,44.4,24.4,18.0,8.6,6.3,5.0,20.4,20.7,2.4,2012-13
12,SAS,7,4,3,0.571,48.0,102.1,38.0,79.9,47.6,6.4,21.0,30.6,19.7,27.3,72.3,9.7,32.9,42.6,24.6,17.7,9.7,4.6,2.9,20.6,22.9,6.0,2012-13
16,BKN,6,3,3,0.5,49.7,96.5,35.8,82.7,43.3,7.3,23.7,31.0,17.5,25.5,68.6,13.3,30.0,43.3,16.7,16.0,8.7,5.3,3.7,21.8,22.2,-4.7,2012-13
16,DAL,8,4,4,0.5,48.0,93.4,34.4,79.9,43.0,6.3,20.5,30.5,18.4,25.3,72.8,9.3,33.8,43.0,21.4,17.9,10.0,6.1,4.4,20.9,22.3,0.8,2012-13
16,DET,8,4,4,0.5,48.0,90.3,33.4,79.4,42.0,5.1,18.9,27.2,18.4,26.5,69.3,11.3,31.9,43.1,19.4,18.8,8.0,4.5,6.1,23.9,23.9,-2.6,2012-13
16,MEM,8,4,4,0.5,48.0,100.4,36.9,82.0,45.0,5.8,14.9,38.7,20.9,28.4,73.6,12.3,33.5,45.8,22.1,17.1,7.3,4.5,4.6,23.1,24.9,1.3,2012-13
16,MIA,8,4,4,0.5,48.0,94.0,33.9,76.1,44.5,9.3,24.3,38.1,17.0,22.5,75.6,7.5,31.6,39.1,21.3,18.9,10.6,3.8,3.5,23.6,19.9,1.6,2012-13
16,,8,4,4,0.5,48.0,84.4,30.6,76.9,39.8,6.6,20.1,32.9,16.5,24.5,67.3,12.3,34.1,46.4,19.3,19.4,7.1,5.8,5.0,20.8,22.5,-4.9,2012-13
16,NYK,6,3,3,0.5,49.7,96.5,33.3,79.5,41.9,9.5,30.3,31.3,20.3,27.5,73.9,10.2,27.2,37.3,22.5,16.3,9.3,3.0,4.3,22.3,25.0,-4.3,2012-13
23,ATL,7,3,4,0.429,48.0,98.0,34.7,84.1,41.3,8.1,22.0,37.0,20.4,27.6,74.1,11.7,29.6,41.3,20.9,15.6,9.4,3.9,4.9,23.4,24.9,4.0,2012-13
23,CLE,7,3,4,0.429,48.7,92.4,32.7,77.6,42.2,6.6,17.1,38.3,20.4,27.9,73.3,11.1,30.0,41.1,19.1,19.0,9.3,3.6,6.1,22.1,24.3,-5.9,2012-13
23,DEN,7,3,4,0.429,48.0,93.4,34.3,81.0,42.3,6.4,19.6,32.8,18.4,27.6,66.8,15.3,31.1,46.4,20.9,20.4,8.7,4.7,8.1,20.6,23.9,-5.4,2012-13
23,POR,7,3,4,0.429,48.0,98.7,35.4,80.0,44.3,8.6,25.1,34.1,19.3,23.3,82.8,11.7,29.6,41.3,19.9,19.7,8.0,4.9,3.9,22.4,22.1,0.4,2012-13
27,BOS,8,3,5,0.375,48.6,95.6,35.3,74.3,47.5,6.6,16.4,40.5,18.5,24.3,76.3,8.3,34.0,42.3,19.4,19.1,7.4,5.4,3.5,23.1,22.0,2.5,2012-13
27,MIL,8,3,5,0.375,48.0,94.8,35.8,85.9,41.6,7.4,21.3,34.7,15.9,20.5,77.4,12.9,29.9,42.8,24.5,15.5,6.5,8.5,4.0,22.3,21.4,-0.8,2012-13
27,WAS,8,3,5,0.375,48.0,95.6,35.0,85.1,41.1,7.6,21.8,35.1,18.0,23.6,76.2,14.1,30.5,44.6,21.4,16.1,7.6,2.6,5.9,25.1,22.8,-3.5,2012-13
30,ORL,8,2,6,0.25,48.6,97.5,38.9,83.9,46.3,5.5,15.9,34.6,14.3,19.3,74.0,10.5,32.6,43.1,24.0,17.3,6.6,4.9,3.3,23.4,17.4,-6.5,2012-13
31,,8,1,7,0.125,48.0,88.9,31.8,82.4,38.5,6.8,21.5,31.4,18.6,26.1,71.3,11.9,29.4,41.3,18.0,16.1,9.0,4.5,7.1,21.4,23.9,-8.3,2012-13
32,,1,0,1,0.0,48.0,84.0,33.0,83.0,39.8,4.0,23.0,17.4,14.0,21.0,66.7,12.0,24.0,36.0,17.0,17.0,16.0,1.0,5.0,24.0,22.0,-5.0,2012-13
32,,2,0,2,0.0,48.0,90.5,33.0,80.0,41.3,9.0,24.0,37.5,15.5,22.0,70.5,12.0,29.5,41.5,20.0,20.0,9.0,4.5,5.5,26.0,19.5,-20.5,2012-13
32,LAL,8,0,8,0.0,48.0,85.9,29.8,71.1,41.8,6.1,17.8,34.5,20.3,27.6,73.3,8.6,30.0,38.6,21.0,18.6,6.5,5.4,5.1,22.4,22.6,-15.3,2012-13
32,,2,0,2,0.0,48.0,94.0,31.5,78.0,40.4,9.5,31.0,30.6,21.5,31.5,68.3,9.5,29.0,38.5,23.5,18.5,7.5,4.5,5.0,25.5,26.0,-9.5,2012-13
32,,1,0,1,0.0,48.0,75.0,26.0,83.0,31.3,9.0,30.0,30.0,14.0,18.0,77.8,9.0,26.0,35.0,16.0,14.0,12.0,2.0,6.0,23.0,23.0,-30.0,2012-13
32,,2,0,2,0.0,48.0,81.0,26.0,81.0,32.1,10.0,34.0,29.4,19.0,23.5,80.9,13.0,28.5,41.5,18.5,20.5,8.5,5.0,3.5,24.5,22.0,-17.5,2012-13
1,BOS,2,2,0,1.0,48.0,78.5,27.5,70.0,39.3,2.5,7.0,35.7,21.0,28.5,73.7,9.0,27.5,36.5,17.0,18.5,9.5,7.0,6.0,24.0,28.5,4.5,2011-12
1,CHI,2,2,0,1.0,48.0,94.0,36.5,73.0,50.0,3.0,11.0,27.3,18.0,21.5,83.7,8.5,38.0,46.5,23.5,18.5,5.0,6.0,4.5,26.5,20.5,8.5,2011-12
1,DEN,2,2,0,1.0,48.0,118.5,42.0,87.5,48.0,6.0,20.0,30.0,28.5,39.5,72.2,16.0,38.5,54.5,27.0,18.0,11.5,5.5,5.5,24.0,32.0,21.0,2011-12
1,,2,2,0,1.0,48.0,111.0,40.0,82.5,48.5,10.5,24.0,43.8,20.5,28.0,73.2,7.0,23.5,30.5,27.0,8.5,10.5,4.5,4.0,24.0,29.0,12.0,2011-12
1,MIN,2,2,0,1.0,48.0,101.0,33.0,74.0,44.6,10.5,19.5,53.8,24.5,30.0,81.7,10.5,38.5,49.0,20.5,18.0,7.5,5.0,3.5,24.5,22.0,11.0,2011-12
1,,2,2,0,1.0,48.0,96.0,35.0,79.0,44.3,3.5,10.0,35.0,22.5,30.0,75.0,11.0,26.5,37.5,19.0,13.0,10.5,5.0,6.5,19.0,24.0,11.0,2011-12
1,NYK,2,2,0,1.0,48.0,90.0,32.0,86.5,37.0,7.5,28.0,26.8,18.5,29.0,63.8,15.5,31.0,46.5,18.0,16.0,11.0,6.5,4.5,22.5,24.5,7.5,2011-12
1,OKC,2,2,0,1.0,48.0,96.5,34.0,70.5,48.2,8.0,24.5,32.7,20.5,26.0,78.8,11.0,37.0,48.0,17.5,21.0,8.5,7.5,3.0,22.0,26.0,9.0,2011-12
1,PHI,2,2,0,1.0,48.0,102.0,34.5,74.5,46.3,7.5,16.5,45.5,25.5,32.5,78.5,10.0,38.5,48.5,22.0,20.0,5.5,2.5,4.0,24.0,22.5,16.0,2011-12
10,ATL,2,1,1,0.5,48.0,84.5,32.0,80.0,40.0,1.5,13.0,11.5,19.0,22.5,84.4,13.5,32.5,46.0,17.0,17.5,8.0,8.5,6.5,24.5,22.0,7.5,2011-12
10,,2,1,1,0.5,48.0,77.0,27.5,73.0,37.7,4.0,13.0,30.8,18.0,25.5,70.6,10.0,28.0,38.0,15.0,18.0,7.0,6.5,8.5,22.0,24.5,-7.5,2011-12
10,CLE,2,1,1,0.5,48.0,90.0,28.5,74.0,38.5,5.5,21.0,26.2,27.5,43.5,63.2,13.5,32.5,46.0,19.0,19.5,12.0,6.5,7.5,27.5,32.0,1.5,2011-12
10,DET,2,1,1,0.5,48.0,88.5,27.5,73.5,37.4,7.0,18.5,37.8,26.5,34.0,77.9,10.5,35.0,45.5,14.0,22.5,8.5,7.5,6.5,32.0,27.5,-1.5,2011-12
10,GSW,2,1,1,0.5,48.0,99.0,38.0,86.0,44.2,3.5,15.5,22.6,19.5,27.0,72.2,13.5,33.5,47.0,24.0,18.5,15.0,6.0,5.5,26.5,20.5,3.5,2011-12
10,HOU,2,1,1,0.5,48.0,98.0,36.5,79.5,45.9,4.0,19.0,21.1,21.0,28.0,75.0,12.5,33.0,45.5,22.5,18.5,8.0,3.0,3.0,31.5,23.0,6.0,2011-12
10,MIA,2,1,1,0.5,48.0,109.0,36.5,72.5,50.3,5.0,15.0,33.3,31.0,39.5,78.5,4.0,34.5,38.5,20.0,15.0,13.5,4.5,3.0,26.5,26.5,14.5,2011-12
10,ORL,2,1,1,0.5,48.0,94.5,33.0,77.5,42.6,9.5,29.0,32.8,19.0,30.0,63.3,7.0,27.5,34.5,22.5,19.5,6.5,3.0,4.5,26.5,26.5,-14.5,2011-12
10,POR,2,1,1,0.5,48.0,99.5,35.5,78.0,45.5,6.5,22.5,28.9,22.0,26.0,84.6,8.0,28.5,36.5,23.0,15.5,12.0,6.0,4.0,31.5,25.5,8.5,2011-12
10,SAC,2,1,1,0.5,48.0,95.5,31.0,69.0,44.9,11.5,23.0,50.0,22.0,33.5,65.7,6.5,30.5,37.0,21.0,23.5,9.5,5.5,6.0,20.5,26.5,-3.5,2011-12
10,SAS,2,1,1,0.5,48.0,92.0,32.0,75.0,42.7,5.0,17.5,28.6,23.0,34.5,66.7,9.0,28.0,37.0,20.0,17.0,8.5,3.0,3.0,23.0,31.5,-6.0,2011-12
10,UTA,2,1,1,0.5,48.0,91.0,31.5,76.0,41.4,3.0,14.0,21.4,25.0,33.0,75.8,15.5,31.0,46.5,17.5,21.5,9.0,4.0,6.0,25.5,31.5,-8.5,2011-12
22,DAL,2,0,2,0.0,48.0,87.5,31.5,79.0,39.9,7.0,20.5,34.1,17.5,22.5,77.8,10.5,25.5,36.0,21.5,16.0,11.0,3.0,7.5,26.0,22.0,-9.0,2011-12
22,IND,2,0,2,0.0,48.0,85.5,30.5,86.5,35.3,4.0,13.0,30.8,20.5,30.5,67.2,18.0,27.0,45.0,13.5,12.0,7.0,4.5,6.0,20.5,26.5,-8.5,2011-12
22,LAL,2,0,2,0.0,48.0,99.0,35.0,70.0,50.0,9.5,20.0,47.5,19.5,27.5,70.9,10.0,32.5,42.5,24.5,21.5,3.5,4.0,4.5,29.0,24.0,-12.0,2011-12
22,MEM,2,0,2,0.0,48.0,85.0,33.5,77.0,43.5,4.0,17.0,23.5,14.0,19.5,71.8,11.5,28.0,39.5,20.5,21.5,6.0,6.5,5.0,24.0,19.0,-11.0,2011-12
22,MIL,2,0,2,0.0,48.0,90.0,35.0,84.5,41.4,6.0,19.5,30.8,14.0,25.5,54.9,11.5,28.0,39.5,22.0,12.5,6.5,3.5,5.0,22.0,24.5,-11.0,2011-12
22,,2,0,2,0.0,48.0,82.5,33.0,75.5,43.7,2.0,13.5,14.8,14.5,26.5,54.7,11.5,38.5,50.0,17.5,23.5,5.0,4.5,6.5,24.5,22.5,-7.5,2011-12
22,PHX,2,0,2,0.0,48.0,97.5,35.0,85.5,40.9,6.5,23.5,27.7,21.0,31.5,66.7,11.0,31.0,42.0,21.0,18.0,9.0,5.5,5.5,32.0,24.0,-21.0,2011-12
22,TOR,2,0,2,0.0,48.0,74.0,26.0,73.5,35.4,4.0,18.0,22.2,18.0,24.5,73.5,14.5,29.0,43.5,15.0,20.5,8.0,6.0,7.0,28.5,24.0,-4.5,2011-12
22,WAS,2,0,2,0.0,48.0,86.0,30.5,89.5,34.1,2.5,16.5,15.2,22.5,28.0,80.4,16.5,27.0,43.5,13.0,16.5,10.5,4.0,2.5,22.5,24.0,-16.0,2011-12
1,,1,1,0,1.0,48.0,92.0,30.0,78.0,38.5,12.0,38.0,31.6,20.0,27.0,74.1,11.0,39.0,50.0,23.0,19.0,9.0,8.0,2.0,29.0,27.0,4.0,2010-11
1,MEM,8,8,0,1.0,48.6,102.3,37.8,75.9,49.8,3.8,11.3,33.3,23.0,32.5,70.8,11.9,31.6,43.5,18.4,22.0,10.0,5.1,3.4,23.8,27.3,7.5,2010-11
1,ORL,7,7,0,1.0,48.0,102.7,37.0,74.3,49.8,10.1,26.0,39.0,18.6,26.0,71.4,7.6,37.6,45.1,22.6,16.4,6.6,6.6,5.1,23.0,26.0,25.0,2010-11
1,UTA,8,8,0,1.0,48.0,98.5,35.0,73.8,47.5,4.3,11.5,37.0,24.3,31.8,76.4,11.8,28.8,40.5,21.5,18.1,10.6,4.4,5.9,26.9,25.3,8.1,2010-11
5,BOS,8,7,1,0.875,48.0,99.6,34.6,70.3,49.3,5.6,13.0,43.3,24.8,32.4,76.4,9.8,33.6,43.4,20.9,21.6,8.0,5.1,4.8,28.5,27.8,7.6,2010-11
6,CLE,8,6,2,0.75,48.0,92.6,32.9,75.8,43.4,4.8,14.4,33.0,22.1,27.4,80.8,9.4,37.3,46.6,19.8,17.8,7.5,4.9,5.3,19.5,23.9,7.3,2010-11
6,MIN,8,6,2,0.75,49.3,110.1,37.0,85.5,43.3,8.3,19.4,42.6,27.9,37.4,74.6,12.9,34.9,47.8,21.1,19.4,9.9,6.0,5.4,30.3,29.8,5.0,2010-11
8,DEN,8,5,3,0.625,48.0,109.6,35.6,76.3,46.7,8.8,23.3,37.6,29.6,37.4,79.3,10.6,30.5,41.1,21.6,18.8,9.3,3.5,5.6,24.8,28.6,5.5,2010-11
9,OKC,7,4,3,0.571,48.0,101.9,34.6,76.6,45.1,7.0,18.1,38.6,25.7,33.1,77.6,10.7,26.4,37.1,20.3,16.3,11.0,5.7,4.9,26.0,25.6,-0.9,2010-11
9,SAS,7,4,3,0.571,48.0,96.9,36.3,86.1,42.1,6.0,17.3,34.7,18.3,24.6,74.4,13.0,33.1,46.1,22.7,14.9,7.6,4.6,6.0,23.4,21.6,1.6,2010-11
11,,8,4,4,0.5,48.6,89.9,30.6,69.6,44.0,4.4,10.9,40.2,24.3,32.6,74.3,9.1,30.9,40.0,20.3,19.4,8.5,7.6,5.3,24.5,26.3,1.1,2010-11
11,CHI,8,4,4,0.5,48.6,95.8,34.3,76.9,44.6,6.0,16.4,36.6,21.3,30.0,70.8,11.6,28.3,39.9,22.6,17.4,7.9,5.6,4.0,24.0,24.5,1.1,2010-11
11,DAL,8,4,4,0.5,48.6,91.8,33.5,79.5,42.1,4.8,17.1,27.7,20.0,28.4,70.5,11.6,33.8,45.4,22.1,17.9,7.6,4.0,5.8,25.1,26.1,-3.4,2010-11
11,HOU,8,4,4,0.5,48.0,97.8,36.3,79.8,45.5,6.4,17.0,37.5,18.9,24.5,77.0,9.9,31.1,41.0,19.9,15.6,7.8,3.9,4.3,20.0,22.8,4.1,2010-11
11,LAL,8,4,4,0.5,48.6,96.6,34.6,81.0,42.7,5.6,18.3,30.8,21.8,29.6,73.4,14.1,27.4,41.5,23.0,17.8,10.5,5.8,4.3,25.8,26.3,-0.3,2010-11
11,TOR,8,4,4,0.5,49.3,108.6,40.1,87.1,46.1,5.4,14.5,37.1,23.0,33.3,69.2,14.6,28.0,42.6,22.8,16.9,10.8,3.9,6.6,29.6,26.6,5.6,2010-11
17,IND,7,3,4,0.429,48.7,94.9,32.9,81.6,40.3,8.1,24.1,33.7,21.0,30.0,70.0,10.9,32.9,43.7,19.9,20.0,7.6,5.4,5.7,27.7,28.0,-7.4,2010-11
17,MIA,7,3,4,0.429,48.0,91.1,32.3,75.1,43.0,6.0,17.9,33.6,20.6,26.3,78.3,10.3,30.4,40.7,19.0,18.0,6.0,4.9,5.3,26.4,27.0,-1.7,2010-11
17,POR,7,3,4,0.429,48.0,99.4,34.6,76.3,45.3,8.0,19.1,41.8,22.3,28.3,78.8,11.3,26.4,37.7,21.0,16.9,9.4,3.6,3.7,27.1,23.6,0.6,2010-11
17,SAC,7,3,4,0.429,48.0,94.4,32.9,79.6,41.3,5.6,15.9,35.1,23.1,32.7,70.7,11.7,32.9,44.6,17.7,17.7,7.9,5.0,5.3,24.7,25.9,-2.9,2010-11
17,WAS,7,3,4,0.429,48.0,95.3,36.7,83.0,44.2,6.7,18.3,36.7,15.1,22.9,66.3,11.6,30.3,41.9,21.3,17.9,10.1,7.0,4.6,24.3,19.9,0.7,2010-11
22,DET,8,3,5,0.375,48.6,97.1,34.5,76.6,45.0,6.6,17.6,37.6,21.5,27.4,78.5,8.1,29.6,37.8,21.4,17.5,7.5,3.6,5.8,24.5,23.8,-2.3,2010-11
22,GSW,8,3,5,0.375,48.6,101.5,37.4,84.5,44.2,5.1,18.3,28.1,21.6,27.1,79.7,13.1,34.0,47.1,20.6,19.1,10.5,3.6,4.6,23.4,24.0,1.3,2010-11
22,MIL,8,3,5,0.375,49.3,95.6,31.8,76.0,41.8,6.1,18.1,33.8,26.0,31.3,83.2,9.4,31.3,40.6,19.3,19.3,8.1,5.8,5.6,24.9,25.6,-0.8,2010-11
22,,8,3,5,0.375,48.0,95.3,33.5,75.3,44.5,6.0,15.6,38.4,22.3,30.8,72.4,9.9,34.3,44.1,18.6,18.8,8.8,5.1,2.6,25.9,24.5,0.1,2010-11
22,NYK,8,3,5,0.375,48.0,101.6,34.4,78.5,43.8,8.5,25.4,33.5,24.4,32.1,75.9,7.8,28.8,36.5,21.0,20.3,9.9,5.8,4.4,24.8,26.3,-4.3,2010-11
27,,3,1,2,0.333,48.0,88.0,31.7,70.0,45.2,8.7,20.7,41.9,16.0,19.7,81.4,9.7,24.0,33.7,18.3,21.0,9.0,4.7,4.7,25.3,20.0,-5.3,2010-11
28,ATL,7,2,5,0.286,48.7,87.0,31.3,74.4,42.0,5.6,16.4,33.9,18.9,28.4,66.3,8.1,29.6,37.7,18.9,16.9,7.0,3.3,4.0,24.3,25.0,-10.1,2010-11
28,PHI,7,2,5,0.286,49.4,97.4,33.1,82.3,40.3,5.0,16.9,29.7,26.1,32.6,80.3,10.1,32.9,43.0,21.1,15.6,8.7,2.6,4.7,25.7,26.4,-2.4,2010-11
30,PHX,8,2,6,0.25,48.0,95.8,34.3,80.1,42.7,5.3,21.4,24.6,22.0,31.6,69.6,12.5,28.4,40.9,19.1,20.3,7.9,6.1,3.1,26.9,28.5,-15.9,2010-11
31,,8,1,7,0.125,48.0,97.0,35.0,79.0,44.3,7.8,23.1,33.5,19.3,27.1,71.0,11.4,28.6,40.0,21.9,21.1,7.8,5.4,5.3,28.6,25.3,-7.6,2010-11
31,,8,1,7,0.125,48.6,88.5,31.5,80.1,39.3,6.4,19.4,32.9,19.1,24.8,77.3,11.8,26.9,38.6,18.5,18.0,8.6,3.9,6.1,27.8,23.9,-10.9,2010-11
33,,1,0,1,0.0,48.0,70.0,24.0,78.0,30.8,6.0,19.0,31.6,16.0,25.0,64.0,12.0,25.0,37.0,14.0,21.0,10.0,2.0,7.0,31.0,25.0,-38.0,2010-11
33,,1,0,1,0.0,48.0,113.0,38.0,79.0,48.1,8.0,23.0,34.8,29.0,37.0,78.4,9.0,25.0,34.0,19.0,21.0,19.0,0.0,5.0,25.0,29.0,-12.0,2010-11
33,,2,0,2,0.0,48.0,95.0,36.5,88.0,41.5,11.5,32.0,35.9,10.5,16.0,65.6,10.5,26.0,36.5,24.0,17.5,12.0,4.0,4.0,21.5,15.0,-14.0,2010-11
1,ORL,8,8,0,1.0,48.0,109.6,36.5,74.0,49.3,10.9,26.1,41.6,25.8,36.3,71.0,9.9,34.3,44.1,20.8,16.9,5.3,7.4,3.9,24.0,28.8,17.8,2009-10
2,BOS,8,6,2,0.75,48.0,97.9,35.4,75.9,46.6,6.4,18.8,34.0,20.8,29.0,71.6,8.3,33.1,41.4,21.6,16.4,8.5,3.8,3.8,24.8,26.3,7.8,2009-10
2,CHI,8,6,2,0.75,48.0,95.4,33.6,75.5,44.5,4.8,12.1,39.2,23.4,30.9,75.7,10.6,32.8,43.4,20.4,18.4,7.3,6.1,5.1,27.1,26.6,3.5,2009-10
2,,8,6,2,0.75,48.0,103.1,39.3,78.1,50.2,5.9,17.1,34.3,18.8,26.0,72.1,8.8,30.4,39.1,26.9,18.4,8.4,5.6,4.4,25.4,23.6,3.9,2009-10
2,LAL,8,6,2,0.75,48.0,104.5,36.6,80.5,45.5,6.3,18.4,34.0,25.0,32.1,77.8,11.0,31.3,42.3,24.4,18.1,9.1,4.9,4.0,24.8,25.6,2.9,2009-10
2,UTA,8,6,2,0.75,48.0,102.6,36.1,74.3,48.7,4.0,9.8,41.0,26.4,35.5,74.3,13.1,25.3,38.4,22.6,18.1,10.8,4.1,6.5,29.5,28.9,7.6,2009-10
7,ATL,7,5,2,0.714,48.0,101.1,36.4,76.3,47.8,4.4,12.4,35.6,23.9,31.9,74.9,10.4,29.0,39.4,20.3,15.9,10.1,4.3,4.1,26.9,25.1,2.1,2009-10
7,DAL,7,5,2,0.714,48.0,101.7,35.6,78.6,45.3,5.3,17.3,30.6,25.3,31.9,79.4,10.1,32.4,42.6,22.0,15.4,9.0,3.1,4.6,26.0,25.1,2.9,2009-10
7,NYK,7,5,2,0.714,48.0,97.6,34.3,86.7,39.5,9.1,31.9,28.7,19.9,28.3,70.2,12.0,34.6,46.6,19.1,16.4,10.7,4.0,5.6,24.3,23.0,1.7,2009-10
10,PHI,8,5,3,0.625,48.0,97.9,36.1,84.1,42.9,4.8,13.0,36.5,20.9,27.6,75.6,14.0,33.0,47.0,20.0,19.5,8.5,3.4,6.4,24.6,25.6,2.5,2009-10
11,SAS,7,4,3,0.571,48.0,101.9,36.6,77.4,47.2,6.3,16.4,38.3,22.4,30.0,74.8,9.3,33.9,43.1,20.3,16.7,7.6,3.7,5.1,21.6,25.0,3.6,2009-10
12,CLE,8,4,4,0.5,48.0,95.9,34.6,76.8,45.1,5.5,16.5,33.3,21.1,28.0,75.4,9.9,30.4,40.3,22.1,15.5,6.9,5.0,4.6,21.5,25.0,2.6,2009-10
12,DEN,8,4,4,0.5,48.0,106.8,36.0,75.0,48.0,4.4,12.9,34.0,30.4,42.4,71.7,8.5,32.9,41.4,21.3,21.1,9.9,4.9,6.5,27.4,31.0,4.3,2009-10
12,DET,8,4,4,0.5,48.0,98.6,34.5,72.0,47.9,4.5,11.6,38.7,25.1,34.4,73.1,9.0,29.5,38.5,17.4,18.5,7.4,3.3,4.3,28.1,27.1,-4.1,2009-10
12,GSW,8,4,4,0.5,48.0,108.4,39.0,81.3,48.0,6.4,16.3,39.2,24.0,29.5,81.4,9.0,30.5,39.5,23.8,17.8,9.6,5.3,5.3,24.0,25.0,3.3,2009-10
12,HOU,8,4,4,0.5,48.0,102.3,35.4,80.1,44.1,7.0,19.5,35.9,24.5,33.3,73.7,11.1,31.8,42.9,18.9,17.6,8.3,4.6,6.4,27.0,28.4,2.5,2009-10
12,PHX,8,4,4,0.5,48.6,109.0,38.3,86.8,44.1,6.8,18.0,37.5,25.8,33.4,77.2,11.3,29.5,40.8,22.1,16.3,10.6,6.1,4.9,23.1,28.8,0.6,2009-10
12,POR,8,4,4,0.5,48.0,97.5,33.6,77.1,43.6,4.3,14.1,30.1,26.0,35.0,74.3,14.5,27.8,42.3,19.3,17.9,7.6,4.6,5.3,26.1,28.0,0.6,2009-10
12,WAS,8,4,4,0.5,48.0,96.8,35.6,78.4,45.5,4.9,14.4,33.9,20.6,29.4,70.2,9.4,31.3,40.6,20.8,17.1,7.9,4.5,4.0,24.9,24.4,-4.8,2009-10
20,IND,7,3,4,0.429,48.0,107.0,38.1,86.0,44.4,9.3,27.7,33.5,21.4,30.1,71.1,9.0,35.4,44.4,23.4,17.7,8.1,9.1,6.1,31.0,23.9,-4.0,2009-10
21,MEM,8,3,5,0.375,48.0,97.5,35.5,78.6,45.2,4.4,15.4,28.5,22.1,31.3,70.8,13.9,29.6,43.5,20.1,21.4,9.0,5.9,5.3,26.4,26.8,-3.0,2009-10
21,MIL,8,3,5,0.375,48.0,96.0,34.6,80.8,42.9,8.1,23.0,35.3,18.6,26.8,69.6,9.6,29.1,38.8,23.4,16.3,8.1,4.1,3.6,30.8,27.3,-0.4,2009-10
21,MIN,8,3,5,0.375,48.0,100.6,32.8,78.1,41.9,5.1,15.5,33.1,30.0,39.0,76.9,12.1,30.3,42.4,17.1,16.9,8.9,3.3,4.9,26.5,30.5,-4.6,2009-10
24,MIA,7,2,5,0.286,48.0,90.9,32.3,76.3,42.3,6.9,20.1,34.0,19.4,26.7,72.7,9.7,27.0,36.7,15.6,14.7,8.1,4.4,5.4,25.7,24.3,0.2,2009-10
24,OKC,7,2,5,0.286,48.7,93.1,33.7,76.1,44.3,4.1,13.3,31.2,21.6,30.7,70.2,10.3,27.1,37.4,18.6,17.9,10.4,4.9,3.6,26.9,25.0,-8.4,2009-10
24,SAC,7,2,5,0.286,48.0,97.3,36.0,81.4,44.2,6.3,18.3,34.4,19.0,26.6,71.5,13.9,29.3,43.1,19.1,17.3,6.9,4.7,4.1,27.3,23.3,-3.6,2009-10
27,,8,2,6,0.25,48.0,94.6,31.1,72.4,43.0,4.9,16.6,29.3,27.5,35.1,78.3,10.3,27.0,37.3,17.6,20.6,8.3,6.5,5.6,29.8,28.4,-3.5,2009-10
27,,8,2,6,0.25,48.0,93.3,31.9,78.1,40.8,7.1,20.4,35.0,22.4,27.4,81.7,10.4,28.4,38.8,18.3,17.6,6.5,2.8,4.9,26.5,25.8,-10.0,2009-10
27,TOR,8,2,6,0.25,48.0,95.4,35.0,79.4,44.1,3.6,14.9,24.4,21.8,28.9,75.3,10.9,28.5,39.4,20.0,18.9,9.1,5.6,3.1,27.4,24.6,-5.9,2009-10
30,,7,1,6,0.143,48.0,95.9,33.1,76.9,43.1,4.4,13.4,33.0,25.1,35.7,70.4,10.4,33.4,43.9,18.4,18.4,9.4,5.7,3.9,24.7,26.0,-0.4,2009-10
31,,2,0,2,0.0,48.0,91.5,36.5,80.5,45.3,7.5,20.0,37.5,11.0,13.5,81.5,9.0,26.5,35.5,21.0,18.5,9.5,4.0,6.0,26.5,17.0,-17.5,2009-10
31,,2,0,2,0.0,48.0,75.0,23.5,65.5,35.9,4.5,23.5,19.1,23.5,33.5,70.1,14.5,28.5,43.0,19.5,38.0,11.0,2.5,4.5,35.0,25.0,-31.5,2009-10
31,,1,0,1,0.0,48.0,87.0,29.0,73.0,39.7,5.0,19.0,26.3,24.0,32.0,75.0,8.0,15.0,23.0,19.0,22.0,11.0,3.0,5.0,28.0,34.0,-22.0,2009-10
31,,2,0,2,0.0,48.0,93.5,36.0,83.5,43.1,3.0,16.0,18.8,18.5,23.0,80.4,13.5,31.5,45.0,22.0,22.0,7.5,8.0,4.5,26.0,23.0,-13.5,2009-10
1,,7,7,0,1.0,48.0,99.9,36.7,78.9,46.6,7.6,20.9,36.3,18.9,25.9,72.9,9.0,33.3,42.3,22.9,15.0,10.0,4.3,4.6,21.9,21.4,15.0,2008-09
2,ORL,7,6,1,0.857,48.0,102.4,35.1,75.6,46.5,7.3,21.0,34.7,24.9,32.3,77.0,10.1,31.6,41.7,19.4,16.0,8.9,7.0,4.4,23.7,26.1,12.0,2008-09
3,BOS,8,6,2,0.75,48.0,95.0,33.3,72.6,45.8,6.1,16.1,38.0,22.4,32.5,68.8,10.0,30.1,40.1,20.3,18.5,10.9,5.9,3.1,28.5,26.6,3.1,2008-09
3,DET,8,6,2,0.75,48.6,87.1,31.4,75.8,41.4,4.6,11.6,39.8,19.8,26.8,73.8,9.9,29.4,39.3,20.0,15.8,8.6,5.9,4.4,23.5,23.8,5.0,2008-09
3,LAL,8,6,2,0.75,48.0,97.4,36.1,74.9,48.2,4.0,14.5,27.6,21.1,28.1,75.1,9.0,33.9,42.9,23.5,21.9,12.1,4.8,4.5,25.5,23.9,2.8,2008-09
3,MIN,8,6,2,0.75,48.0,95.9,34.8,78.4,44.3,6.9,19.3,35.7,19.5,28.0,69.6,11.4,30.6,42.0,20.9,18.1,9.3,4.4,3.3,23.6,24.0,6.0,2008-09
7,DEN,7,5,1,0.714,46.6,101.1,35.6,77.6,45.9,4.0,12.0,33.3,26.0,38.1,68.2,11.1,31.0,42.1,22.1,15.9,11.1,4.7,5.7,23.7,27.9,8.1,2008-09
7,HOU,7,5,2,0.714,48.0,97.1,33.7,76.1,44.3,8.0,20.6,38.9,21.7,27.1,80.0,10.4,31.3,41.7,19.6,17.6,7.1,3.0,5.6,23.4,24.1,3.6,2008-09
9,GSW,6,4,2,0.667,48.0,110.7,40.5,82.3,49.2,6.8,18.3,37.3,22.8,31.3,72.9,11.3,32.3,43.7,21.3,20.7,12.8,5.7,3.7,25.2,27.0,8.3,2008-09
10,ATL,8,5,3,0.625,48.0,97.4,34.4,74.0,46.5,6.3,16.6,37.6,22.4,29.8,75.2,9.4,29.0,38.4,18.8,16.8,6.3,4.5,5.4,23.0,24.9,-0.1,2008-09
10,PHX,8,5,2,0.625,47.4,93.3,35.3,77.6,45.4,5.4,15.6,34.4,17.4,25.8,67.5,12.3,31.3,43.5,20.6,19.4,7.3,5.8,5.1,26.8,24.5,2.8,2008-09
12,PHI,7,4,3,0.571,48.0,99.6,35.0,79.6,44.0,5.7,14.7,38.8,23.9,32.1,74.2,11.6,30.1,41.7,20.0,16.4,9.9,3.9,4.7,23.1,26.7,2.3,2008-09
12,POR,7,4,3,0.571,48.0,96.4,35.7,75.9,47.1,7.3,18.0,40.5,17.7,26.0,68.1,12.7,27.7,40.4,23.1,18.4,10.6,7.3,4.9,25.3,22.3,5.4,2008-09
12,UTA,7,4,3,0.571,48.7,99.0,34.9,75.4,46.2,4.0,11.0,36.4,25.3,36.3,69.7,11.7,26.7,38.4,23.7,18.1,10.0,5.6,5.0,27.4,29.0,4.3,2008-09
15,CHI,8,4,4,0.5,48.6,97.1,33.8,77.9,43.3,5.6,16.8,33.6,24.0,30.9,77.7,10.6,32.5,43.1,18.0,19.8,7.6,5.6,5.4,27.8,26.9,-1.0,2008-09
15,DAL,8,4,4,0.5,48.0,102.1,37.6,80.8,46.6,6.4,16.9,37.8,20.5,29.3,70.1,9.8,33.8,43.5,21.1,17.5,8.1,6.0,5.8,24.5,23.9,4.6,2008-09
15,IND,8,4,4,0.5,48.0,98.5,35.1,82.3,42.7,6.3,20.1,31.1,22.0,29.6,74.3,11.6,38.5,50.1,21.8,18.8,8.5,7.3,5.6,22.4,25.4,1.0,2008-09
15,,8,4,4,0.5,48.0,94.0,34.6,80.1,43.2,6.5,17.6,36.9,18.3,25.6,71.2,9.5,31.0,40.5,19.4,17.5,9.5,4.6,5.0,24.3,24.6,-1.1,2008-09
15,TOR,8,4,4,0.5,48.0,93.0,33.5,75.9,44.2,5.9,14.4,40.9,20.1,26.5,75.9,8.5,30.8,39.3,20.6,16.3,8.8,4.6,4.0,21.4,25.0,-1.3,2008-09
20,,7,3,4,0.429,48.7,97.9,34.9,76.6,45.5,5.0,15.3,32.7,23.1,30.4,76.1,11.7,27.4,39.1,16.3,19.6,9.7,5.1,3.0,25.7,24.1,-5.9,2008-09
20,NYK,7,3,4,0.429,48.0,106.9,36.7,81.0,45.3,10.3,28.3,36.4,23.1,29.9,77.5,10.1,33.3,43.4,22.4,18.0,8.6,2.6,5.0,22.7,23.6,0.0,2008-09
20,SAS,7,3,4,0.429,48.0,90.4,33.9,76.7,44.1,7.9,22.1,35.5,14.9,19.0,78.2,8.4,31.1,39.6,22.4,14.6,8.6,3.9,3.4,19.4,17.4,4.4,2008-09
23,CLE,8,3,5,0.375,48.0,88.9,32.8,76.8,42.7,5.3,14.4,36.5,18.1,26.4,68.7,10.8,29.0,39.8,20.5,16.1,6.3,4.0,5.4,26.3,24.4,-2.9,2008-09
24,MIA,7,2,5,0.286,49.4,93.0,35.0,77.4,45.2,5.3,17.3,30.6,17.7,25.0,70.9,11.3,29.7,41.0,20.0,18.9,10.7,3.6,3.9,21.6,22.7,-2.3,2008-09
24,WAS,7,2,5,0.286,48.0,81.9,30.6,78.7,38.8,5.7,16.4,34.8,15.0,21.4,70.0,10.4,32.1,42.6,17.1,19.0,8.3,5.1,5.6,22.6,19.0,-12.6,2008-09
26,MEM,8,2,6,0.25,48.0,90.8,32.8,78.4,41.8,5.1,15.9,32.3,20.1,30.5,66.0,11.3,29.9,41.1,16.5,15.9,7.6,6.4,6.3,22.5,24.3,-6.1,2008-09
27,OKC,7,1,6,0.143,48.0,93.3,32.9,79.0,41.6,2.6,9.9,26.1,25.0,33.7,74.2,13.1,31.0,44.1,16.3,19.3,10.1,4.7,4.9,24.3,24.7,-7.4,2008-09
28,MIL,8,1,7,0.125,48.6,89.0,31.8,79.3,40.1,4.3,11.9,35.8,21.3,30.5,69.7,12.0,27.6,39.6,21.0,18.0,9.0,3.3,5.8,26.4,25.5,-14.3,2008-09
28,SAC,8,1,7,0.125,48.0,96.3,33.3,78.3,42.5,4.4,15.5,28.2,25.4,33.0,76.9,11.9,28.5,40.4,17.8,17.4,7.9,3.4,4.9,24.0,26.1,-9.5,2008-09
30,,2,0,2,0.0,48.0,106.5,37.5,82.5,45.5,12.5,31.0,40.3,19.0,21.5,88.4,10.5,28.0,38.5,28.5,23.5,6.0,3.0,4.5,32.0,21.0,-4.5,2008-09
30,,8,0,8,0.0,49.3,88.6,30.5,79.9,38.2,4.0,13.6,29.4,23.6,30.5,77.5,13.4,29.3,42.6,17.0,20.0,9.9,5.6,7.6,27.6,26.0,-10.8,2008-09
30,,2,0,2,0.0,48.0,72.0,30.0,70.5,42.6,2.5,9.0,27.8,9.5,12.0,79.2,7.5,29.0,36.5,22.5,19.5,7.0,2.0,6.5,29.0,17.5,-18.0,2008-09
30,,1,0,1,0.0,48.0,106.0,37.0,85.0,43.5,10.0,28.0,35.7,22.0,26.0,84.6,13.0,23.0,36.0,27.0,27.0,9.0,0.0,4.0,30.0,23.0,-20.0,2008-09
1,,1,1,0,1.0,48.0,104.0,36.0,85.0,42.4,14.0,30.0,46.7,18.0,23.0,78.3,18.0,30.0,48.0,25.0,19.0,9.0,3.0,6.0,30.0,28.0,1.0,2007-08
1,,1,1,0,1.0,48.0,102.0,34.0,83.0,41.0,8.0,24.0,33.3,26.0,35.0,74.3,15.0,42.0,57.0,19.0,24.0,6.0,5.0,5.0,26.0,29.0,3.0,2007-08
3,ATL,8,7,1,0.875,48.6,101.9,34.6,77.1,44.9,3.0,10.6,28.2,29.6,38.9,76.2,12.5,30.5,43.0,19.8,17.5,8.3,6.0,4.5,25.3,28.3,5.5,2007-08
4,ORL,7,6,1,0.857,48.0,103.3,38.1,76.1,50.1,8.1,18.1,44.9,18.9,25.4,74.2,8.4,34.3,42.7,21.3,17.4,6.4,5.1,4.3,21.9,23.1,15.6,2007-08
5,IND,7,5,2,0.714,49.4,105.9,37.0,89.7,41.2,8.0,21.1,37.8,23.9,32.4,73.6,16.9,33.7,50.6,22.0,20.3,9.9,3.9,6.4,28.4,30.1,4.4,2007-08
5,MEM,7,5,2,0.714,49.4,103.1,36.0,81.6,44.1,8.3,21.7,38.2,22.9,33.0,69.3,11.4,32.6,44.0,23.4,17.1,9.3,7.0,4.9,24.3,27.4,5.3,2007-08
5,PHX,7,5,2,0.714,48.0,110.7,40.6,84.9,47.8,11.3,25.4,44.4,18.3,22.7,80.5,7.9,33.9,41.7,26.4,18.3,9.1,5.3,3.7,24.9,24.6,8.0,2007-08
8,GSW,6,4,2,0.667,48.8,110.5,39.8,93.5,42.6,7.2,21.7,33.1,23.7,30.8,76.8,12.8,31.5,44.3,22.2,17.3,10.3,5.7,5.5,28.3,27.8,3.7,2007-08
8,POR,6,4,2,0.667,48.0,102.0,35.8,83.2,43.1,6.3,15.3,41.3,24.0,29.8,80.4,13.2,29.3,42.5,19.8,19.2,8.3,3.3,3.7,23.7,24.8,1.3,2007-08
8,SAS,6,4,2,0.667,48.0,99.0,36.3,79.5,45.7,7.2,17.0,42.2,19.2,25.7,74.7,10.2,32.3,42.5,21.2,15.3,7.5,4.3,5.3,20.2,21.3,6.3,2007-08
8,TOR,6,4,2,0.667,48.0,98.2,35.0,79.2,44.2,7.3,19.3,37.9,20.8,27.3,76.2,9.8,30.2,40.0,22.3,14.2,8.5,3.0,3.2,26.5,25.3,8.3,2007-08
12,DAL,8,5,3,0.625,48.0,97.3,34.8,75.3,46.2,4.4,12.1,36.1,23.4,28.8,81.3,8.6,34.1,42.8,18.3,16.3,7.0,3.9,4.5,26.1,23.1,4.9,2007-08
13,NYK,5,3,2,0.6,48.0,92.8,32.4,78.0,41.5,5.0,15.4,32.5,23.0,31.6,72.8,13.6,30.6,44.2,16.8,17.4,9.4,3.4,5.6,26.4,26.4,-1.8,2007-08
14,CHI,7,4,3,0.571,48.0,93.1,34.1,73.7,46.3,6.4,14.6,44.1,18.4,27.3,67.5,8.6,30.1,38.7,23.4,21.3,8.4,5.4,5.0,27.1,25.7,4.9,2007-08
14,DEN,7,4,3,0.571,48.0,112.0,38.9,81.3,47.8,6.1,19.7,31.2,28.1,39.4,71.4,10.1,34.3,44.4,21.3,17.1,8.4,4.3,5.3,26.1,29.0,7.3,2007-08
14,,7,4,3,0.571,48.0,102.7,36.4,83.9,43.4,4.7,11.9,39.8,25.1,32.6,77.2,13.0,33.6,46.6,24.6,20.1,10.0,5.7,4.0,29.4,23.7,-1.0,2007-08
14,UTA,7,4,3,0.571,48.0,95.4,35.6,81.7,43.5,3.4,11.0,31.2,20.9,29.0,71.9,14.1,29.1,43.3,23.1,18.7,9.7,5.6,6.4,26.1,26.0,1.7,2007-08
14,WAS,7,4,3,0.571,48.0,90.3,31.9,78.9,40.4,3.3,13.1,25.0,23.3,31.7,73.4,13.6,30.4,44.0,17.1,16.1,9.6,7.0,6.1,23.7,24.3,0.6,2007-08
19,DET,8,4,4,0.5,48.6,98.0,34.8,82.8,42.0,5.1,14.3,36.0,23.4,33.4,70.0,13.1,30.4,43.5,21.4,14.0,5.9,6.3,4.6,24.1,25.8,-3.1,2007-08
19,HOU,6,3,3,0.5,49.7,102.8,38.5,80.8,47.6,6.8,16.7,41.0,19.0,27.0,70.4,10.2,34.8,45.0,22.8,20.7,11.2,3.7,3.3,27.2,25.7,10.7,2007-08
19,,6,3,2,0.5,44.8,80.8,27.5,64.3,42.7,5.8,15.8,36.8,20.0,29.3,68.2,11.0,27.2,38.2,16.8,21.2,7.0,5.0,4.5,24.3,25.3,1.2,2007-08
22,BOS,7,3,3,0.429,44.6,79.1,28.4,66.4,42.8,4.7,17.4,27.0,17.6,25.6,68.7,7.6,29.4,37.0,17.9,16.9,8.1,4.4,3.4,23.6,24.1,3.1,2007-08
22,MIL,7,3,4,0.429,48.0,89.7,30.7,75.9,40.5,4.4,14.0,31.6,23.9,33.1,72.0,12.9,28.7,41.6,19.3,20.7,6.4,4.0,5.7,26.4,28.4,-6.4,2007-08
22,,7,3,4,0.429,48.0,98.9,34.0,79.4,42.8,5.6,19.6,28.5,25.3,36.1,70.0,12.1,30.3,42.4,17.3,18.6,8.0,3.9,4.0,26.1,29.1,-2.7,2007-08
22,SAC,7,3,4,0.429,48.0,97.9,33.9,77.6,43.6,6.0,17.9,33.6,24.1,32.0,75.4,10.7,27.0,37.7,17.7,18.7,11.6,4.6,5.4,24.7,27.1,0.7,2007-08
26,LAL,6,2,4,0.333,48.0,105.3,36.3,77.8,46.7,7.3,18.7,39.3,25.3,35.0,72.4,12.3,32.7,45.0,25.2,21.2,7.2,5.3,3.7,23.2,29.2,-1.8,2007-08
26,PHI,6,2,4,0.333,48.8,90.0,31.2,75.8,41.1,3.8,11.3,33.8,23.8,32.7,73.0,11.7,26.2,37.8,17.8,16.2,10.0,4.2,5.0,25.5,27.2,-0.3,2007-08
28,,7,2,5,0.286,48.0,95.7,34.0,76.6,44.4,4.9,14.1,34.3,22.9,29.4,77.7,9.9,27.9,37.7,19.0,17.7,7.9,4.7,7.0,25.9,25.0,-5.6,2007-08
28,MIN,7,2,5,0.286,49.4,91.4,33.4,82.1,40.7,5.6,16.6,33.6,19.0,27.0,70.4,15.0,31.7,46.7,18.0,21.1,8.4,4.9,5.9,28.9,24.6,-8.4,2007-08
30,CLE,6,1,5,0.167,48.8,82.7,29.3,75.3,38.9,3.8,15.7,24.5,20.2,28.2,71.6,11.3,34.7,46.0,17.3,20.0,6.7,5.8,4.3,25.8,23.2,-12.0,2007-08
31,,7,1,6,0.143,48.7,101.4,39.0,87.1,44.8,3.7,12.1,30.6,19.7,28.0,70.4,13.0,33.4,46.4,22.6,19.6,9.6,4.7,5.3,27.0,21.7,-8.4,2007-08
32,,1,0,1,0.0,48.0,92.0,26.0,67.0,38.8,13.0,31.0,41.9,27.0,39.0,69.2,10.0,22.0,32.0,15.0,17.0,2.0,4.0,3.0,19.0,30.0,-24.0,2007-08
32,,1,0,1,0.0,48.0,81.0,28.0,80.0,35.0,5.0,18.0,27.8,20.0,35.0,57.1,14.0,33.0,47.0,18.0,13.0,8.0,5.0,4.0,24.0,28.0,-3.0,2007-08
32,,1,0,1,0.0,48.0,87.0,31.0,71.0,43.7,12.0,33.0,36.4,13.0,19.0,68.4,4.0,32.0,36.0,23.0,21.0,7.0,3.0,0.0,32.0,26.0,-6.0,2007-08
32,,1,0,1,0.0,48.0,73.0,27.0,83.0,32.5,5.0,20.0,25.0,14.0,21.0,66.7,13.0,26.0,39.0,15.0,19.0,7.0,2.0,10.0,28.0,24.0,-25.0,2007-08
32,MIA,7,0,7,0.0,48.7,85.9,33.1,77.4,42.8,5.4,14.7,36.9,14.1,19.9,71.2,8.3,26.3,34.6,16.9,18.0,8.1,6.9,4.9,26.4,22.0,-14.6,2007-08
32,,2,0,2,0.0,48.0,80.5,29.0,65.0,44.6,8.0,18.5,43.2,14.5,22.0,65.9,5.5,24.0,29.5,16.0,28.0,7.0,1.5,5.0,30.0,28.0,-29.5,2007-08
32,,1,0,1,0.0,48.0,85.0,30.0,72.0,41.7,7.0,28.0,25.0,18.0,26.0,69.2,10.0,27.0,37.0,16.0,25.0,3.0,0.0,2.0,29.0,25.0,-27.0,2007-08
32,,3,0,3,0.0,48.0,94.3,32.3,85.0,38.0,7.0,25.7,27.3,22.7,28.3,80.0,16.7,30.0,46.7,20.3,21.0,7.3,4.7,5.3,29.0,26.3,-14.7,2007-08
1,GSW,6,5,1,0.833,49.7,114.7,42.8,84.7,50.6,5.5,16.0,34.4,23.5,33.5,70.1,10.3,31.8,42.2,22.8,20.5,9.5,5.0,4.7,29.8,30.3,6.2,2006-07
1,TOR,6,5,1,0.833,48.8,104.0,34.0,83.2,40.9,8.0,22.3,35.8,28.0,35.2,79.6,11.7,28.5,40.2,22.3,18.3,9.7,2.8,4.2,28.5,29.8,2.3,2006-07
3,ATL,7,5,2,0.714,48.7,98.9,34.7,77.1,45.0,5.4,15.4,35.2,24.0,30.0,80.0,11.3,28.1,39.4,19.3,19.4,7.1,4.1,4.1,28.0,25.9,3.6,2006-07
3,CHI,7,5,2,0.714,48.7,93.7,35.1,76.4,46.0,3.4,11.0,31.2,20.0,29.0,69.0,12.0,30.9,42.9,21.7,19.4,8.7,4.6,4.4,28.6,28.7,7.1,2006-07
3,HOU,7,5,2,0.714,48.0,90.9,31.6,73.4,43.0,10.4,27.7,37.6,17.3,24.7,69.9,11.6,31.3,42.9,19.1,20.0,7.6,3.7,3.9,21.6,22.6,9.6,2006-07
3,ORL,7,5,2,0.714,48.0,97.9,34.9,75.1,46.4,4.3,12.9,33.3,23.9,31.3,76.3,11.0,28.0,39.0,19.1,15.7,7.6,4.1,4.1,27.1,27.6,7.4,2006-07
7,,6,4,2,0.667,48.0,95.5,34.2,81.3,42.0,4.3,13.2,32.9,22.8,28.3,80.6,12.5,27.2,39.7,18.3,18.5,10.0,3.0,4.8,30.0,24.3,-2.0,2006-07
7,LAL,3,2,1,0.667,48.0,99.0,34.7,70.3,49.3,5.7,15.3,37.0,24.0,36.7,65.5,9.7,26.7,36.3,23.7,18.7,9.3,4.7,3.7,23.0,29.7,7.0,2006-07
7,MIN,6,4,2,0.667,48.8,97.0,32.5,71.3,45.6,2.8,11.8,23.9,29.2,38.8,75.1,10.5,32.0,42.5,18.7,22.7,7.7,6.5,4.7,28.8,33.5,2.5,2006-07
7,NYK,6,4,2,0.667,48.0,108.7,38.2,80.3,47.5,4.5,16.5,27.3,27.8,38.3,72.6,12.5,32.2,44.7,21.7,23.3,7.5,3.3,5.8,31.8,30.2,-1.0,2006-07
7,,6,4,2,0.667,48.8,99.7,35.5,78.5,45.2,4.7,15.5,30.1,24.0,30.7,78.3,13.7,26.3,40.0,20.7,17.7,8.2,3.2,3.2,23.3,27.0,3.8,2006-07
12,DET,7,4,3,0.571,48.0,93.1,33.9,74.7,45.3,3.6,11.7,30.5,21.9,32.1,68.0,11.0,27.1,38.1,21.9,18.1,8.3,5.9,3.9,23.0,27.7,-0.6,2006-07
13,DEN,6,3,3,0.5,48.0,113.3,38.0,83.8,45.3,9.7,26.3,36.7,27.7,40.0,69.2,11.2,32.0,43.2,24.3,19.0,9.5,4.8,6.8,28.7,31.8,3.3,2006-07
13,MEM,8,4,4,0.5,48.0,88.3,30.5,70.5,43.3,3.0,11.6,25.8,24.3,34.9,69.5,12.1,26.5,38.6,15.5,19.4,9.8,4.5,5.0,26.3,30.0,-2.9,2006-07
13,SAC,6,3,3,0.5,48.0,95.0,31.3,72.7,43.1,6.0,17.8,33.6,26.3,33.3,79.0,9.5,27.7,37.2,16.7,20.0,9.5,4.2,4.5,25.5,26.7,1.3,2006-07
13,UTA,8,4,4,0.5,48.0,102.5,36.6,80.5,45.5,3.9,12.1,32.0,25.4,34.6,73.3,15.5,29.5,45.0,21.3,19.6,9.0,5.0,4.6,35.9,28.4,4.1,2006-07
13,WAS,8,4,4,0.5,48.0,95.1,34.1,74.5,45.8,5.4,15.3,35.2,21.5,30.4,70.8,10.6,31.1,41.8,18.0,20.6,8.4,3.8,4.3,29.6,25.8,2.3,2006-07
18,IND,7,3,4,0.429,48.0,97.0,33.1,72.3,45.8,3.0,10.6,28.4,27.7,39.0,71.1,10.4,30.3,40.7,20.3,21.4,9.0,6.4,4.0,32.4,32.7,-4.7,2006-07
18,MIL,7,3,4,0.429,49.4,99.9,37.3,85.9,43.4,7.0,18.6,37.7,18.3,25.1,72.7,10.4,28.9,39.3,20.6,18.1,8.7,5.6,4.4,31.1,25.1,-1.4,2006-07
20,PHI,5,2,3,0.4,48.0,101.4,37.8,81.6,46.3,4.6,12.2,37.7,21.2,27.8,76.3,11.4,29.2,40.6,21.6,18.4,10.2,4.8,2.4,23.2,24.4,-0.8,2006-07
20,SAS,5,2,3,0.4,48.0,85.8,32.6,72.8,44.8,6.8,18.4,37.0,13.8,18.0,76.7,8.2,32.4,40.6,20.8,19.0,4.4,2.6,3.6,22.0,18.6,-5.4,2006-07
22,BOS,8,3,5,0.375,48.6,102.8,35.9,78.3,45.8,4.5,13.4,33.6,26.5,36.5,72.6,12.0,29.3,41.3,20.3,19.6,12.4,5.4,4.6,28.5,30.0,1.9,2006-07
22,DAL,8,3,5,0.375,48.0,82.6,28.6,75.4,38.0,4.3,15.6,27.2,21.1,28.0,75.4,11.6,32.9,44.5,16.6,18.3,6.5,5.6,5.9,24.6,24.8,-4.9,2006-07
22,,8,3,5,0.375,48.0,102.9,35.3,77.8,45.3,6.6,18.3,36.3,25.8,34.4,74.9,10.5,29.8,40.3,24.4,21.5,6.5,3.5,4.8,28.1,29.5,-4.3,2006-07
25,,6,2,4,0.333,48.0,94.5,34.7,78.7,44.1,4.7,13.3,35.0,20.5,28.3,72.4,9.5,28.2,37.7,21.2,17.3,8.5,4.8,4.0,28.7,26.5,-4.8,2006-07
26,MIA,7,2,5,0.286,48.0,86.4,29.7,71.0,41.9,5.0,18.1,27.6,22.0,30.9,71.3,8.0,30.9,38.9,16.4,18.6,7.3,3.0,3.0,26.6,25.3,-7.4,2006-07
27,PHX,4,1,3,0.25,48.0,102.3,37.5,81.0,46.3,9.3,28.3,32.7,18.0,22.0,81.8,10.3,29.0,39.3,24.5,19.5,8.3,3.8,2.0,23.8,25.3,0.8,2006-07
27,POR,8,2,6,0.25,48.6,97.4,32.9,67.5,48.7,4.6,13.6,33.9,27.0,35.0,77.1,8.4,28.5,36.9,16.9,22.5,7.3,3.1,4.5,27.8,29.8,-5.3,2006-07
29,CLE,6,1,5,0.167,48.8,88.7,34.2,77.7,44.0,4.5,14.7,30.7,15.8,23.2,68.3,12.5,31.5,44.0,20.3,20.3,8.2,4.8,4.5,24.0,23.0,-2.7,2006-07
30,,7,1,6,0.143,49.4,97.3,33.3,81.3,40.9,4.0,14.0,28.6,26.7,37.7,70.8,14.1,27.6,41.7,21.6,18.1,9.3,4.1,5.0,30.7,30.9,-10.0,2006-07
1,DEN,7,6,1,0.857,48.0,99.7,35.1,74.1,47.4,4.3,11.9,36.1,25.1,34.1,73.6,10.1,29.4,39.6,20.7,19.9,8.4,5.0,5.0,29.3,3.4,3.3,2005-06
1,HOU,7,6,1,0.857,48.0,88.3,30.0,68.9,43.6,4.9,14.0,34.7,23.4,29.6,79.2,9.0,31.4,40.4,19.9,18.7,8.9,4.7,4.4,23.6,0.0,6.0,2005-06
3,DAL,8,6,2,0.75,48.0,92.1,34.1,74.3,46.0,4.0,9.5,42.1,19.9,27.1,73.3,11.4,26.8,38.1,17.9,18.4,10.9,7.3,5.6,25.5,0.1,0.3,2005-06
4,MEM,7,5,2,0.714,48.0,88.1,29.9,70.0,42.7,7.0,17.0,41.2,21.4,30.9,69.4,9.6,30.1,39.7,19.1,18.3,9.9,4.0,4.7,29.4,0.0,6.3,2005-06
4,,7,5,2,0.714,49.4,96.6,32.7,73.1,44.7,2.4,10.0,24.3,28.7,39.7,72.3,10.7,32.1,42.9,21.3,20.6,10.3,2.9,5.7,29.1,0.0,1.0,2005-06
6,,6,4,2,0.667,48.0,93.3,34.3,77.3,44.4,5.2,11.8,43.7,19.5,25.7,76.0,11.8,28.3,40.2,20.3,14.2,7.8,6.0,6.0,24.0,0.0,6.5,2005-06
6,LAL,3,2,1,0.667,49.7,104.7,39.0,82.7,47.2,2.0,12.7,15.8,24.7,32.7,75.5,15.7,26.3,42.0,24.3,19.3,9.0,4.3,4.0,29.7,0.0,2.7,2005-06
6,ORL,6,4,2,0.667,48.0,91.3,31.8,72.3,44.0,3.5,12.8,27.3,24.2,35.8,67.4,11.8,26.3,38.2,17.5,19.2,10.2,5.2,3.7,29.2,0.0,4.7,2005-06
6,PHX,6,4,2,0.667,48.0,102.0,39.3,85.3,46.1,10.3,28.2,36.7,13.0,15.5,83.9,10.3,33.8,44.2,25.5,18.8,6.7,6.3,3.3,24.3,0.2,5.7,2005-06
10,IND,8,5,3,0.625,48.0,94.9,31.6,71.3,44.4,4.9,14.6,33.3,26.8,34.3,78.1,10.6,27.8,38.4,19.3,16.8,9.6,4.1,5.1,23.0,2.3,5.1,2005-06
11,SAC,5,3,2,0.6,48.0,97.2,34.2,77.4,44.2,3.8,14.6,26.0,25.0,30.0,83.3,12.8,26.4,39.2,21.6,17.0,9.8,3.4,4.8,24.8,0.0,5.0,2005-06
11,TOR,5,3,2,0.6,50.0,100.2,34.4,79.0,43.5,4.6,14.2,32.4,26.8,37.8,70.9,9.8,26.0,35.8,21.8,17.6,12.0,4.8,4.6,31.4,0.0,5.2,2005-06
13,,6,3,3,0.5,48.8,90.5,33.7,82.0,41.1,3.8,13.8,27.7,19.3,27.3,70.7,12.3,28.3,40.7,20.0,17.0,11.7,4.3,4.3,32.0,0.2,-3.3,2005-06
13,CHI,6,3,3,0.5,48.8,96.8,34.0,77.5,43.9,5.8,15.2,38.5,23.0,34.3,67.0,12.8,30.3,43.2,21.2,17.3,9.3,4.0,4.8,29.2,3.0,3.0,2005-06
13,CLE,6,3,3,0.5,48.0,97.8,31.8,74.0,43.0,5.5,18.7,29.5,28.7,37.7,76.1,15.7,24.8,40.5,18.0,20.3,10.5,4.7,5.2,28.0,5.8,5.2,2005-06
13,DET,6,3,3,0.5,48.0,92.0,34.8,79.8,43.6,4.8,11.8,40.8,17.5,24.8,70.5,14.2,33.2,47.3,20.2,16.5,6.8,8.0,4.7,25.8,0.0,2.8,2005-06
13,,4,2,2,0.5,48.0,96.8,33.3,73.5,45.2,7.0,19.3,36.4,23.3,32.5,71.5,11.5,31.0,42.5,20.3,19.5,6.8,3.8,4.8,28.0,0.0,2.0,2005-06
18,PHI,5,2,3,0.4,48.0,93.4,33.2,79.0,42.0,4.6,14.8,31.1,22.4,31.8,70.4,12.4,26.8,39.2,20.4,19.2,10.8,5.4,2.8,28.4,0.2,-1.6,2005-06
19,BOS,8,3,5,0.375,48.6,95.3,33.3,71.0,46.8,3.5,10.3,34.1,25.3,34.6,72.9,9.4,30.1,39.5,22.0,21.0,8.8,6.3,3.4,30.9,4.1,-3.5,2005-06
19,MIL,8,3,5,0.375,48.6,95.8,33.6,79.6,42.2,5.3,12.8,41.2,23.3,31.8,73.2,11.1,28.3,39.4,19.0,16.9,9.5,1.6,8.3,27.6,0.0,-1.1,2005-06
21,MIA,6,2,4,0.333,48.0,86.3,30.8,70.7,43.6,4.2,15.5,26.9,20.5,33.8,60.6,10.0,29.8,39.8,16.5,18.2,7.7,4.0,4.3,26.5,0.0,-9.2,2005-06
21,MIN,6,2,4,0.333,48.0,86.3,32.8,75.2,43.7,5.8,17.3,33.7,14.8,24.0,61.8,10.3,26.8,37.2,20.8,15.2,6.8,7.2,3.2,28.0,3.5,-4.7,2005-06
21,NYK,6,2,4,0.333,48.0,91.3,32.5,72.2,45.0,1.8,5.7,32.4,24.5,35.8,68.4,12.0,32.2,44.2,17.5,23.3,10.2,3.3,5.3,32.3,0.2,-1.3,2005-06
21,,6,2,4,0.333,47.6,92.8,32.2,75.8,42.4,5.2,15.3,33.7,23.3,29.0,80.5,10.2,28.5,38.7,17.8,16.2,8.2,4.5,5.7,25.0,0.2,-4.2,2005-06
25,WAS,7,2,5,0.286,49.4,89.1,31.4,78.0,40.3,4.6,13.9,33.0,21.7,34.0,63.9,16.0,29.0,45.0,16.1,20.3,9.3,5.0,3.9,25.6,2.6,-6.4,2005-06
26,GSW,4,1,3,0.25,48.0,98.5,34.5,82.3,41.9,8.0,23.5,34.0,21.5,30.0,71.7,11.8,32.3,44.0,18.8,16.0,7.8,4.0,4.0,25.5,0.0,-5.3,2005-06
26,POR,4,1,3,0.25,47.3,79.3,27.8,79.3,35.0,5.0,15.5,32.3,18.8,25.5,73.5,14.8,27.0,41.8,18.5,18.3,7.8,4.3,5.3,21.3,0.3,-13.3,2005-06
28,UTA,5,1,4,0.2,49.0,90.4,32.2,74.6,43.2,4.0,10.6,37.7,22.0,29.6,74.3,12.2,29.2,41.4,18.8,24.0,6.8,5.4,5.8,30.8,5.6,-6.2,2005-06
29,ATL,3,0,3,0.0,48.0,93.7,32.3,68.7,47.1,3.7,7.7,47.8,25.3,35.3,71.7,12.0,22.7,34.7,15.7,23.0,6.3,3.0,4.3,28.3,0.0,-7.3,2005-06
29,SAS,5,0,5,0.0,48.0,89.0,33.8,76.2,44.4,5.6,16.6,33.7,15.8,24.0,65.8,10.0,29.2,39.2,22.6,16.4,6.8,6.4,5.6,26.6,0.0,-8.0,2005-06
1,DEN,5,5,0,1.0,40.8,80.4,29.8,64.0,46.6,4.2,10.8,38.9,16.6,23.0,72.2,7.6,26.0,33.6,21.6,15.2,9.0,4.6,3.6,21.8,0.0,7.8,2004-05
1,LAL,1,1,0,1.0,48.0,113.0,33.0,74.0,44.6,7.0,17.0,41.2,40.0,50.0,80.0,10.0,36.0,46.0,20.0,14.0,9.0,5.0,10.0,28.0,0.0,11.0,2004-05
1,ORL,2,2,0,1.0,48.0,102.0,36.0,78.5,45.9,6.0,14.0,42.9,24.0,32.5,73.8,10.5,32.5,43.0,19.0,13.0,10.0,7.0,5.0,27.5,0.0,14.5,2004-05
1,PHX,3,3,0,1.0,48.0,107.3,36.7,75.7,48.5,6.0,15.0,40.0,28.0,36.0,77.8,14.0,35.7,49.7,21.7,18.0,6.7,5.7,2.7,27.3,0.0,19.7,2004-05
1,SAS,3,3,0,1.0,44.0,90.7,30.7,66.0,46.5,4.3,11.3,38.2,25.0,33.7,74.3,11.0,28.3,39.3,21.0,18.3,8.7,6.0,4.0,25.3,0.0,9.7,2004-05
6,NYK,4,3,1,0.75,45.0,82.3,25.8,64.8,39.8,3.5,11.3,31.1,27.3,35.0,77.9,9.0,27.5,36.5,17.5,16.5,8.5,2.5,2.8,21.5,0.0,1.0,2004-05
7,,3,2,1,0.667,48.0,78.7,31.3,74.3,42.2,3.3,9.7,34.5,12.7,18.0,70.4,11.0,27.0,38.0,20.7,17.0,11.7,2.7,4.3,28.0,0.0,0.7,2004-05
7,GSW,3,2,1,0.667,44.0,78.3,29.0,74.3,39.0,2.7,9.7,27.6,17.7,22.7,77.9,10.3,28.3,38.7,16.3,16.7,7.3,3.3,5.7,22.7,0.0,-5.3,2004-05
7,PHI,3,2,1,0.667,44.0,83.3,26.3,59.3,44.4,4.3,13.7,31.7,26.3,36.0,73.1,6.7,25.0,31.7,15.7,17.3,9.3,2.3,3.0,27.7,0.0,2.7,2004-05
10,IND,5,3,2,0.6,45.6,87.0,30.0,67.6,44.4,6.4,17.4,36.8,20.6,26.6,77.4,9.0,26.0,35.0,17.8,18.6,9.2,3.8,5.2,27.0,0.0,1.4,2004-05
11,CLE,2,1,1,0.5,42.0,81.5,33.0,70.0,47.1,0.5,2.0,25.0,15.0,22.5,66.7,7.5,26.5,34.0,18.0,12.0,7.0,3.5,3.0,25.0,0.0,0.5,2004-05
11,DAL,4,2,2,0.5,42.0,82.5,29.0,68.8,42.2,3.8,11.3,33.3,20.8,26.5,78.3,11.5,24.8,36.3,13.8,12.0,5.8,3.8,3.5,24.0,0.0,-1.3,2004-05
11,DET,4,2,2,0.5,42.0,76.0,29.0,66.8,43.4,4.0,11.0,36.4,14.0,20.0,70.0,10.5,20.3,30.8,18.0,21.0,14.5,3.5,4.0,23.5,0.0,-1.8,2004-05
11,MEM,2,1,1,0.5,42.0,83.5,29.0,60.5,47.9,1.0,4.0,25.0,24.5,34.5,71.0,9.5,25.0,34.5,20.0,16.0,8.0,7.0,4.0,26.5,0.0,6.5,2004-05
11,MIL,2,1,1,0.5,36.0,66.5,26.5,65.5,40.5,1.5,8.5,17.6,12.0,18.5,64.9,14.0,21.0,35.0,16.0,10.5,6.0,2.5,4.5,17.5,0.0,8.5,2004-05
11,MIN,4,2,2,0.5,42.0,84.8,31.5,67.0,47.0,3.5,10.5,33.3,18.3,24.3,75.3,7.3,29.3,36.5,23.3,16.3,7.5,4.0,3.5,20.8,0.0,7.5,2004-05
11,,4,2,2,0.5,48.0,88.0,31.3,73.0,42.8,3.0,11.8,25.5,22.5,31.8,70.9,11.5,29.3,40.8,21.8,17.8,6.5,2.5,3.0,32.8,0.3,0.8,2004-05
11,TOR,4,2,2,0.5,42.0,82.5,27.5,65.5,42.0,6.5,17.3,37.7,21.0,29.5,71.2,8.3,28.5,36.8,20.5,17.3,8.8,3.5,5.3,23.8,0.0,0.5,2004-05
19,BOS,3,1,2,0.333,44.0,80.3,26.7,57.0,46.8,2.7,9.7,27.6,24.3,31.0,78.5,7.3,26.3,33.7,17.0,20.7,7.3,5.3,2.0,23.3,0.3,-3.3,2004-05
19,CHI,3,1,2,0.333,40.3,70.3,27.0,65.7,41.1,4.3,16.7,26.0,12.0,19.7,61.0,9.0,24.0,33.0,17.3,20.3,10.7,2.7,2.7,22.7,0.0,-9.3,2004-05
19,MIA,3,1,2,0.333,48.0,96.7,34.3,74.7,46.0,4.7,13.7,34.1,23.3,34.0,68.6,8.0,31.3,39.3,17.3,9.7,7.3,3.3,3.3,29.3,0.0,5.7,2004-05
19,,3,1,2,0.333,44.0,82.3,29.0,67.0,43.3,6.7,18.0,37.0,17.7,23.0,76.8,11.3,23.3,34.7,14.0,18.7,7.0,3.0,4.3,23.0,0.0,-5.0,2004-05
19,WAS,3,1,2,0.333,36.3,71.3,23.7,52.3,45.2,2.3,9.0,25.9,21.7,29.7,73.0,9.7,16.0,25.7,11.7,20.0,10.7,2.7,2.7,20.0,0.0,0.0,2004-05
24,,4,1,3,0.25,48.0,91.3,30.8,78.3,39.3,3.5,10.5,33.3,26.3,35.3,74.5,14.0,31.8,45.8,21.0,17.0,8.5,7.8,4.0,31.0,0.0,-8.0,2004-05
24,POR,4,1,3,0.25,42.0,73.5,26.8,65.8,40.7,3.5,12.8,27.5,16.5,23.8,69.5,14.0,23.5,37.5,14.5,17.5,7.5,5.0,3.8,20.0,0.0,-1.0,2004-05
24,SAC,4,1,3,0.25,42.0,79.5,27.0,61.5,43.9,4.3,12.8,33.3,21.3,27.3,78.0,7.0,19.0,26.0,15.8,15.3,8.5,2.0,4.3,24.0,0.0,-13.8,2004-05
24,UTA,4,1,3,0.25,42.0,74.0,27.0,63.8,42.4,2.8,6.8,40.7,17.3,25.0,69.0,13.5,23.0,36.5,17.5,19.3,8.8,3.8,2.8,29.0,0.0,-2.0,2004-05
28,ATL,2,0,2,0.0,42.0,63.0,23.0,63.5,36.2,1.5,10.5,14.3,15.5,27.0,57.4,10.5,23.0,33.5,17.0,16.5,6.0,2.5,4.0,25.5,0.0,-25.0,2004-05
28,HOU,2,0,2,0.0,42.0,69.5,24.0,59.5,40.3,1.5,10.5,14.3,20.0,28.0,71.4,11.0,26.0,37.0,12.5,17.5,6.0,3.0,6.0,23.0,0.0,-9.5,2004-05
28,,3,0,3,0.0,44.0,81.7,28.3,70.0,40.5,4.0,14.3,27.9,21.0,29.0,72.4,12.3,24.0,36.3,13.7,15.3,7.7,3.7,4.7,27.3,0.0,-7.3,2004-05
1,CLE,2,2,0,1.0,48.0,91.5,35.0,75.0,46.7,3.5,9.0,38.9,18.0,28.5,63.2,10.0,38.5,48.5,23.0,22.0,9.5,7.5,2.5,29.5,0.0,3.5,2003-04
1,IND,1,1,0,1.0,31.6,62.0,20.0,52.0,38.5,3.0,10.0,30.0,19.0,33.0,57.6,10.0,20.0,30.0,11.0,10.0,10.0,4.0,9.0,16.0,0.0,4.0,2003-04
1,MEM,1,1,0,1.0,48.0,105.0,40.0,81.0,49.4,4.0,15.0,26.7,21.0,34.0,61.8,14.0,34.0,48.0,25.0,25.0,18.0,7.0,4.0,35.0,0.0,11.0,2003-04
1,MIA,1,1,0,1.0,53.0,86.0,31.0,88.0,35.2,2.0,9.0,22.2,22.0,34.0,64.7,21.0,34.0,55.0,15.0,17.0,12.0,6.0,3.0,30.0,0.0,7.0,2003-04
1,,1,1,0,1.0,48.0,101.0,39.0,84.0,46.4,4.0,16.0,25.0,19.0,28.0,67.9,12.0,35.0,47.0,22.0,15.0,10.0,5.0,9.0,32.0,0.0,22.0,2003-04
1,,1,1,0,1.0,48.0,105.0,39.0,74.0,52.7,7.0,10.0,70.0,20.0,28.0,71.4,11.0,28.0,39.0,27.0,19.0,8.0,4.0,5.0,21.0,0.0,7.0,2003-04
1,POR,1,1,0,1.0,48.0,104.0,39.0,74.0,52.7,3.0,7.0,42.9,23.0,35.0,65.7,11.0,22.0,33.0,22.0,16.0,17.0,3.0,2.0,23.0,0.0,24.0,2003-04
1,SAC,1,1,0,1.0,48.0,101.0,35.0,75.0,46.7,4.0,9.0,44.4,27.0,31.0,87.1,8.0,31.0,39.0,19.0,17.0,13.0,6.0,8.0,19.0,0.0,19.0,2003-04
1,,1,1,0,1.0,48.0,98.0,31.0,75.0,41.3,10.0,27.0,37.0,26.0,37.0,70.3,7.0,35.0,42.0,22.0,14.0,10.0,9.0,3.0,29.0,0.0,20.0,2003-04
1,TOR,1,1,0,1.0,48.0,76.0,31.0,81.0,38.3,2.0,10.0,20.0,12.0,16.0,75.0,11.0,28.0,39.0,17.0,18.0,10.0,6.0,7.0,23.0,0.0,5.0,2003-04
1,UTA,1,1,0,1.0,48.0,90.0,32.0,70.0,45.7,1.0,7.0,14.3,25.0,34.0,73.5,9.0,32.0,41.0,23.0,19.0,8.0,4.0,4.0,26.0,0.0,5.0,2003-04
12,DAL,2,1,1,0.5,48.0,92.0,37.0,79.0,46.8,1.5,7.0,21.4,16.5,28.5,57.9,13.5,31.5,45.0,20.0,17.5,9.0,4.5,4.5,32.0,0.0,2.5,2003-04
12,DET,2,1,1,0.5,48.0,100.0,35.5,81.0,43.8,3.0,8.0,37.5,26.0,40.0,65.0,12.0,26.5,38.5,20.5,18.0,15.5,3.5,5.5,25.0,0.0,5.5,2003-04
12,WAS,2,1,1,0.5,48.0,87.5,31.5,72.0,43.8,5.0,12.0,41.7,19.5,29.0,67.2,12.5,30.5,43.0,20.5,21.0,9.5,7.0,5.5,24.0,0.0,6.5,2003-04
15,ATL,1,0,1,0.0,48.0,80.0,28.0,80.0,35.0,3.0,7.0,42.9,21.0,28.0,75.0,9.0,36.0,45.0,18.0,14.0,6.0,2.0,8.0,27.0,0.0,-3.0,2003-04
15,BOS,1,0,1,0.0,48.0,89.0,36.0,78.0,46.2,3.0,14.0,21.4,14.0,26.0,53.8,11.0,25.0,36.0,21.0,28.0,15.0,4.0,4.0,34.0,0.0,-15.0,2003-04
15,CHI,1,0,1,0.0,31.6,58.0,21.0,46.0,45.7,2.0,3.0,66.7,14.0,20.0,70.0,3.0,28.0,31.0,10.0,17.0,5.0,9.0,4.0,24.0,0.0,-4.0,2003-04
15,HOU,2,0,2,0.0,48.0,79.0,27.0,68.0,39.7,4.0,15.5,25.8,21.0,29.5,71.2,12.0,25.5,37.5,9.0,24.0,7.5,2.5,6.0,30.5,0.0,-22.0,2003-04
15,,1,0,1,0.0,48.0,82.0,32.0,87.0,36.8,4.0,11.0,36.4,14.0,23.0,60.9,21.0,29.0,50.0,13.0,23.0,10.0,8.0,6.0,25.0,0.0,-19.0,2003-04
15,MIL,1,0,1,0.0,48.0,94.0,32.0,75.0,42.7,2.0,13.0,15.4,28.0,40.0,70.0,11.0,32.0,43.0,20.0,24.0,9.0,4.0,7.0,26.0,0.0,-11.0,2003-04
15,NYK,1,0,1,0.0,48.0,86.0,30.0,79.0,38.0,3.0,16.0,18.8,23.0,27.0,85.2,13.0,24.0,37.0,19.0,19.0,11.0,5.0,7.0,28.0,0.0,-18.0,2003-04
15,ORL,2,0,2,0.0,48.0,93.5,34.0,74.5,45.6,3.5,11.5,30.4,22.0,29.0,75.9,8.5,27.0,35.5,16.0,17.5,10.5,5.0,4.5,25.0,0.0,-8.5,2003-04
15,PHI,1,0,1,0.0,53.0,79.0,26.0,79.0,32.9,1.0,7.0,14.3,26.0,29.0,89.7,11.0,33.0,44.0,7.0,20.0,7.0,3.0,6.0,30.0,0.0,-7.0,2003-04
15,PHX,1,0,1,0.0,48.0,79.0,26.0,78.0,33.3,2.0,15.0,13.3,25.0,32.0,78.1,14.0,29.0,43.0,17.0,18.0,8.0,9.0,5.0,30.0,0.0,-22.0,2003-04
