Team,Gms,Pts,Pts/G,RushYds,RYds/G,PassYds,PYds/G,TotYds,Yds/G,Season
Detroit,17,564,33.2,2488,146.4,4474,263.2,6962,409.5,2024
Buffalo,17,525,30.9,2230,131.2,3875,227.9,6105,359.1,2024
Baltimore,17,518,30.5,3189,187.6,4035,237.4,7224,424.9,2024
Tampa Bay,17,502,29.5,2536,149.2,4257,250.4,6793,399.6,2024
Washington,17,485,28.5,2619,154.1,3665,215.6,6284,369.6,2024
Cincinnati,17,472,27.8,1574,92.6,4640,272.9,6214,365.5,2024
Philadelphia,17,463,27.2,3048,179.3,3194,187.9,6242,367.2,2024
Green Bay,17,460,27.1,2496,146.8,3807,223.9,6303,370.8,2024
Minnesota,17,432,25.4,1855,109.1,4043,237.8,5898,346.9,2024
Denver,17,425,25.0,1908,112.2,3610,212.4,5518,324.6,2024
LA Chargers,17,402,23.6,1882,110.7,3629,213.5,5511,324.2,2024
Arizona,17,400,23.5,2451,144.2,3639,214.1,6090,358.2,2024
Atlanta,17,389,22.9,2219,130.5,4068,239.3,6287,369.8,2024
San Francisco,17,389,22.9,2163,127.2,4234,249.1,6397,376.3,2024
Kansas City,17,385,22.6,1790,105.3,3780,222.4,5570,327.6,2024
Pittsburgh,17,380,22.4,2166,127.4,3264,192.0,5430,319.4,2024
Indianapolis,17,377,22.2,2331,137.1,3361,197.7,5692,334.8,2024
Seattle,17,375,22.1,1627,95.7,4020,236.5,5647,332.2,2024
Houston,17,372,21.9,1909,112.3,3526,207.4,5435,319.7,2024
LA Rams,17,367,21.6,1765,103.8,3868,227.5,5633,331.4,2024
Dallas,17,350,20.6,1705,100.3,3862,227.2,5567,327.5,2024
Miami,17,345,20.3,1795,105.6,3737,219.8,5532,325.4,2024
Carolina,17,341,20.1,1878,110.5,3188,187.5,5066,298.0,2024
New Orleans,17,338,19.9,1954,114.9,3488,205.2,5442,320.1,2024
NY Jets,17,338,19.9,1561,91.8,3714,218.5,5275,310.3,2024
Jacksonville,17,320,18.8,1729,101.7,3477,204.5,5206,306.2,2024
Tennessee,17,311,18.3,1855,109.1,3317,195.1,5172,304.2,2024
Chicago,17,310,18.2,1734,102.0,3086,181.5,4820,283.5,2024
Las Vegas,17,309,18.2,1357,79.8,3797,223.4,5154,303.2,2024
New England,17,289,17.0,1969,115.8,2995,176.2,4964,292.0,2024
NY Giants,17,273,16.1,1783,104.9,3228,189.9,5011,294.8,2024
Cleveland,17,258,15.2,1608,94.6,3506,206.2,5114,300.8,2024
Dallas,17,509,29.9,1920,112.9,4397,258.6,6317,371.6,2023
Miami,17,496,29.2,2308,135.8,4514,265.5,6822,401.3,2023
San Francisco,17,491,28.9,2389,140.5,4384,257.9,6773,398.4,2023
Baltimore,17,483,28.4,2661,156.5,3635,213.8,6296,370.4,2023
Detroit,17,461,27.1,2311,135.9,4401,258.9,6712,394.8,2023
Buffalo,17,451,26.5,2212,130.1,4154,244.4,6366,374.5,2023
Philadelphia,17,433,25.5,2190,128.8,3834,225.5,6024,354.4,2023
LA Rams,17,404,23.8,2045,120.3,4063,239.0,6108,359.3,2023
New Orleans,17,402,23.6,1742,102.5,3990,234.7,5732,337.2,2023
Cleveland,17,396,23.3,2017,118.6,3693,217.2,5710,335.9,2023
Indianapolis,17,396,23.3,2059,121.1,3666,215.6,5725,336.8,2023
Green Bay,17,383,22.5,1905,112.1,3968,233.4,5873,345.5,2023
Houston,17,377,22.2,1647,96.9,4173,245.5,5820,342.4,2023
Jacksonville,17,377,22.2,1646,96.8,4126,242.7,5772,339.5,2023
Kansas City,17,371,21.8,1784,104.9,4188,246.4,5972,351.3,2023
Cincinnati,17,366,21.5,1527,89.8,3895,229.1,5422,318.9,2023
Seattle,17,364,21.4,1580,92.9,3910,230.0,5490,322.9,2023
Chicago,17,360,21.2,2399,141.1,3096,182.1,5495,323.2,2023
Denver,17,357,21.0,1810,106.5,3262,191.9,5072,298.4,2023
Tampa Bay,17,348,20.5,1509,88.8,3812,224.2,5321,313.0,2023
LA Chargers,17,346,20.4,1642,96.6,3957,232.8,5599,329.4,2023
Minnesota,17,344,20.2,1553,91.4,4359,256.4,5912,347.8,2023
Las Vegas,17,332,19.5,1542,90.7,3380,198.8,4922,289.5,2023
Arizona,17,330,19.4,2365,139.1,3144,184.9,5509,324.1,2023
Washington,17,329,19.4,1592,93.6,3725,219.1,5317,312.8,2023
Atlanta,17,321,18.9,2159,127.0,3524,207.3,5683,334.3,2023
Tennessee,17,305,17.9,1846,108.6,3067,180.4,4913,289.0,2023
Pittsburgh,17,304,17.9,2010,118.2,3163,186.1,5173,304.3,2023
NY Jets,17,268,15.8,1647,96.9,2919,171.7,4566,268.6,2023
NY Giants,17,266,15.6,1874,110.2,2886,169.8,4760,280.0,2023
Carolina,17,236,13.9,1769,104.1,2741,161.2,4510,265.3,2023
New England,17,236,13.9,1627,95.7,3069,180.5,4696,276.2,2023
Kansas City,17,496,29.2,1970,115.9,5062,297.8,7032,413.6,2022
Philadelphia,17,477,28.1,2509,147.6,4105,241.5,6614,389.1,2022
Dallas,17,467,27.5,2298,135.2,3736,219.8,6034,354.9,2022
Buffalo,16,455,28.4,2232,139.5,4129,258.1,6361,397.6,2022
Detroit,17,453,26.6,2179,128.2,4281,251.8,6460,380.0,2022
San Francisco,17,450,26.5,2360,138.8,3856,226.8,6216,365.6,2022
Minnesota,17,424,24.9,1661,97.7,4484,263.8,6145,361.5,2022
Cincinnati,16,418,26.1,1528,95.5,4240,265.0,5768,360.5,2022
Seattle,17,407,23.9,2042,120.1,3934,231.4,5976,351.5,2022
Jacksonville,17,404,23.8,2116,124.5,3959,232.9,6075,357.4,2022
Miami,17,397,23.4,1686,99.2,4511,265.4,6197,364.5,2022
Las Vegas,17,395,23.2,2059,121.1,3934,231.4,5993,352.5,2022
LA Chargers,17,391,23.0,1524,89.6,4584,269.6,6108,359.3,2022
Green Bay,17,370,21.8,2113,124.3,3632,213.6,5745,337.9,2022
Atlanta,17,365,21.5,2718,159.9,2699,158.8,5417,318.6,2022
NY Giants,17,365,21.5,2519,148.2,3157,185.7,5676,333.9,2022
New England,17,364,21.4,1812,106.6,3536,208.0,5348,314.6,2022
Cleveland,17,361,21.2,2490,146.5,3444,202.6,5934,349.1,2022
Baltimore,17,350,20.6,2720,160.0,3040,178.8,5760,338.8,2022
Carolina,17,347,20.4,2210,130.0,2996,176.2,5206,306.2,2022
Arizona,17,340,20.0,1873,110.2,3626,213.3,5499,323.5,2022
New Orleans,17,330,19.4,1982,116.6,3692,217.2,5674,333.8,2022
Chicago,17,326,19.2,3014,177.3,2219,130.5,5233,307.8,2022
Washington,17,321,18.9,2143,126.1,3472,204.2,5615,330.3,2022
Tampa Bay,17,313,18.4,1308,76.9,4586,269.8,5894,346.7,2022
Pittsburgh,17,308,18.1,2073,121.9,3411,200.6,5484,322.6,2022
LA Rams,17,307,18.1,1661,97.7,3108,182.8,4769,280.5,2022
Tennessee,17,298,17.5,2131,125.4,2914,171.4,5045,296.8,2022
NY Jets,17,296,17.4,1686,99.2,3723,219.0,5409,318.2,2022
Houston,17,289,17.0,1476,86.8,3344,196.7,4820,283.5,2022
Indianapolis,17,289,17.0,1866,109.8,3432,201.9,5298,311.6,2022
Denver,17,287,16.9,1935,113.8,3592,211.3,5527,325.1,2022
Dallas,17,530,31.2,2119,124.6,4800,282.4,6919,407.0,2021
Tampa Bay,17,511,30.1,1672,98.4,5229,307.6,6901,405.9,2021
Buffalo,17,483,28.4,2209,129.9,4284,252.0,6493,381.9,2021
Kansas City,17,480,28.2,1955,115.0,4791,281.8,6746,396.8,2021
LA Chargers,17,474,27.9,1834,107.9,4800,282.4,6634,390.2,2021
New England,17,462,27.2,2151,126.5,3857,226.9,6008,353.4,2021
Cincinnati,17,460,27.1,1742,102.5,4403,259.0,6145,361.5,2021
LA Rams,17,460,27.1,1683,99.0,4642,273.1,6325,372.1,2021
Indianapolis,17,451,26.5,2540,149.4,3361,197.7,5901,347.1,2021
Green Bay,17,450,26.5,1900,111.8,4315,253.8,6215,365.6,2021
Arizona,17,449,26.4,2076,122.1,4276,251.5,6352,373.6,2021
Philadelphia,17,444,26.1,2715,159.7,3404,200.2,6119,359.9,2021
San Francisco,17,427,25.1,2166,127.4,4221,248.3,6387,375.7,2021
Minnesota,17,425,25.0,1930,113.5,4238,249.3,6168,362.8,2021
Tennessee,17,419,24.6,2404,141.4,3418,201.1,5822,342.5,2021
Seattle,17,395,23.2,2074,122.0,3432,201.9,5506,323.9,2021
Baltimore,17,387,22.8,2479,145.8,3961,233.0,6440,378.8,2021
Las Vegas,17,374,22.0,1617,95.1,4567,268.6,6184,363.8,2021
New Orleans,17,364,21.4,1991,117.1,3186,187.4,5177,304.5,2021
Cleveland,17,349,20.5,2471,145.4,3320,195.3,5791,340.6,2021
Pittsburgh,17,343,20.2,1583,93.1,3778,222.2,5361,315.4,2021
Miami,17,341,20.1,1568,92.2,3651,214.8,5219,307.0,2021
Denver,17,335,19.7,2025,119.1,3593,211.4,5618,330.5,2021
Washington,17,335,19.7,2061,121.2,3441,202.4,5502,323.6,2021
Detroit,17,325,19.1,1886,110.9,3598,211.6,5484,322.6,2021
Atlanta,17,313,18.4,1451,85.4,3713,218.4,5164,303.8,2021
Chicago,17,311,18.3,2018,118.7,3207,188.6,5225,307.4,2021
NY Jets,17,310,18.2,1667,98.1,3541,208.3,5208,306.4,2021
Carolina,17,304,17.9,1842,108.4,3239,190.5,5081,298.9,2021
Houston,17,280,16.5,1422,83.6,3305,194.4,4727,278.1,2021
NY Giants,17,258,15.2,1688,99.3,3196,188.0,4884,287.3,2021
Jacksonville,17,253,14.9,1755,103.2,3436,202.1,5191,305.4,2021
Green Bay,16,509,31.8,2118,132.4,4106,256.6,6224,389.0,2020
Buffalo,16,501,31.3,1723,107.7,4620,288.8,6343,396.4,2020
Tampa Bay,16,492,30.8,1519,94.9,4626,289.1,6145,384.1,2020
Tennessee,16,491,30.7,2690,168.1,3653,228.3,6343,396.4,2020
New Orleans,16,482,30.1,2265,141.6,3758,234.9,6023,376.4,2020
Kansas City,16,473,29.6,1799,112.4,4854,303.4,6653,415.8,2020
Baltimore,16,468,29.2,3071,191.9,2739,171.2,5810,363.1,2020
Seattle,16,459,28.7,1971,123.2,3941,246.3,5912,369.5,2020
Indianapolis,16,451,28.2,1996,124.8,4053,253.3,6049,378.1,2020
Las Vegas,16,434,27.1,1916,119.8,4217,263.6,6133,383.3,2020
Minnesota,16,430,26.9,2283,142.7,4009,250.6,6292,393.2,2020
Pittsburgh,16,416,26.0,1351,84.4,4003,250.2,5354,334.6,2020
Arizona,16,410,25.6,2237,139.8,3916,244.8,6153,384.6,2020
Cleveland,16,408,25.5,2374,148.4,3539,221.2,5913,369.6,2020
Miami,16,404,25.2,1688,105.5,3736,233.5,5424,339.0,2020
Atlanta,16,396,24.8,1532,95.8,4363,272.7,5895,368.4,2020
Dallas,16,395,24.7,1788,111.8,4161,260.1,5949,371.8,2020
Houston,16,384,24.0,1466,91.6,4538,283.6,6004,375.2,2020
LA Chargers,16,384,24.0,1784,111.5,4329,270.6,6113,382.1,2020
Detroit,16,377,23.6,1499,93.7,4104,256.5,5603,350.2,2020
San Francisco,16,376,23.5,1889,118.1,4033,252.1,5922,370.1,2020
Chicago,16,372,23.2,1647,102.9,3655,228.4,5302,331.4,2020
LA Rams,16,372,23.2,2018,126.1,4014,250.9,6032,377.0,2020
Carolina,16,350,21.9,1704,106.5,3888,243.0,5592,349.5,2020
Washington,16,335,20.9,1611,100.7,3465,216.6,5076,317.2,2020
Philadelphia,16,334,20.9,2027,126.7,3327,207.9,5354,334.6,2020
New England,16,326,20.4,2346,146.6,2890,180.6,5236,327.2,2020
Denver,16,323,20.2,1918,119.9,3451,215.7,5369,335.6,2020
Cincinnati,16,311,19.4,1668,104.2,3448,215.5,5116,319.8,2020
Jacksonville,16,306,19.1,1519,94.9,3699,231.2,5218,326.1,2020
NY Giants,16,280,17.5,1768,110.5,3026,189.1,4794,299.6,2020
NY Jets,16,243,15.2,1683,105.2,2796,174.8,4479,279.9,2020
Baltimore,16,531,33.2,3296,206.0,3225,201.6,6521,407.6,2019
San Francisco,16,479,29.9,2305,144.1,3792,237.0,6097,381.1,2019
New Orleans,16,458,28.6,1738,108.6,4244,265.2,5982,373.9,2019
Tampa Bay,16,458,28.6,1521,95.1,4845,302.8,6366,397.9,2019
Kansas City,16,451,28.2,1569,98.1,4498,281.1,6067,379.2,2019
Dallas,16,434,27.1,2153,134.6,4751,296.9,6904,431.5,2019
New England,16,420,26.2,1703,106.4,3961,247.6,5664,354.0,2019
Minnesota,16,407,25.4,2133,133.3,3523,220.2,5656,353.5,2019
Seattle,16,405,25.3,2200,137.5,3791,236.9,5991,374.4,2019
Tennessee,16,402,25.1,2223,138.9,3582,223.9,5805,362.8,2019
LA Rams,16,394,24.6,1499,93.7,4499,281.2,5998,374.9,2019
Philadelphia,16,385,24.1,1939,121.2,3833,239.6,5772,360.8,2019
Atlanta,16,381,23.8,1361,85.1,4714,294.6,6075,379.7,2019
Houston,16,378,23.6,2009,125.6,3783,236.4,5792,362.0,2019
Green Bay,16,376,23.5,1795,112.2,3733,233.3,5528,345.5,2019
Arizona,16,361,22.6,1990,124.4,3477,217.3,5467,341.7,2019
Indianapolis,16,361,22.6,2130,133.1,3108,194.2,5238,327.4,2019
Detroit,16,341,21.3,1649,103.1,3900,243.8,5549,346.8,2019
NY Giants,16,341,21.3,1685,105.3,3731,233.2,5416,338.5,2019
Carolina,16,340,21.2,1819,113.7,3650,228.1,5469,341.8,2019
LA Chargers,16,337,21.1,1453,90.8,4426,276.6,5879,367.4,2019
Cleveland,16,335,20.9,1901,118.8,3554,222.1,5455,340.9,2019
Buffalo,16,314,19.6,2054,128.4,3229,201.8,5283,330.2,2019
Oakland,16,313,19.6,1893,118.3,3926,245.4,5819,363.7,2019
Miami,16,306,19.1,1156,72.2,3804,237.8,4960,310.0,2019
Jacksonville,16,300,18.8,1708,106.8,3760,235.0,5468,341.8,2019
Pittsburgh,16,289,18.1,1447,90.4,2981,186.3,4428,276.8,2019
Denver,16,282,17.6,1662,103.9,3115,194.7,4777,298.6,2019
Chicago,16,280,17.5,1458,91.1,3291,205.7,4749,296.8,2019
Cincinnati,16,279,17.4,1517,94.8,3652,228.2,5169,323.1,2019
NY Jets,16,276,17.2,1257,78.6,3111,194.4,4368,273.0,2019
Washington,16,266,16.6,1583,98.9,2812,175.8,4395,274.7,2019
Kansas City,16,565,35.3,1855,115.9,4955,309.7,6810,425.6,2018
LA Rams,16,527,32.9,2231,139.4,4507,281.7,6738,421.1,2018
New Orleans,16,504,31.5,2025,126.6,4042,252.6,6067,379.2,2018
New England,16,436,27.2,2037,127.3,4258,266.1,6295,393.4,2018
Indianapolis,16,433,27.1,1718,107.4,4461,278.8,6179,386.2,2018
LA Chargers,16,428,26.8,1873,117.1,4089,255.6,5962,372.6,2018
Pittsburgh,16,428,26.8,1445,90.3,5008,313.0,6453,403.3,2018
Seattle,16,428,26.8,2560,160.0,3093,193.3,5653,353.3,2018
Chicago,16,421,26.3,1938,121.1,3564,222.8,5502,343.9,2018
Atlanta,16,414,25.9,1573,98.3,4653,290.8,6226,389.1,2018
Houston,16,402,25.1,2021,126.3,3781,236.3,5802,362.6,2018
Tampa Bay,16,396,24.8,1523,95.2,5125,320.3,6648,415.5,2018
Baltimore,16,389,24.3,2441,152.6,3558,222.4,5999,374.9,2018
Carolina,16,376,23.5,2136,133.5,3836,239.8,5972,373.2,2018
Green Bay,16,376,23.5,1667,104.2,4238,264.9,5905,369.1,2018
NY Giants,16,369,23.1,1650,103.1,4047,252.9,5697,356.1,2018
Cincinnati,16,368,23.0,1682,105.1,3290,205.6,4972,310.8,2018
Philadelphia,16,367,22.9,1570,98.1,4275,267.2,5845,365.3,2018
Minnesota,16,360,22.5,1493,93.3,4036,252.2,5529,345.6,2018
Cleveland,16,359,22.4,1893,118.3,4007,250.4,5900,368.8,2018
San Francisco,16,342,21.4,1902,118.9,3867,241.7,5769,360.6,2018
Dallas,16,339,21.2,1963,122.7,3538,221.1,5501,343.8,2018
NY Jets,16,333,20.8,1622,101.4,3165,197.8,4787,299.2,2018
Denver,16,329,20.6,1907,119.2,3695,230.9,5602,350.1,2018
Detroit,16,324,20.2,1660,103.8,3576,223.5,5236,327.2,2018
Miami,16,319,19.9,1738,108.6,2900,181.2,4638,289.9,2018
Tennessee,16,310,19.4,2023,126.4,2975,185.9,4998,312.4,2018
Oakland,16,290,18.1,1628,101.8,3751,234.4,5379,336.2,2018
Washington,16,281,17.6,1774,110.9,3021,188.8,4795,299.7,2018
Buffalo,16,269,16.8,1984,124.0,2794,174.6,4778,298.6,2018
Jacksonville,16,245,15.3,1723,107.7,3109,194.3,4832,302.0,2018
Arizona,16,225,14.1,1342,83.9,2523,157.7,3865,241.6,2018
LA Rams,16,478,29.9,1953,122.1,3831,239.4,5784,361.5,2017
New England,16,458,28.6,1889,118.1,4418,276.1,6307,394.2,2017
Philadelphia,16,457,28.6,2115,132.2,3737,233.6,5852,365.8,2017
New Orleans,16,448,28.0,2070,129.4,4189,261.8,6259,391.2,2017
Jacksonville,16,417,26.1,2262,141.4,3593,224.6,5855,365.9,2017
Kansas City,16,415,25.9,1903,118.9,4104,256.5,6007,375.4,2017
Detroit,16,410,25.6,1221,76.3,4183,261.4,5404,337.8,2017
Pittsburgh,16,406,25.4,1667,104.2,4380,273.8,6047,377.9,2017
Baltimore,16,395,24.7,1856,116.0,3030,189.4,4886,305.4,2017
Minnesota,16,382,23.9,1957,122.3,3753,234.6,5710,356.9,2017
Seattle,16,366,22.9,1629,101.8,3657,228.6,5286,330.4,2017
Carolina,16,363,22.7,2102,131.4,3077,192.3,5179,323.7,2017
LA Chargers,16,355,22.2,1595,99.7,4431,276.9,6026,376.6,2017
Dallas,16,354,22.1,2170,135.6,3141,196.3,5311,331.9,2017
Atlanta,16,353,22.1,1847,115.4,3990,249.4,5837,364.8,2017
Washington,16,342,21.4,1448,90.5,3751,234.4,5199,324.9,2017
Houston,16,338,21.1,1842,115.1,3278,204.9,5120,320.0,2017
Tampa Bay,16,335,20.9,1450,90.6,4366,272.9,5816,363.5,2017
Tennessee,16,334,20.9,1833,114.6,3191,199.4,5024,314.0,2017
San Francisco,16,331,20.7,1662,103.9,3925,245.3,5587,349.2,2017
Green Bay,16,320,20.0,1724,107.8,3167,197.9,4891,305.7,2017
Buffalo,16,302,18.9,2017,126.1,2825,176.6,4842,302.6,2017
Oakland,16,301,18.8,1554,97.1,3631,226.9,5185,324.1,2017
NY Jets,16,298,18.6,1702,106.4,3182,198.9,4884,305.2,2017
Arizona,16,295,18.4,1386,86.6,3640,227.5,5026,314.1,2017
Cincinnati,16,290,18.1,1366,85.4,3122,195.1,4488,280.5,2017
Denver,16,289,18.1,1852,115.8,3333,208.3,5185,324.1,2017
Miami,16,281,17.6,1388,86.8,3535,220.9,4923,307.7,2017
Chicago,16,264,16.5,1788,111.8,2811,175.7,4599,287.4,2017
Indianapolis,16,263,16.4,1661,103.8,2892,180.8,4553,284.6,2017
NY Giants,16,246,15.4,1549,96.8,3479,217.4,5028,314.2,2017
Cleveland,16,234,14.6,1714,107.1,3228,201.8,4942,308.9,2017
Atlanta,16,540,33.8,1928,120.5,4725,295.3,6653,415.8,2016
New Orleans,16,469,29.3,1742,108.9,5074,317.1,6816,426.0,2016
New England,16,441,27.6,1872,117.0,4308,269.2,6180,386.2,2016
Green Bay,16,432,27.0,1701,106.3,4199,262.4,5900,368.8,2016
Dallas,16,421,26.3,2396,149.8,3631,226.9,6027,376.7,2016
Arizona,16,418,26.1,1732,108.2,4136,258.5,5868,366.8,2016
Oakland,16,416,26.0,1922,120.1,4051,253.2,5973,373.3,2016
Indianapolis,16,411,25.7,1628,101.8,4202,262.6,5830,364.4,2016
San Diego,16,410,25.6,1510,94.4,4198,262.4,5708,356.8,2016
Buffalo,16,399,24.9,2630,164.4,3036,189.8,5666,354.1,2016
Pittsburgh,16,399,24.9,1760,110.0,4202,262.6,5962,372.6,2016
Washington,16,396,24.8,1696,106.0,4758,297.4,6454,403.4,2016
Kansas City,16,389,24.3,1748,109.2,3740,233.8,5488,343.0,2016
Tennessee,16,381,23.8,2187,136.7,3541,221.3,5728,358.0,2016
Carolina,16,369,23.1,1814,113.4,3685,230.3,5499,343.7,2016
Philadelphia,16,367,22.9,1813,113.3,3585,224.1,5398,337.4,2016
Miami,16,363,22.7,1824,114.0,3500,218.8,5324,332.8,2016
Seattle,16,354,22.1,1591,99.4,4124,257.8,5715,357.2,2016
Tampa Bay,16,354,22.1,1616,101.0,3926,245.4,5542,346.4,2016
Detroit,16,346,21.6,1310,81.9,4111,256.9,5421,338.8,2016
Baltimore,16,343,21.4,1463,91.4,4100,256.2,5563,347.7,2016
Denver,16,333,20.8,1484,92.8,3685,230.3,5169,323.1,2016
Minnesota,16,327,20.4,1205,75.3,3836,239.8,5041,315.1,2016
Cincinnati,16,325,20.3,1769,110.6,3942,246.4,5711,356.9,2016
Jacksonville,16,318,19.9,1631,101.9,3728,233.0,5359,334.9,2016
NY Giants,16,310,19.4,1412,88.2,3879,242.4,5291,330.7,2016
San Francisco,16,309,19.3,2019,126.2,2911,181.9,4930,308.1,2016
Chicago,16,279,17.4,1735,108.4,3969,248.1,5704,356.5,2016
Houston,16,279,17.4,1859,116.2,3176,198.5,5035,314.7,2016
NY Jets,16,275,17.2,1802,112.6,3466,216.6,5268,329.2,2016
Cleveland,16,264,16.5,1712,107.0,3264,204.0,4976,311.0,2016
Los Angeles,16,224,14.0,1252,78.2,2951,184.4,4203,262.7,2016
Carolina,16,500,31.2,2282,142.6,3589,224.3,5871,366.9,2015
Arizona,16,489,30.6,1917,119.8,4616,288.5,6533,408.3,2015
New England,16,465,29.1,1404,87.8,4587,286.7,5991,374.4,2015
Pittsburgh,16,423,26.4,1724,107.8,4603,287.7,6327,395.4,2015
Seattle,16,423,26.4,2268,141.8,3790,236.9,6058,378.6,2015
NY Giants,16,420,26.2,1609,100.6,4343,271.4,5952,372.0,2015
Cincinnati,16,419,26.2,1805,112.8,3923,245.2,5728,358.0,2015
New Orleans,16,408,25.5,1491,93.2,4970,310.6,6461,403.8,2015
Kansas City,16,405,25.3,2044,127.8,3255,203.4,5299,331.2,2015
Washington,16,388,24.2,1566,97.9,4095,255.9,5661,353.8,2015
NY Jets,16,387,24.2,1868,116.8,4057,253.6,5925,370.3,2015
Buffalo,16,379,23.7,2432,152.0,3343,208.9,5775,360.9,2015
Philadelphia,16,377,23.6,1743,108.9,4087,255.4,5830,364.4,2015
Jacksonville,16,376,23.5,1473,92.1,4108,256.8,5581,348.8,2015
Green Bay,16,368,23.0,1850,115.6,3503,218.9,5353,334.6,2015
Minnesota,16,365,22.8,2211,138.2,2928,183.0,5139,321.2,2015
Oakland,16,359,22.4,1457,91.1,3879,242.4,5336,333.5,2015
Detroit,16,358,22.4,1335,83.4,4212,263.2,5547,346.7,2015
Denver,16,355,22.2,1718,107.4,3970,248.1,5688,355.5,2015
Tampa Bay,16,342,21.4,2162,135.1,3852,240.8,6014,375.9,2015
Atlanta,16,339,21.2,1606,100.4,4379,273.7,5985,374.1,2015
Houston,16,339,21.2,1731,108.2,3833,239.6,5564,347.8,2015
Chicago,16,335,20.9,1854,115.9,3660,228.8,5514,344.6,2015
Indianapolis,16,333,20.8,1438,89.9,3704,231.5,5142,321.4,2015
Baltimore,16,328,20.5,1478,92.4,4271,266.9,5749,359.3,2015
San Diego,16,320,20.0,1358,84.9,4591,286.9,5949,371.8,2015
Miami,16,310,19.4,1496,93.5,3811,238.2,5307,331.7,2015
Tennessee,16,299,18.7,1485,92.8,3503,218.9,4988,311.8,2015
St. Louis,16,280,17.5,1956,122.2,2805,175.3,4761,297.6,2015
Cleveland,16,278,17.4,1529,95.6,3782,236.4,5311,331.9,2015
Dallas,16,275,17.2,1890,118.1,3471,216.9,5361,335.1,2015
San Francisco,16,238,14.9,1544,96.5,3316,207.2,4860,303.8,2015
Green Bay,16,486,30.4,1917,119.8,4261,266.3,6178,386.1,2014
Denver,16,482,30.1,1785,111.6,4661,291.3,6446,402.9,2014
Philadelphia,16,474,29.6,1992,124.5,4356,272.2,6348,396.8,2014
New England,16,468,29.2,1727,107.9,4121,257.6,5848,365.5,2014
Dallas,16,467,29.2,2354,147.1,3784,236.5,6138,383.6,2014
Indianapolis,16,458,28.6,1612,100.8,4894,305.9,6506,406.6,2014
Pittsburgh,16,436,27.2,1752,109.5,4825,301.6,6577,411.1,2014
Baltimore,16,409,25.6,2019,126.2,3819,238.7,5838,364.9,2014
New Orleans,16,401,25.1,1818,113.6,4764,297.8,6582,411.4,2014
Seattle,16,394,24.6,2762,172.6,3250,203.1,6012,375.8,2014
Miami,16,388,24.2,1872,117.0,3729,233.1,5601,350.1,2014
Atlanta,16,381,23.8,1498,93.6,4553,284.6,6051,378.2,2014
NY Giants,16,380,23.8,1603,100.2,4272,267.0,5875,367.2,2014
Houston,16,372,23.2,2161,135.1,3352,209.5,5513,344.6,2014
Cincinnati,16,365,22.8,2147,134.2,3421,213.8,5568,348.0,2014
Kansas City,16,353,22.1,1918,119.9,3182,198.9,5100,318.8,2014
San Diego,16,348,21.8,1367,85.4,4098,256.1,5465,341.6,2014
Buffalo,16,343,21.4,1482,92.6,3614,225.9,5096,318.5,2014
Carolina,16,339,21.2,2036,127.2,3511,219.4,5547,346.7,2014
Minnesota,16,325,20.3,1804,112.8,3244,202.8,5048,315.5,2014
St. Louis,16,324,20.2,1635,102.2,3400,212.5,5035,314.7,2014
Detroit,16,321,20.1,1422,88.9,4030,251.9,5452,340.8,2014
Chicago,16,319,19.9,1441,90.1,3792,237.0,5233,327.1,2014
Arizona,16,310,19.4,1308,81.8,3808,238.0,5116,319.8,2014
San Francisco,16,306,19.1,2176,136.0,3063,191.4,5239,327.4,2014
Washington,16,301,18.8,1691,105.7,4047,252.9,5738,358.6,2014
Cleveland,16,299,18.7,1728,108.0,3465,216.6,5193,324.6,2014
NY Jets,16,283,17.7,2280,142.5,2946,184.1,5226,326.6,2014
Tampa Bay,16,277,17.3,1375,85.9,3297,206.1,4672,292.0,2014
Tennessee,16,254,15.9,1447,90.4,3412,213.2,4859,303.7,2014
Oakland,16,253,15.8,1240,77.5,3275,204.7,4515,282.2,2014
Jacksonville,16,249,15.6,1633,102.1,3001,187.6,4634,289.6,2014
Denver,16,606,37.9,1873,117.1,5444,340.2,7317,457.3,2013
Chicago,16,445,27.8,1828,114.2,4281,267.6,6109,381.8,2013
New England,16,444,27.8,2065,129.1,4087,255.4,6152,384.5,2013
Philadelphia,16,442,27.6,2566,160.4,4110,256.9,6676,417.2,2013
Dallas,16,439,27.4,1504,94.0,3954,247.1,5458,341.1,2013
Cincinnati,16,430,26.9,1755,109.7,4136,258.5,5891,368.2,2013
Kansas City,16,430,26.9,2056,128.5,3340,208.8,5396,337.2,2013
Green Bay,16,417,26.1,2136,133.5,4268,266.8,6404,400.2,2013
Seattle,16,417,26.1,2188,136.8,3236,202.2,5424,339.0,2013
New Orleans,16,414,25.9,1473,92.1,4918,307.4,6391,399.4,2013
San Francisco,16,406,25.4,2201,137.6,2979,186.2,5180,323.8,2013
San Diego,16,396,24.8,1965,122.8,4328,270.5,6293,393.3,2013
Detroit,16,395,24.7,1792,112.0,4482,280.1,6274,392.1,2013
Indianapolis,16,391,24.4,1743,108.9,3725,232.8,5468,341.8,2013
Minnesota,16,391,24.4,2081,130.1,3427,214.2,5508,344.2,2013
Arizona,16,379,23.7,1540,96.2,4002,250.1,5542,346.4,2013
Pittsburgh,16,379,23.7,1383,86.4,4017,251.1,5400,337.5,2013
Carolina,16,366,22.9,2026,126.6,3043,190.2,5069,316.8,2013
Tennessee,16,362,22.6,1894,118.4,3496,218.5,5390,336.9,2013
Atlanta,16,353,22.1,1247,77.9,4243,265.2,5490,343.1,2013
St. Louis,16,348,21.8,1752,109.5,3125,195.3,4877,304.8,2013
Buffalo,16,339,21.2,2307,144.2,3103,193.9,5410,338.1,2013
Washington,16,334,20.9,2164,135.2,3751,234.4,5915,369.7,2013
Oakland,16,322,20.1,2000,125.0,3340,208.8,5340,333.8,2013
Baltimore,16,320,20.0,1328,83.0,3590,224.4,4918,307.4,2013
Miami,16,317,19.8,1440,90.0,3567,222.9,5007,312.9,2013
Cleveland,16,308,19.2,1383,86.4,4047,252.9,5430,339.4,2013
NY Giants,16,294,18.4,1332,83.2,3588,224.2,4920,307.5,2013
NY Jets,16,290,18.1,2158,134.9,2932,183.2,5090,318.1,2013
Tampa Bay,16,288,18.0,1612,100.8,2820,176.2,4432,277.0,2013
Houston,16,276,17.2,1743,108.9,3813,238.3,5556,347.2,2013
Jacksonville,16,247,15.4,1260,78.8,3441,215.1,4701,293.8,2013
New England,16,557,34.8,2184,136.5,4662,291.4,6846,427.9,2012
Denver,16,481,30.1,1832,114.5,4534,283.4,6366,397.9,2012
New Orleans,16,461,28.8,1577,98.6,4997,312.3,6574,410.9,2012
Washington,16,436,27.2,2709,169.3,3422,213.9,6131,383.2,2012
Green Bay,16,433,27.1,1702,106.4,4049,253.1,5751,359.4,2012
NY Giants,16,429,26.8,1862,116.4,3825,239.1,5687,355.4,2012
Atlanta,16,419,26.2,1397,87.3,4509,281.8,5906,369.1,2012
Houston,16,416,26.0,2123,132.7,3830,239.4,5953,372.1,2012
Seattle,16,412,25.8,2579,161.2,3031,189.4,5610,350.6,2012
Baltimore,16,398,24.9,1901,118.8,3739,233.7,5640,352.5,2012
San Francisco,16,397,24.8,2491,155.7,3298,206.1,5789,361.8,2012
Cincinnati,16,391,24.4,1745,109.1,3578,223.6,5323,332.7,2012
Tampa Bay,16,389,24.3,1837,114.8,3983,248.9,5820,363.8,2012
Minnesota,16,379,23.7,2634,164.6,2751,171.9,5385,336.6,2012
Dallas,16,376,23.5,1265,79.1,4729,295.6,5994,374.6,2012
Chicago,16,375,23.4,1970,123.1,2999,187.4,4969,310.6,2012
Detroit,16,372,23.2,1613,100.8,4927,307.9,6540,408.8,2012
Carolina,16,357,22.3,2088,130.5,3683,230.2,5771,360.7,2012
Indianapolis,16,357,22.3,1671,104.4,4128,258.0,5799,362.4,2012
San Diego,16,350,21.9,1461,91.3,3295,205.9,4756,297.2,2012
Buffalo,16,344,21.5,2217,138.6,3269,204.3,5486,342.9,2012
Pittsburgh,16,336,21.0,1537,96.1,3787,236.7,5324,332.8,2012
Tennessee,16,330,20.6,1687,105.4,3323,207.7,5010,313.1,2012
Cleveland,16,302,18.9,1593,99.6,3435,214.7,5028,314.2,2012
St. Louis,16,299,18.7,1714,107.1,3550,221.9,5264,329.0,2012
Oakland,16,290,18.1,1420,88.8,4084,255.2,5504,344.0,2012
Miami,16,288,18.0,1802,112.6,3182,198.9,4984,311.5,2012
NY Jets,16,281,17.6,1896,118.5,2891,180.7,4787,299.2,2012
Philadelphia,16,280,17.5,1874,117.1,3791,236.9,5665,354.1,2012
Jacksonville,16,255,15.9,1369,85.6,3419,213.7,4788,299.2,2012
Arizona,16,250,15.6,1204,75.2,3005,187.8,4209,263.1,2012
Kansas City,16,211,13.2,2395,149.7,2713,169.6,5108,319.2,2012
New England,16,518,32.4,1973,123.3,3847,240.4,5820,363.8,2010
San Diego,16,441,27.6,1810,113.1,4519,282.4,6329,395.6,2010
Philadelphia,16,439,27.4,2324,145.2,3906,244.1,6230,389.4,2010
Indianapolis,16,435,27.2,1483,92.7,4609,288.1,6092,380.8,2010
Atlanta,16,414,25.9,1891,118.2,3567,222.9,5458,341.1,2010
Oakland,16,410,25.6,2494,155.9,3180,198.8,5674,354.6,2010
Dallas,16,394,24.6,1786,111.6,4042,252.6,5828,364.2,2010
NY Giants,16,394,24.6,2200,137.5,3885,242.8,6085,380.3,2010
Houston,16,390,24.4,2042,127.6,4144,259.0,6186,386.6,2010
Green Bay,16,388,24.2,1606,100.4,4124,257.8,5730,358.1,2010
New Orleans,16,384,24.0,1519,94.9,4441,277.6,5960,372.5,2010
Pittsburgh,16,375,23.4,1924,120.2,3601,225.1,5525,345.3,2010
NY Jets,16,367,22.9,2374,148.4,3242,202.6,5616,351.0,2010
Kansas City,16,366,22.9,2627,164.2,2968,185.5,5595,349.7,2010
Detroit,16,362,22.6,1613,100.8,3810,238.1,5423,338.9,2010
Baltimore,16,357,22.3,1831,114.4,3335,208.4,5166,322.9,2010
Tennessee,16,356,22.2,1727,107.9,3107,194.2,4834,302.1,2010
Jacksonville,16,353,22.1,2395,149.7,3065,191.6,5460,341.2,2010
Denver,16,344,21.5,1544,96.5,4038,252.4,5582,348.9,2010
Tampa Bay,16,341,21.3,2001,125.1,3361,210.1,5362,335.1,2010
Chicago,16,334,20.9,1616,101.0,3015,188.4,4631,289.4,2010
Cincinnati,16,322,20.1,1522,95.1,3767,235.4,5289,330.6,2010
Seattle,16,310,19.4,1424,89.0,3341,208.8,4765,297.8,2010
San Francisco,16,305,19.1,1657,103.6,3356,209.8,5013,313.3,2010
Washington,16,302,18.9,1461,91.3,3913,244.6,5374,335.9,2010
Arizona,16,289,18.1,1388,86.8,2921,182.6,4309,269.3,2010
St. Louis,16,289,18.1,1578,98.6,3268,204.2,4846,302.9,2010
Buffalo,16,283,17.7,1720,107.5,3158,197.4,4878,304.9,2010
Minnesota,16,281,17.6,1942,121.4,3097,193.6,5039,314.9,2010
Miami,16,273,17.1,1643,102.7,3527,220.4,5170,323.1,2010
Cleveland,16,271,16.9,1646,102.9,2989,186.8,4635,289.7,2010
Carolina,16,196,12.2,1846,115.4,2289,143.1,4135,258.4,2010
New Orleans,16,510,31.9,2106,131.6,4355,272.2,6461,403.8,2009
Minnesota,16,470,29.4,1918,119.9,4156,259.8,6074,379.6,2009
Green Bay,16,461,28.8,1885,117.8,4180,261.2,6065,379.1,2009
San Diego,16,454,28.4,1423,88.9,4338,271.1,5761,360.1,2009
Philadelphia,16,429,26.8,1637,102.3,4089,255.6,5726,357.9,2009
New England,16,427,26.7,1921,120.1,4436,277.2,6357,397.3,2009
Indianapolis,16,416,26.0,1294,80.9,4515,282.2,5809,363.1,2009
NY Giants,16,402,25.1,1837,114.8,4019,251.2,5856,366.0,2009
Baltimore,16,391,24.4,2200,137.5,3419,213.7,5619,351.2,2009
Houston,16,388,24.2,1475,92.2,4654,290.9,6129,383.1,2009
Arizona,16,375,23.4,1494,93.4,4016,251.0,5510,344.4,2009
Pittsburgh,16,368,23.0,1793,112.1,4148,259.2,5941,371.3,2009
Atlanta,16,363,22.7,1876,117.2,3571,223.2,5447,340.4,2009
Dallas,16,361,22.6,2103,131.4,4287,267.9,6390,399.4,2009
Miami,16,360,22.5,2231,139.4,3170,198.1,5401,337.6,2009
Tennessee,16,354,22.1,2592,162.0,3031,189.4,5623,351.4,2009
NY Jets,16,348,21.8,2756,172.2,2380,148.8,5136,321.0,2009
San Francisco,16,330,20.6,1600,100.0,3052,190.8,4652,290.8,2009
Chicago,16,327,20.4,1492,93.2,3473,217.1,4965,310.3,2009
Denver,16,326,20.4,1836,114.8,3627,226.7,5463,341.4,2009
Carolina,16,315,19.7,2498,156.1,2799,174.9,5297,331.1,2009
Cincinnati,16,305,19.1,2056,128.5,2890,180.6,4946,309.1,2009
Kansas City,16,294,18.4,1929,120.6,2922,182.6,4851,303.2,2009
Jacksonville,16,290,18.1,2029,126.8,3356,209.8,5385,336.6,2009
Seattle,16,280,17.5,1566,97.9,3503,218.9,5069,316.8,2009
Washington,16,266,16.6,1510,94.4,3490,218.1,5000,312.5,2009
Detroit,16,262,16.4,1616,101.0,3168,198.0,4784,299.0,2009
Buffalo,16,258,16.1,1867,116.7,2515,157.2,4382,273.9,2009
Cleveland,16,245,15.3,2087,130.4,2076,129.8,4163,260.2,2009
Tampa Bay,16,244,15.2,1627,101.7,2973,185.8,4600,287.5,2009
Oakland,16,197,12.3,1701,106.3,2557,159.8,4258,266.1,2009
St. Louis,16,175,10.9,1784,111.5,2686,167.9,4470,279.4,2009
New Orleans,16,463,28.9,1594,99.6,4977,311.1,6571,410.7,2008
San Diego,16,439,27.4,1726,107.9,3858,241.1,5584,349.0,2008
Arizona,16,427,26.7,1178,73.6,4674,292.1,5852,365.8,2008
NY Giants,16,427,26.7,2518,157.4,3177,198.6,5695,355.9,2008
Green Bay,16,419,26.2,1805,112.8,3813,238.3,5618,351.1,2008
Philadelphia,16,416,26.0,1697,106.1,3911,244.4,5608,350.5,2008
Carolina,16,414,25.9,2437,152.3,3158,197.4,5595,349.7,2008
New England,16,410,25.6,2278,142.4,3569,223.1,5847,365.4,2008
NY Jets,16,405,25.3,2004,125.2,3303,206.4,5307,331.7,2008
Atlanta,16,391,24.4,2443,152.7,3336,208.5,5779,361.2,2008
Baltimore,16,385,24.1,2376,148.5,2808,175.5,5184,324.0,2008
Minnesota,16,379,23.7,2338,146.1,2956,184.8,5294,330.9,2008
Indianapolis,16,377,23.6,1274,79.6,4094,255.9,5368,335.5,2008
Chicago,16,375,23.4,1673,104.6,3061,191.3,4734,295.9,2008
Tennessee,16,375,23.4,2199,137.4,2819,176.2,5018,313.6,2008
Denver,16,370,23.1,1862,116.4,4471,279.4,6333,395.8,2008
Houston,16,366,22.9,1846,115.4,4267,266.7,6113,382.1,2008
Dallas,16,362,22.6,1723,107.7,3789,236.8,5512,344.5,2008
Tampa Bay,16,361,22.6,1837,114.8,3619,226.2,5456,341.0,2008
Pittsburgh,16,347,21.7,1690,105.6,3301,206.3,4991,311.9,2008
Miami,16,345,21.6,1897,118.6,3632,227.0,5529,345.6,2008
San Francisco,16,339,21.2,1599,99.9,3379,211.2,4978,311.1,2008
Buffalo,16,336,21.0,1842,115.1,3040,190.0,4882,305.1,2008
Jacksonville,16,302,18.9,1774,110.9,3332,208.2,5106,319.1,2008
Seattle,16,294,18.4,1768,110.5,2617,163.6,4385,274.1,2008
Kansas City,16,291,18.2,1810,113.1,3129,195.6,4939,308.7,2008
Detroit,16,268,16.8,1332,83.2,2960,185.0,4292,268.2,2008
Washington,16,265,16.6,2095,130.9,3025,189.1,5120,320.0,2008
Oakland,16,263,16.4,1987,124.2,2369,148.1,4356,272.2,2008
Cleveland,16,232,14.5,1605,100.3,2380,148.8,3985,249.1,2008
St. Louis,16,232,14.5,1649,103.1,2947,184.2,4596,287.2,2008
Cincinnati,16,204,12.8,1520,95.0,2406,150.4,3926,245.4,2008
San Diego,16,492,30.8,2578,161.1,3262,203.9,5840,365.0,2006
Chicago,16,427,26.7,1918,119.9,3281,205.1,5199,324.9,2006
Indianapolis,16,427,26.7,1762,110.1,4308,269.2,6070,379.4,2006
Dallas,16,425,26.6,1936,121.0,3836,239.8,5772,360.8,2006
New Orleans,16,413,25.8,1761,110.1,4503,281.4,6264,391.5,2006
Philadelphia,16,398,24.9,1984,124.0,4119,257.4,6103,381.4,2006
New England,16,385,24.1,1969,123.1,3400,212.5,5369,335.6,2006
Cincinnati,16,373,23.3,1629,101.8,3833,239.6,5462,341.4,2006
Jacksonville,16,371,23.2,2541,158.8,2882,180.1,5423,338.9,2006
St. Louis,16,367,22.9,1805,112.8,3962,247.6,5767,360.4,2006
NY Giants,16,355,22.2,2156,134.8,3058,191.1,5214,325.9,2006
Baltimore,16,353,22.1,1637,102.3,3435,214.7,5072,317.0,2006
Pittsburgh,16,353,22.1,1992,124.5,3733,233.3,5725,357.8,2006
Seattle,16,335,20.9,1923,120.2,3054,190.9,4977,311.1,2006
Kansas City,16,331,20.7,2143,133.9,3000,187.5,5143,321.4,2006
Tennessee,16,324,20.2,2214,138.4,2596,162.2,4810,300.6,2006
Denver,16,319,19.9,2152,134.5,2799,174.9,4951,309.4,2006
NY Jets,16,316,19.8,1738,108.6,3153,197.1,4891,305.7,2006
Arizona,16,314,19.6,1338,83.6,3662,228.9,5000,312.5,2006
Washington,16,307,19.2,2216,138.5,3027,189.2,5243,327.7,2006
Detroit,16,305,19.1,1129,70.6,3820,238.8,4949,309.3,2006
Green Bay,16,301,18.8,1663,103.9,3795,237.2,5458,341.1,2006
Buffalo,16,300,18.8,1552,97.0,2719,169.9,4271,266.9,2006
San Francisco,16,298,18.6,2172,135.8,2688,168.0,4860,303.8,2006
Atlanta,16,292,18.2,2939,183.7,2371,148.2,5310,331.9,2006
Minnesota,16,282,17.6,1820,113.8,3123,195.2,4943,308.9,2006
Carolina,16,270,16.9,1659,103.7,3264,204.0,4923,307.7,2006
Houston,16,267,16.7,1687,105.4,2778,173.6,4465,279.1,2006
Miami,16,260,16.2,1673,104.6,3287,205.4,4960,310.0,2006
Cleveland,16,238,14.9,1335,83.4,2898,181.1,4233,264.6,2006
Tampa Bay,16,211,13.2,1523,95.2,2798,174.9,4321,270.1,2006
Oakland,16,168,10.5,1519,94.9,2420,151.2,3939,246.2,2006
Seattle,16,452,28.2,2457,153.6,3458,216.1,5915,369.7,2005
Indianapolis,16,439,27.4,1703,106.4,4096,256.0,5799,362.4,2005
NY Giants,16,422,26.4,2209,138.1,3578,223.6,5787,361.7,2005
Cincinnati,16,421,26.3,1910,119.4,3820,238.8,5730,358.1,2005
Indianapolis,16,522,32.6,1852,115.8,4623,288.9,6475,404.7,2004
Kansas City,16,483,30.2,2289,143.1,4406,275.4,6695,418.4,2004
San Diego,16,446,27.9,2185,136.6,3357,209.8,5542,346.4,2004
New England,16,437,27.3,2134,133.4,3588,224.2,5722,357.6,2004
Green Bay,16,424,26.5,1908,119.2,4449,278.1,6357,397.3,2004
Minnesota,16,405,25.3,1823,113.9,4516,282.2,6339,396.2,2004
Buffalo,16,395,24.7,1874,117.1,2817,176.1,4691,293.2,2004
Philadelphia,16,386,24.1,1639,102.4,3979,248.7,5618,351.1,2004
Denver,16,381,23.8,2333,145.8,3999,249.9,6332,395.8,2004
Cincinnati,16,374,23.4,1839,114.9,3301,206.3,5140,321.2,2004
Pittsburgh,16,372,23.2,2464,154.0,2720,170.0,5184,324.0,2004
Seattle,16,371,23.2,2095,130.9,3539,221.2,5634,352.1,2004
Carolina,16,355,22.2,1582,98.9,3643,227.7,5225,326.6,2004
New Orleans,16,348,21.8,1606,100.4,3587,224.2,5193,324.6,2004
Tennessee,16,344,21.5,1871,116.9,3616,226.0,5487,342.9,2004
Atlanta,16,340,21.2,2672,167.0,2412,150.8,5084,317.8,2004
NY Jets,16,333,20.8,2388,149.2,3050,190.6,5438,339.9,2004
Oakland,16,320,20.0,1295,80.9,3858,241.1,5153,322.1,2004
St. Louis,16,319,19.9,1624,101.5,4253,265.8,5877,367.3,2004
Baltimore,16,317,19.8,2063,128.9,2312,144.5,4375,273.4,2004
Houston,16,309,19.3,1882,117.6,3246,202.9,5128,320.5,2004
NY Giants,16,303,18.9,1904,119.0,2818,176.1,4722,295.1,2004
Tampa Bay,16,301,18.8,1489,93.1,3474,217.1,4963,310.2,2004
Detroit,16,296,18.5,1777,111.1,2916,182.2,4693,293.3,2004
Dallas,16,293,18.3,1769,110.6,3428,214.2,5197,324.8,2004
Arizona,16,284,17.8,1668,104.2,2882,180.1,4550,284.4,2004
Cleveland,16,276,17.2,1657,103.6,2824,176.5,4481,280.1,2004
Miami,16,275,17.2,1339,83.7,3065,191.6,4404,275.2,2004
Jacksonville,16,261,16.3,1850,115.6,3159,197.4,5009,313.1,2004
San Francisco,16,259,16.2,1449,90.6,3136,196.0,4585,286.6,2004
Washington,16,240,15.0,1765,110.3,2632,164.5,4397,274.8,2004
Chicago,16,231,14.4,1624,101.5,2192,137.0,3816,238.5,2004
Kansas City,16,484,30.2,1929,120.6,3981,248.8,5910,369.4,2003
Indianapolis,16,447,27.9,1695,105.9,4179,261.2,5874,367.1,2003
St. Louis,16,447,27.9,1496,93.5,3961,247.6,5457,341.1,2003
Green Bay,16,442,27.6,2558,159.9,3240,202.5,5798,362.4,2003
Tennessee,16,435,27.2,1623,101.4,3878,242.4,5501,343.8,2003
Minnesota,16,416,26.0,2343,146.4,3951,246.9,6294,393.4,2003
Seattle,16,404,25.2,2009,125.6,3618,226.1,5627,351.7,2003
Baltimore,16,391,24.4,2674,167.1,2255,140.9,4929,308.1,2003
San Francisco,16,384,24.0,2279,142.4,3408,213.0,5687,355.4,2003
Denver,16,381,23.8,2629,164.3,2969,185.6,5598,349.9,2003
Philadelphia,16,374,23.4,2015,125.9,3020,188.8,5035,314.7,2003
New England,16,348,21.8,1607,100.4,3432,214.5,5039,314.9,2003
Cincinnati,16,346,21.6,1987,124.2,3342,208.9,5329,333.1,2003
New Orleans,16,340,21.2,2000,125.0,3438,214.9,5438,339.9,2003
Carolina,16,325,20.3,2091,130.7,3050,190.6,5141,321.3,2003
San Diego,16,313,19.6,2146,134.1,3021,188.8,5167,322.9,2003
Miami,16,311,19.4,1817,113.6,2792,174.5,4609,288.1,2003
Tampa Bay,16,301,18.8,1648,103.0,3805,237.8,5453,340.8,2003
Pittsburgh,16,300,18.8,1488,93.0,3304,206.5,4792,299.5,2003
Atlanta,16,299,18.7,1949,121.8,2408,150.5,4357,272.3,2003
Dallas,16,289,18.1,1999,124.9,3162,197.6,5161,322.6,2003
Washington,16,287,17.9,1653,103.3,3006,187.9,4659,291.2,2003
Chicago,16,283,17.7,1763,110.2,2617,163.6,4380,273.8,2003
NY Jets,16,283,17.7,1635,102.2,3316,207.2,4951,309.4,2003
Jacksonville,16,276,17.2,2073,129.6,3285,205.3,5358,334.9,2003
Detroit,16,270,16.9,1338,83.6,2924,182.8,4262,266.4,2003
Oakland,16,270,16.9,1822,113.9,2751,171.9,4573,285.8,2003
Houston,16,255,15.9,1651,103.2,2655,165.9,4306,269.1,2003
Cleveland,16,254,15.9,1670,104.4,2834,177.1,4504,281.5,2003
Buffalo,16,243,15.2,1664,104.0,2684,167.8,4348,271.8,2003
NY Giants,16,243,15.2,1559,97.4,3383,211.4,4942,308.9,2003
Arizona,16,225,14.1,1531,95.7,2959,184.9,4490,280.6,2003
Kansas City,16,467,29.2,2378,148.6,3622,226.4,6000,375.0,2002
Oakland,16,450,28.1,1762,110.1,4475,279.7,6237,389.8,2002
New Orleans,16,432,27.0,1764,110.2,3441,215.1,5205,325.3,2002
Philadelphia,16,415,25.9,2220,138.8,3384,211.5,5604,350.2,2002
Atlanta,16,402,25.1,2368,148.0,3167,197.9,5535,345.9,2002
Green Bay,16,398,24.9,1933,120.8,3627,226.7,5560,347.5,2002
Denver,16,392,24.5,2266,141.6,3824,239.0,6090,380.6,2002
Minnesota,16,390,24.4,2507,156.7,3685,230.3,6192,387.0,2002
Pittsburgh,16,390,24.4,2120,132.5,3832,239.5,5952,372.0,2002
New England,16,381,23.8,1508,94.2,3577,223.6,5085,317.8,2002
Buffalo,16,379,23.7,1596,99.8,3995,249.7,5591,349.4,2002
Miami,16,378,23.6,2502,156.4,2890,180.6,5392,337.0,2002
San Francisco,16,367,22.9,2244,140.2,3457,216.1,5701,356.3,2002
Tennessee,16,367,22.9,1952,122.0,3320,207.5,5272,329.5,2002
NY Jets,16,359,22.4,1618,101.1,3418,213.6,5036,314.8,2002
Seattle,16,355,22.2,1740,108.8,4078,254.9,5818,363.6,2002
Indianapolis,16,349,21.8,1561,97.6,4055,253.4,5616,351.0,2002
Tampa Bay,16,346,21.6,1557,97.3,3445,215.3,5002,312.6,2002
Cleveland,16,344,21.5,1615,100.9,3412,213.2,5027,314.2,2002
San Diego,16,333,20.8,2137,133.6,3188,199.2,5325,332.8,2002
Jacksonville,16,328,20.5,2089,130.6,2762,172.6,4851,303.2,2002
NY Giants,16,320,20.0,1875,117.2,3951,246.9,5826,364.1,2002
Baltimore,16,316,19.8,1792,112.0,2847,177.9,4639,289.9,2002
St. Louis,16,316,19.8,1405,87.8,4154,259.6,5559,347.4,2002
Washington,16,307,19.2,1889,118.1,3254,203.4,5143,321.4,2002
Detroit,16,306,19.1,1477,92.3,2994,187.1,4471,279.4,2002
Chicago,16,281,17.6,1344,84.0,3051,190.7,4395,274.7,2002
Cincinnati,16,279,17.4,1730,108.1,3476,217.2,5206,325.4,2002
Arizona,16,262,16.4,1823,113.9,2740,171.2,4563,285.2,2002
Carolina,16,258,16.1,1586,99.1,2694,168.4,4280,267.5,2002
Dallas,16,217,13.6,1754,109.6,2621,163.8,4375,273.4,2002
Houston,16,213,13.3,1347,84.2,2225,139.1,3572,223.2,2002
St. Louis,16,540,33.8,1843,115.2,5232,327.0,7075,442.2,2000
Denver,16,485,30.3,2311,144.4,4243,265.2,6554,409.6,2000
Oakland,16,479,29.9,2470,154.4,3306,206.6,5776,361.0,2000
Indianapolis,16,429,26.8,1859,116.2,4282,267.6,6141,383.8,2000
Minnesota,16,397,24.8,2129,133.1,3832,239.5,5961,372.6,2000
San Francisco,16,388,24.2,1801,112.6,4239,264.9,6040,377.5,2000
Tampa Bay,16,388,24.2,2066,129.1,2583,161.4,4649,290.6,2000
Jacksonville,16,367,22.9,2032,127.0,3658,228.6,5690,355.6,2000
Kansas City,16,355,22.2,1465,91.6,4149,259.3,5614,350.9,2000
New Orleans,16,354,22.1,2068,129.2,3329,208.1,5397,337.3,2000
Green Bay,16,353,22.1,1643,102.7,3678,229.9,5321,332.6,2000
Philadelphia,16,351,21.9,1882,117.6,3124,195.2,5006,312.9,2000
Tennessee,16,346,21.6,2084,130.2,3266,204.1,5350,334.4,2000
Baltimore,16,333,20.8,2199,137.4,2815,175.9,5014,313.4,2000
NY Giants,16,328,20.5,2009,125.6,3367,210.4,5376,336.0,2000
Miami,16,323,20.2,1894,118.4,2567,160.4,4461,278.8,2000
NY Jets,16,321,20.1,1471,91.9,3924,245.2,5395,337.2,2000
Pittsburgh,16,321,20.1,2248,140.5,2518,157.4,4766,297.9,2000
Seattle,16,320,20.0,1720,107.5,2960,185.0,4680,292.5,2000
Buffalo,16,315,19.7,1922,120.1,3576,223.5,5498,343.6,2000
Carolina,16,310,19.4,1186,74.1,3468,216.8,4654,290.9,2000
Detroit,16,307,19.2,1747,109.2,2675,167.2,4422,276.4,2000
Dallas,16,294,18.4,1953,122.1,2522,157.6,4475,279.7,2000
Washington,16,281,17.6,1748,109.2,3648,228.0,5396,337.2,2000
New England,16,276,17.2,1390,86.9,3181,198.8,4571,285.7,2000
San Diego,16,269,16.8,1062,66.4,3238,202.4,4300,268.8,2000
Atlanta,16,252,15.8,1214,75.9,2780,173.8,3994,249.6,2000
Chicago,16,216,13.5,1736,108.5,2805,175.3,4541,283.8,2000
Arizona,16,210,13.1,1278,79.9,3250,203.1,4528,283.0,2000
Cincinnati,16,185,11.6,2314,144.6,1946,121.6,4260,266.2,2000
Cleveland,16,161,10.1,1085,67.8,2445,152.8,3530,220.6,2000
St. Louis,16,526,32.9,2059,128.7,4353,272.1,6412,400.8,1999
Washington,16,443,27.7,2039,127.4,3926,245.4,5965,372.8,1999
Indianapolis,16,423,26.4,1660,103.8,4066,254.1,5726,357.9,1999
Carolina,16,421,26.3,1525,95.3,4161,260.1,5686,355.4,1999
Minnesota,16,399,24.9,1804,112.8,3989,249.3,5793,362.1,1999
Jacksonville,16,396,24.8,2091,130.7,3495,218.4,5586,349.1,1999
Tennessee,16,392,24.5,1811,113.2,3485,217.8,5296,331.0,1999
Kansas City,16,390,24.4,2082,130.1,3239,202.4,5321,332.6,1999
Oakland,16,390,24.4,2084,130.2,3609,225.6,5693,355.8,1999
Green Bay,16,357,22.3,1519,94.9,3900,243.8,5419,338.7,1999
Dallas,16,352,22.0,2051,128.2,3127,195.4,5178,323.6,1999
Seattle,16,338,21.1,1408,88.0,3397,212.3,4805,300.3,1999
Miami,16,326,20.4,1453,90.8,3485,217.8,4938,308.6,1999
Baltimore,16,324,20.2,1754,109.6,3024,189.0,4778,298.6,1999
Detroit,16,322,20.1,1245,77.8,3686,230.4,4931,308.2,1999
Buffalo,16,320,20.0,2040,127.5,3293,205.8,5333,333.3,1999
Pittsburgh,16,317,19.8,1991,124.4,2883,180.2,4874,304.6,1999
Denver,16,314,19.6,1864,116.5,3419,213.7,5283,330.2,1999
NY Jets,16,308,19.2,1961,122.6,2791,174.4,4752,297.0,1999
New England,16,299,18.7,1426,89.1,3636,227.2,5062,316.4,1999
NY Giants,16,299,18.7,1408,88.0,3719,232.4,5127,320.4,1999
San Francisco,16,295,18.4,2095,130.9,3285,205.3,5380,336.2,1999
Atlanta,16,285,17.8,1196,74.8,3346,209.1,4542,283.9,1999
Cincinnati,16,283,17.7,2051,128.2,3226,201.6,5277,329.8,1999
Chicago,16,272,17.0,1387,86.7,4136,258.5,5523,345.2,1999
Philadelphia,16,272,17.0,1746,109.1,2084,130.2,3830,239.4,1999
Tampa Bay,16,270,16.9,1776,111.0,2478,154.9,4254,265.9,1999
San Diego,16,269,16.8,1246,77.9,3343,208.9,4589,286.8,1999
New Orleans,16,260,16.2,1690,105.6,3293,205.8,4983,311.4,1999
Arizona,16,245,15.3,1207,75.4,2803,175.2,4010,250.6,1999
Cleveland,16,217,13.6,1150,71.9,2612,163.2,3762,235.1,1999
Minnesota,16,556,34.8,1936,121.0,4328,270.5,6264,391.5,1998
Denver,16,501,31.3,2468,154.2,3624,226.5,6092,380.8,1998
San Francisco,16,479,29.9,2544,159.0,4256,266.0,6800,425.0,1998
Atlanta,16,442,27.6,2101,131.3,3386,211.6,5487,342.9,1998
NY Jets,16,416,26.0,1879,117.4,3836,239.8,5715,357.2,1998
Green Bay,16,408,25.5,1526,95.4,4110,256.9,5636,352.2,1998
Buffalo,16,400,25.0,2161,135.1,3380,211.2,5541,346.3,1998
Jacksonville,16,392,24.5,2102,131.4,3112,194.5,5214,325.9,1998
Dallas,16,381,23.8,2014,125.9,3436,214.8,5450,340.6,1998
Seattle,16,372,23.2,1626,101.6,3000,187.5,4626,289.1,1998
New England,16,337,21.1,1480,92.5,3660,228.8,5140,321.2,1998
Carolina,16,336,21.0,1458,91.1,3322,207.6,4780,298.8,1998
Tennessee,16,330,20.6,1970,123.1,3291,205.7,5261,328.8,1998
Kansas City,16,327,20.4,1548,96.8,3260,203.8,4808,300.5,1998
Arizona,16,325,20.3,1627,101.7,3482,217.6,5109,319.3,1998
Miami,16,321,20.1,1535,95.9,3395,212.2,4930,308.1,1998
Washington,16,319,19.9,1685,105.3,3325,207.8,5010,313.1,1998
Tampa Bay,16,314,19.6,2148,134.2,2606,162.9,4754,297.1,1998
Indianapolis,16,310,19.4,1486,92.9,3630,226.9,5116,319.8,1998
Detroit,16,306,19.1,1955,122.2,3130,195.6,5085,317.8,1998
New Orleans,16,305,19.1,1325,82.8,3138,196.1,4463,278.9,1998
Oakland,16,288,18.0,1727,107.9,3088,193.0,4815,300.9,1998
NY Giants,16,287,17.9,1889,118.1,2566,160.4,4455,278.4,1998
St. Louis,16,285,17.8,1385,86.6,3087,192.9,4472,279.5,1998
Chicago,16,276,17.2,1713,107.1,3053,190.8,4766,297.9,1998
Baltimore,16,269,16.8,1629,101.8,2869,179.3,4498,281.1,1998
Cincinnati,16,268,16.8,1639,102.4,3185,199.1,4824,301.5,1998
Pittsburgh,16,263,16.4,2034,127.1,2552,159.5,4586,286.6,1998
San Diego,16,241,15.1,1728,108.0,2864,179.0,4592,287.0,1998
Philadelphia,16,161,10.1,1775,110.9,2413,150.8,4188,261.8,1998
Denver,16,472,29.5,2378,148.6,3494,218.4,5872,367.0,1997
Green Bay,16,422,26.4,1909,119.3,3705,231.6,5614,350.9,1997
Jacksonville,16,394,24.6,1720,107.5,3704,231.5,5424,339.0,1997
Detroit,16,379,23.7,2464,154.0,3334,208.4,5798,362.4,1997
Kansas City,16,375,23.4,2171,135.7,2893,180.8,5064,316.5,1997
San Francisco,16,375,23.4,1969,123.1,3143,196.4,5112,319.5,1997
Pittsburgh,16,372,23.2,2479,154.9,3063,191.4,5542,346.4,1997
New England,16,369,23.1,1464,91.5,3550,221.9,5014,313.4,1997
Seattle,16,365,22.8,1800,112.5,3959,247.4,5759,359.9,1997
Cincinnati,16,355,22.2,1966,122.9,3316,207.2,5282,330.1,1997
Minnesota,16,354,22.1,2041,127.6,3313,207.1,5354,334.6,1997
NY Jets,16,348,21.8,1485,92.8,3242,202.6,4727,295.4,1997
Miami,16,339,21.2,1343,83.9,3792,237.0,5135,320.9,1997
Tennessee,16,333,20.8,2414,150.9,2505,156.6,4919,307.4,1997
Washington,16,327,20.4,1615,100.9,3383,211.4,4998,312.4,1997
Baltimore,16,326,20.4,1589,99.3,3702,231.4,5291,330.7,1997
Oakland,16,324,20.2,1588,99.2,3514,219.6,5102,318.9,1997
Atlanta,16,320,20.0,1643,102.7,3073,192.1,4716,294.8,1997
Philadelphia,16,317,19.8,1943,121.4,3647,227.9,5590,349.4,1997
Indianapolis,16,313,19.6,1727,107.9,3142,196.4,4869,304.3,1997
NY Giants,16,307,19.2,1988,124.2,2525,157.8,4513,282.1,1997
Dallas,16,304,19.0,1637,102.3,3141,196.3,4778,298.6,1997
St. Louis,16,299,18.7,1563,97.7,3198,199.9,4761,297.6,1997
Tampa Bay,16,299,18.7,1934,120.9,2442,152.6,4376,273.5,1997
Arizona,16,283,17.7,1255,78.4,3458,216.1,4713,294.6,1997
San Diego,16,266,16.6,1416,88.5,3089,193.1,4505,281.6,1997
Carolina,16,265,16.6,1770,110.6,2845,177.8,4615,288.4,1997
Chicago,16,263,16.4,1746,109.1,3244,202.8,4990,311.9,1997
Buffalo,16,255,15.9,1782,111.4,2875,179.7,4657,291.1,1997
New Orleans,16,237,14.8,1461,91.3,2584,161.5,4045,252.8,1997
Green Bay,16,456,28.5,1838,114.9,3697,231.1,5535,345.9,1996
New England,16,418,26.1,1468,91.8,3901,243.8,5369,335.6,1996
San Francisco,16,398,24.9,1847,115.4,3659,228.7,5506,344.1,1996
Denver,16,391,24.4,2362,147.6,3429,214.3,5791,361.9,1996
Cincinnati,16,372,23.2,1793,112.1,3432,214.5,5225,326.6,1996
Baltimore,16,371,23.2,1745,109.1,3978,248.6,5723,357.7,1996
Carolina,16,367,22.9,1729,108.1,3083,192.7,4812,300.8,1996
Washington,16,364,22.8,1910,119.4,3319,207.4,5229,326.8,1996
Philadelphia,16,363,22.7,1882,117.6,3745,234.1,5627,351.7,1996
Houston,16,345,21.6,1950,121.9,3098,193.6,5048,315.5,1996
Pittsburgh,16,344,21.5,2299,143.7,2841,177.6,5140,321.2,1996
Oakland,16,340,21.2,2174,135.9,3078,192.4,5252,328.2,1996
Miami,16,339,21.2,1622,101.4,3543,221.4,5165,322.8,1996
Jacksonville,16,325,20.3,1650,103.1,4110,256.9,5760,360.0,1996
Buffalo,16,319,19.9,1901,118.8,3218,201.1,5119,319.9,1996
Indianapolis,16,317,19.8,1448,90.5,3296,206.0,4744,296.5,1996
Seattle,16,317,19.8,1997,124.8,3027,189.2,5024,314.0,1996
San Diego,16,310,19.4,1312,82.0,3358,209.9,4670,291.9,1996
Atlanta,16,309,19.3,1461,91.3,3655,228.4,5116,319.8,1996
St. Louis,16,303,18.9,1607,100.4,2765,172.8,4372,273.2,1996
Detroit,16,302,18.9,1810,113.1,3203,200.2,5013,313.3,1996
Arizona,16,300,18.8,1502,93.9,3688,230.5,5190,324.4,1996
Minnesota,16,298,18.6,1546,96.6,3658,228.6,5204,325.2,1996
Kansas City,16,297,18.6,2009,125.6,2890,180.6,4899,306.2,1996
Dallas,16,286,17.9,1641,102.6,3122,195.1,4763,297.7,1996
Chicago,16,283,17.7,1720,107.5,3185,199.1,4905,306.6,1996
NY Jets,16,279,17.4,1583,98.9,3625,226.6,5208,325.5,1996
NY Giants,16,242,15.1,1603,100.2,2339,146.2,3942,246.4,1996
New Orleans,16,229,14.3,1308,81.8,2898,181.1,4206,262.9,1996
Tampa Bay,16,221,13.8,1589,99.3,2727,170.4,4316,269.8,1996
San Francisco,16,457,28.6,1479,92.4,4608,288.0,6087,380.4,1995
Detroit,16,436,27.2,1753,109.6,4360,272.5,6113,382.1,1995
Dallas,16,435,27.2,2201,137.6,3623,226.4,5824,364.0,1995
Minnesota,16,412,25.8,1733,108.3,4205,262.8,5938,371.1,1995
Pittsburgh,16,407,25.4,1852,115.8,3917,244.8,5769,360.6,1995
Green Bay,16,404,25.2,1428,89.2,4322,270.1,5750,359.4,1995
Miami,16,398,24.9,1506,94.1,4210,263.1,5716,357.2,1995
Chicago,16,392,24.5,1930,120.6,3743,233.9,5673,354.6,1995
Denver,16,388,24.2,1995,124.7,4045,252.8,6040,377.5,1995
Seattle,16,363,22.7,2178,136.1,3092,193.2,5270,329.4,1995
Atlanta,16,362,22.6,1393,87.1,4186,261.6,5579,348.7,1995
Kansas City,16,358,22.4,2222,138.9,3020,188.8,5242,327.6,1995
Buffalo,16,350,21.9,1993,124.6,3124,195.2,5117,319.8,1995
Cincinnati,16,349,21.8,1439,89.9,3753,234.6,5192,324.5,1995
Houston,16,348,21.8,1664,104.0,3241,202.6,4905,306.6,1995
Oakland,16,348,21.8,1932,120.8,3573,223.3,5505,344.1,1995
Indianapolis,16,331,20.7,1855,115.9,3064,191.5,4919,307.4,1995
Washington,16,326,20.4,1956,122.2,3228,201.8,5184,324.0,1995
San Diego,16,321,20.1,1747,109.2,3466,216.6,5213,325.8,1995
New Orleans,16,319,19.9,1390,86.9,3788,236.8,5178,323.6,1995
Philadelphia,16,318,19.9,2121,132.6,2686,167.9,4807,300.4,1995
St. Louis,16,309,19.3,1431,89.4,3805,237.8,5236,327.2,1995
New England,16,294,18.4,1866,116.6,3591,224.4,5457,341.1,1995
NY Giants,16,290,18.1,1833,114.6,2650,165.6,4483,280.2,1995
Carolina,16,289,18.1,1573,98.3,3046,190.4,4619,288.7,1995
Cleveland,16,289,18.1,1482,92.6,3594,224.6,5076,317.2,1995
Arizona,16,275,17.2,1363,85.2,3503,218.9,4866,304.1,1995
Jacksonville,16,275,17.2,1705,106.6,2790,174.4,4495,280.9,1995
Tampa Bay,16,238,14.9,1587,99.2,2955,184.7,4542,283.9,1995
NY Jets,16,233,14.6,1279,79.9,2788,174.2,4067,254.2,1995
San Francisco,16,505,31.6,1897,118.6,4163,260.2,6060,378.8,1994
Dallas,16,414,25.9,1953,122.1,3368,210.5,5321,332.6,1994
Miami,16,389,24.3,1658,103.6,4420,276.2,6078,379.9,1994
Green Bay,16,382,23.9,1543,96.4,3773,235.8,5316,332.2,1994
San Diego,16,381,23.8,1852,115.8,3368,210.5,5220,326.2,1994
Detroit,16,357,22.3,2080,130.0,2922,182.6,5002,312.6,1994
Minnesota,16,356,22.2,1524,95.2,4324,270.2,5848,365.5,1994
New England,16,351,21.9,1332,83.2,4444,277.8,5776,361.0,1994
New Orleans,16,348,21.8,1336,83.5,3846,240.4,5182,323.9,1994
Denver,16,347,21.7,1470,91.9,4017,251.1,5487,342.9,1994
Buffalo,16,340,21.2,1831,114.4,3413,213.3,5244,327.8,1994
Cleveland,16,340,21.2,1657,103.6,3175,198.4,4832,302.0,1994
Washington,16,320,20.0,1415,88.4,3378,211.1,4793,299.6,1994
Kansas City,16,319,19.9,1732,108.2,3960,247.5,5692,355.8,1994
Atlanta,16,317,19.8,1249,78.1,4112,257.0,5361,335.1,1994
Pittsburgh,16,316,19.8,2180,136.2,2964,185.2,5144,321.5,1994
Philadelphia,16,308,19.2,1761,110.1,3364,210.2,5125,320.3,1994
Indianapolis,16,307,19.2,2060,128.8,2353,147.1,4413,275.8,1994
LA Raiders,16,303,18.9,1512,94.5,3267,204.2,4779,298.7,1994
Seattle,16,287,17.9,2084,130.2,2568,160.5,4652,290.8,1994
LA Rams,16,286,17.9,1389,86.8,3358,209.9,4747,296.7,1994
NY Giants,16,279,17.4,1754,109.6,2562,160.1,4316,269.8,1994
Cincinnati,16,276,17.2,1556,97.2,3236,202.2,4792,299.5,1994
Chicago,16,271,16.9,1588,99.2,3091,193.2,4679,292.4,1994
NY Jets,16,264,16.5,1566,97.9,3137,196.1,4703,293.9,1994
Tampa Bay,16,251,15.7,1489,93.1,3265,204.1,4754,297.1,1994
Arizona,16,235,14.7,1560,97.5,3047,190.4,4607,287.9,1994
Houston,16,226,14.1,1682,105.1,2799,174.9,4481,280.1,1994
San Francisco,16,473,29.6,2133,133.3,4302,268.9,6435,402.2,1993
Dallas,16,376,23.5,2161,135.1,3454,215.9,5615,350.9,1993
Denver,16,373,23.3,1693,105.8,3768,235.5,5461,341.3,1993
Houston,16,368,23.0,1792,112.0,3866,241.6,5658,353.6,1993
Miami,16,349,21.8,1459,91.2,4353,272.1,5812,363.2,1993
Green Bay,16,340,21.2,1619,101.2,3131,195.7,4750,296.9,1993
Buffalo,16,329,20.6,1943,121.4,3317,207.3,5260,328.8,1993
Kansas City,16,328,20.5,1655,103.4,3180,198.8,4835,302.2,1993
Phoenix,16,326,20.4,1809,113.1,3404,212.8,5213,325.8,1993
San Diego,16,322,20.1,1824,114.0,3143,196.4,4967,310.4,1993
New Orleans,16,317,19.8,1766,110.4,2941,183.8,4707,294.2,1993
Atlanta,16,316,19.8,1590,99.4,3520,220.0,5110,319.4,1993
Pittsburgh,16,308,19.2,2003,125.2,3232,202.0,5235,327.2,1993
LA Raiders,16,306,19.1,1425,89.1,3589,224.3,5014,313.4,1993
Cleveland,16,304,19.0,1701,106.3,3039,189.9,4740,296.2,1993
Detroit,16,298,18.6,1944,121.5,2714,169.6,4658,291.1,1993
Philadelphia,16,293,18.3,1761,110.1,3161,197.6,4922,307.6,1993
NY Giants,16,288,18.0,2210,138.1,2935,183.4,5145,321.6,1993
Seattle,16,280,17.5,2015,125.9,2654,165.9,4669,291.8,1993
Minnesota,16,277,17.3,1624,101.5,3200,200.0,4824,301.5,1993
NY Jets,16,270,16.9,1880,117.5,3332,208.2,5212,325.8,1993
New England,16,238,14.9,1780,111.2,3285,205.3,5065,316.6,1993
Tampa Bay,16,237,14.8,1290,80.6,3021,188.8,4311,269.4,1993
Chicago,16,234,14.6,1677,104.8,2040,127.5,3717,232.3,1993
Washington,16,230,14.4,1728,108.0,2545,159.1,4273,267.1,1993
LA Rams,16,221,13.8,2014,125.9,2790,174.4,4804,300.2,1993
Indianapolis,16,189,11.8,1288,80.5,3417,213.6,4705,294.1,1993
Cincinnati,16,187,11.7,1511,94.4,2541,158.8,4052,253.2,1993
San Francisco,16,431,26.9,2315,144.7,3880,242.5,6195,387.2,1992
Dallas,16,409,25.6,2121,132.6,3485,217.8,5606,350.4,1992
Buffalo,16,381,23.8,2436,152.2,3457,216.1,5893,368.3,1992
Minnesota,16,374,23.4,2030,126.9,2869,179.3,4899,306.2,1992
Philadelphia,16,354,22.1,2388,149.2,2592,162.0,4980,311.2,1992
Houston,16,352,22.0,1626,101.6,4029,251.8,5655,353.4,1992
Kansas City,16,348,21.8,1532,95.8,2792,174.5,4324,270.2,1992
Miami,16,340,21.2,1525,95.3,3975,248.4,5500,343.8,1992
San Diego,16,335,20.9,1875,117.2,3346,209.1,5221,326.3,1992
New Orleans,16,330,20.6,1628,101.8,3178,198.6,4806,300.4,1992
Atlanta,16,327,20.4,1270,79.4,3633,227.1,4903,306.4,1992
LA Rams,16,313,19.6,1659,103.7,3218,201.1,4877,304.8,1992
NY Giants,16,306,19.1,2077,129.8,2344,146.5,4421,276.3,1992
Washington,16,300,18.8,1727,107.9,3163,197.7,4890,305.6,1992
Pittsburgh,16,299,18.7,2156,134.8,2750,171.9,4906,306.6,1992
Chicago,16,295,18.4,1871,116.9,3070,191.9,4941,308.8,1992
Green Bay,16,276,17.2,1555,97.2,3230,201.9,4785,299.1,1992
Cincinnati,16,274,17.1,1976,123.5,1943,121.4,3919,244.9,1992
Detroit,16,273,17.1,1644,102.8,2796,174.8,4440,277.5,1992
Cleveland,16,272,17.0,1607,100.4,2885,180.3,4492,280.8,1992
Tampa Bay,16,267,16.7,1706,106.6,3065,191.6,4771,298.2,1992
Denver,16,262,16.4,1500,93.8,2930,183.1,4430,276.9,1992
LA Raiders,16,249,15.6,1794,112.1,2590,161.9,4384,274.0,1992
Phoenix,16,243,15.2,1491,93.2,3086,192.9,4577,286.1,1992
NY Jets,16,220,13.8,1752,109.5,2679,167.4,4431,276.9,1992
Indianapolis,16,216,13.5,1102,68.9,3266,204.1,4368,273.0,1992
New England,16,205,12.8,1550,96.9,2034,127.1,3584,224.0,1992
Seattle,16,140,8.8,1596,99.8,1778,111.1,3374,210.9,1992
Washington,16,485,30.3,2049,128.1,3692,230.8,5741,358.8,1991
Buffalo,16,458,28.6,2381,148.8,3871,241.9,6252,390.8,1991
San Francisco,16,393,24.6,1861,116.3,3997,249.8,5858,366.1,1991
Houston,16,386,24.1,1366,85.4,4621,288.8,5987,374.2,1991
Atlanta,16,361,22.6,1664,104.0,3449,215.6,5113,319.6,1991
Miami,16,343,21.4,1352,84.5,3889,243.1,5241,327.6,1991
Dallas,16,342,21.4,1711,106.9,3390,211.9,5101,318.8,1991
New Orleans,16,341,21.3,1709,106.8,3259,203.7,4968,310.5,1991
Detroit,16,339,21.2,1930,120.6,2858,178.6,4788,299.2,1991
Kansas City,16,322,20.1,2217,138.6,3104,194.0,5321,332.6,1991
NY Jets,16,314,19.6,2160,135.0,3156,197.2,5316,332.2,1991
Denver,16,304,19.0,2015,125.9,2997,187.3,5012,313.2,1991
Minnesota,16,301,18.8,2201,137.6,2883,180.2,5084,317.8,1991
Chicago,16,299,18.7,1949,121.8,3120,195.0,5069,316.8,1991
LA Raiders,16,298,18.6,1706,106.6,2728,170.5,4434,277.1,1991
Cleveland,16,293,18.3,1360,85.0,3304,206.5,4664,291.5,1991
Pittsburgh,16,292,18.2,1627,101.7,2954,184.6,4581,286.3,1991
Philadelphia,16,285,17.8,1396,87.2,2906,181.6,4302,268.9,1991
NY Giants,16,281,17.6,2064,129.0,2844,177.8,4908,306.8,1991
Seattle,16,276,17.2,1426,89.1,3108,194.2,4534,283.4,1991
San Diego,16,274,17.1,2248,140.5,2747,171.7,4995,312.2,1991
Green Bay,16,273,17.1,1389,86.8,2943,183.9,4332,270.8,1991
Cincinnati,16,263,16.4,1811,113.2,3158,197.4,4969,310.6,1991
LA Rams,16,234,14.6,1285,80.3,3410,213.1,4695,293.4,1991
New England,16,211,13.2,1467,91.7,3006,187.9,4473,279.6,1991
Tampa Bay,16,199,12.4,1429,89.3,2572,160.8,4001,250.1,1991
Phoenix,16,196,12.2,1295,80.9,2667,166.7,3962,247.6,1991
Indianapolis,16,143,8.9,1169,73.1,2579,161.2,3748,234.2,1991
Buffalo,16,428,26.8,2080,130.0,3196,199.8,5276,329.8,1990
Houston,16,405,25.3,1417,88.6,4805,300.3,6222,388.9,1990
Philadelphia,16,396,24.8,2556,159.8,3144,196.5,5700,356.2,1990
Washington,16,381,23.8,2083,130.2,3479,217.4,5562,347.6,1990
Detroit,16,373,23.3,1927,120.4,3050,190.6,4977,311.1,1990
Kansas City,16,369,23.1,1948,121.8,3267,204.2,5215,325.9,1990
Cincinnati,16,360,22.5,2120,132.5,2943,183.9,5063,316.4,1990
San Francisco,16,353,22.1,1718,107.4,4177,261.1,5895,368.4,1990
Minnesota,16,351,21.9,1867,116.7,3167,197.9,5034,314.6,1990
Atlanta,16,348,21.8,1594,99.6,3461,216.3,5055,315.9,1990
Chicago,16,348,21.8,2436,152.2,2544,159.0,4980,311.2,1990
LA Rams,16,345,21.6,1612,100.8,3818,238.6,5430,339.4,1990
LA Raiders,16,337,21.1,2028,126.8,2688,168.0,4716,294.8,1990
Miami,16,336,21.0,1535,95.9,3512,219.5,5047,315.4,1990
NY Giants,16,335,20.9,2049,128.1,2756,172.2,4805,300.3,1990
Denver,16,331,20.7,1872,117.0,3341,208.8,5213,325.8,1990
San Diego,16,315,19.7,2257,141.1,2683,167.7,4940,308.8,1990
Seattle,16,306,19.1,1749,109.3,2834,177.1,4583,286.4,1990
NY Jets,16,295,18.4,2127,132.9,2759,172.4,4886,305.4,1990
Pittsburgh,16,292,18.2,1880,117.5,2645,165.3,4525,282.8,1990
Indianapolis,16,281,17.6,1282,80.1,2873,179.6,4155,259.7,1990
New Orleans,16,274,17.1,1850,115.6,2626,164.1,4476,279.8,1990
Green Bay,16,271,16.9,1369,85.6,3306,206.6,4675,292.2,1990
Phoenix,16,268,16.8,1912,119.5,2833,177.1,4745,296.6,1990
Tampa Bay,16,264,16.5,1626,101.6,2849,178.1,4475,279.7,1990
Dallas,16,244,15.2,1500,93.8,2581,161.3,4081,255.1,1990
Cleveland,16,228,14.2,1220,76.2,3147,196.7,4367,272.9,1990
New England,16,181,11.3,1398,87.4,2765,172.8,4163,260.2,1990
San Francisco,16,442,27.6,1966,122.9,4302,268.9,6268,391.8,1989
LA Rams,16,426,26.6,1909,119.3,4133,258.3,6042,377.6,1989
Buffalo,16,409,25.6,2264,141.5,3589,224.3,5853,365.8,1989
Cincinnati,16,404,25.2,2483,155.2,3618,226.1,6101,381.3,1989
New Orleans,16,386,24.1,1948,121.8,3380,211.2,5328,333.0,1989
Washington,16,386,24.1,1904,119.0,4349,271.8,6253,390.8,1989
Houston,16,365,22.8,1928,120.5,3499,218.7,5427,339.2,1989
Denver,16,362,22.6,2092,130.8,3001,187.6,5093,318.3,1989
Green Bay,16,362,22.6,1732,108.2,4048,253.0,5780,361.2,1989
Chicago,16,358,22.4,2287,142.9,3088,193.0,5375,335.9,1989
Minnesota,16,351,21.9,2066,129.1,3189,199.3,5255,328.4,1989
NY Giants,16,348,21.8,1889,118.1,3074,192.1,4963,310.2,1989
Philadelphia,16,342,21.4,2208,138.0,3112,194.5,5320,332.5,1989
Cleveland,16,334,20.9,1609,100.6,3433,214.6,5042,315.1,1989
Miami,16,331,20.7,1330,83.1,4216,263.5,5546,346.6,1989
Tampa Bay,16,320,20.0,1507,94.2,3335,208.4,4842,302.6,1989
Kansas City,16,318,19.9,2227,139.2,3038,189.9,5265,329.1,1989
LA Raiders,16,315,19.7,2038,127.4,2951,184.4,4989,311.8,1989
Detroit,16,312,19.5,2053,128.3,2939,183.7,4992,312.0,1989
Indianapolis,16,298,18.6,1853,115.8,2960,185.0,4813,300.8,1989
New England,16,297,18.6,1749,109.3,3707,231.7,5456,341.0,1989
Atlanta,16,279,17.4,1155,72.2,3514,219.6,4669,291.8,1989
San Diego,16,266,16.6,1873,117.1,3037,189.8,4910,306.9,1989
Pittsburgh,16,265,16.6,1818,113.6,2178,136.1,3996,249.8,1989
Phoenix,16,258,16.1,1361,85.1,3280,205.0,4641,290.1,1989
NY Jets,16,253,15.8,1596,99.8,3415,213.4,5011,313.2,1989
Seattle,16,241,15.1,1392,87.0,3204,200.2,4596,287.2,1989
Dallas,16,204,12.8,1409,88.1,2885,180.3,4294,268.4,1989
San Francisco,15,459,30.6,2237,149.1,3750,250.0,5987,399.1,1987
New Orleans,15,422,28.1,2190,146.0,2774,184.9,4964,330.9,1987
Cleveland,15,390,26.0,1745,116.3,3455,230.3,5200,346.7,1987
Denver,15,379,25.3,1970,131.3,3654,243.6,5624,374.9,1987
Washington,15,379,25.3,2102,140.1,3495,233.0,5597,373.1,1987
Seattle,15,371,24.7,2023,134.9,2712,180.8,4735,315.7,1987
Miami,15,362,24.1,1662,110.8,3876,258.4,5538,369.2,1987
St. Louis,15,362,24.1,1873,124.9,3453,230.2,5326,355.1,1987
Chicago,15,356,23.7,1954,130.3,3090,206.0,5044,336.3,1987
Houston,15,345,23.0,1923,128.2,3300,220.0,5223,348.2,1987
Dallas,15,340,22.7,1865,124.3,3191,212.7,5056,337.1,1987
Philadelphia,15,337,22.5,2027,135.1,3050,203.3,5077,338.5,1987
Minnesota,15,336,22.4,1983,132.2,2826,188.4,4809,320.6,1987
NY Jets,15,334,22.3,1671,111.4,2959,197.3,4630,308.7,1987
New England,15,320,21.3,1771,118.1,2683,178.9,4454,296.9,1987
LA Rams,15,317,21.1,2097,139.8,2554,170.3,4651,310.1,1987
LA Raiders,15,301,20.1,2197,146.5,3070,204.7,5267,351.1,1987
Indianapolis,15,300,20.0,2143,142.9,2852,190.1,4995,333.0,1987
Tampa Bay,15,286,19.1,1365,91.0,3016,201.1,4381,292.1,1987
Cincinnati,15,285,19.0,2164,144.3,3213,214.2,5377,358.5,1987
Pittsburgh,15,285,19.0,2144,142.9,2266,151.1,4410,294.0,1987
NY Giants,15,280,18.7,1457,97.1,3202,213.5,4659,310.6,1987
Kansas City,15,273,18.2,1799,119.9,2619,174.6,4418,294.5,1987
Buffalo,15,270,18.0,1840,122.7,2901,193.4,4741,316.1,1987
Detroit,15,269,17.9,1435,95.7,2956,197.1,4391,292.7,1987
Green Bay,15,255,17.0,1801,120.1,2681,178.7,4482,298.8,1987
San Diego,15,253,16.9,1308,87.2,3280,218.7,4588,305.9,1987
Atlanta,15,205,13.7,1298,86.5,2768,184.5,4066,271.1,1987
Miami,16,430,26.9,1545,96.6,4779,298.7,6324,395.2,1986
New England,16,412,25.8,1373,85.8,3954,247.1,5327,332.9,1986
Cincinnati,16,409,25.6,2533,158.3,3957,247.3,6490,405.6,1986
Minnesota,16,398,24.9,1738,108.6,3913,244.6,5651,353.2,1986
Cleveland,16,391,24.4,1650,103.1,3744,234.0,5394,337.1,1986
Denver,16,378,23.6,1678,104.9,3538,221.1,5216,326.0,1986
San Francisco,16,374,23.4,1986,124.1,4096,256.0,6082,380.1,1986
NY Giants,16,371,23.2,2245,140.3,3133,195.8,5378,336.1,1986
Washington,16,368,23.0,1732,108.2,3869,241.8,5601,350.1,1986
Seattle,16,366,22.9,2300,143.8,3109,194.3,5409,338.1,1986
NY Jets,16,364,22.8,1729,108.1,3646,227.9,5375,335.9,1986
Kansas City,16,358,22.4,1468,91.8,2750,171.9,4218,263.6,1986
Chicago,16,352,22.0,2700,168.8,2759,172.4,5459,341.2,1986
Dallas,16,346,21.6,1969,123.1,3505,219.1,5474,342.1,1986
San Diego,16,335,20.9,1576,98.5,3780,236.2,5356,334.8,1986
LA Raiders,16,323,20.2,1790,111.9,3509,219.3,5299,331.2,1986
LA Rams,16,309,19.3,2457,153.6,2196,137.2,4653,290.8,1986
Pittsburgh,16,307,19.2,2223,138.9,2588,161.8,4811,300.7,1986
New Orleans,16,288,18.0,2074,129.6,2668,166.8,4742,296.4,1986
Buffalo,16,287,17.9,1654,103.4,3363,210.2,5017,313.6,1986
Atlanta,16,280,17.5,2524,157.8,2582,161.4,5106,319.1,1986
Detroit,16,277,17.3,1771,110.7,2784,174.0,4555,284.7,1986
Houston,16,274,17.1,1700,106.2,3449,215.6,5149,321.8,1986
Philadelphia,16,256,16.0,2002,125.1,2540,158.8,4542,283.9,1986
Green Bay,16,254,15.9,1614,100.9,3447,215.4,5061,316.3,1986
Tampa Bay,16,239,14.9,1863,116.4,2498,156.1,4361,272.6,1986
Indianapolis,16,229,14.3,1491,93.2,3209,200.6,4700,293.8,1986
St. Louis,16,218,13.6,1787,111.7,2716,169.8,4503,281.4,1986
San Diego,16,467,29.2,1665,104.1,4870,304.4,6535,408.4,1985
Chicago,16,456,28.5,2761,172.6,3076,192.2,5837,364.8,1985
Cincinnati,16,441,27.6,2183,136.4,3717,232.3,5900,368.8,1985
Miami,16,428,26.8,1729,108.1,4114,257.1,5843,365.2,1985
San Francisco,16,411,25.7,2232,139.5,3688,230.5,5920,370.0,1985
NY Giants,16,399,24.9,2451,153.2,3433,214.6,5884,367.8,1985
NY Jets,16,393,24.6,2312,144.5,3584,224.0,5896,368.5,1985
Denver,16,380,23.8,1851,115.7,3645,227.8,5496,343.5,1985
Pittsburgh,16,379,23.7,2177,136.1,3173,198.3,5350,334.4,1985
New England,16,362,22.6,2331,145.7,3168,198.0,5499,343.7,1985
Dallas,16,357,22.3,1741,108.8,3861,241.3,5602,350.1,1985
LA Raiders,16,354,22.1,2262,141.4,3146,196.6,5408,338.0,1985
Seattle,16,349,21.8,1644,102.8,3363,210.2,5007,312.9,1985
Minnesota,16,346,21.6,1516,94.8,3635,227.2,5151,321.9,1985
LA Rams,16,340,21.2,2057,128.6,2463,153.9,4520,282.5,1985
Green Bay,16,337,21.1,2208,138.0,3163,197.7,5371,335.7,1985
Indianapolis,16,320,20.0,2439,152.4,2567,160.4,5006,312.9,1985
Kansas City,16,317,19.8,1486,92.9,3391,211.9,4877,304.8,1985
Detroit,16,307,19.2,1538,96.1,2938,183.6,4476,279.8,1985
Washington,16,297,18.6,2523,157.7,2815,175.9,5338,333.6,1985
New Orleans,16,294,18.4,1683,105.2,2796,174.8,4479,279.9,1985
Tampa Bay,16,294,18.4,1644,102.8,3122,195.1,4766,297.9,1985
Cleveland,16,287,17.9,2285,142.8,2636,164.8,4921,307.6,1985
Philadelphia,16,286,17.9,1630,101.9,3586,224.1,5216,326.0,1985
Houston,16,284,17.8,1570,98.1,3082,192.6,4652,290.8,1985
Atlanta,16,282,17.6,2466,154.1,2494,155.9,4960,310.0,1985
St. Louis,16,278,17.4,1974,123.4,3112,194.5,5086,317.9,1985
Buffalo,16,200,12.5,1611,100.7,2984,186.5,4595,287.2,1985
Miami,16,513,32.1,1918,119.9,5018,313.6,6936,433.5,1984
San Francisco,16,475,29.7,2465,154.1,3901,243.8,6366,397.9,1984
Washington,16,426,26.6,2274,142.1,3076,192.2,5350,334.4,1984
St. Louis,16,423,26.4,2088,130.5,4257,266.1,6345,396.6,1984
Seattle,16,418,26.1,1645,102.8,3423,213.9,5068,316.8,1984
San Diego,16,394,24.6,1654,103.4,4643,290.2,6297,393.6,1984
Green Bay,16,390,24.4,2019,126.2,3430,214.4,5449,340.6,1984
Pittsburgh,16,387,24.2,2179,136.2,3241,202.6,5420,338.8,1984
LA Raiders,16,368,23.0,1886,117.9,3358,209.9,5244,327.8,1984
New England,16,362,22.6,2032,127.0,3231,201.9,5263,328.9,1984
Denver,16,353,22.1,2076,129.8,2859,178.7,4935,308.4,1984
LA Rams,16,346,21.6,2864,179.0,2142,133.9,5006,312.9,1984
Cincinnati,16,339,21.2,2179,136.2,3301,206.3,5480,342.5,1984
Tampa Bay,16,335,20.9,1776,111.0,3545,221.6,5321,332.6,1984
NY Jets,16,332,20.8,2189,136.8,2959,184.9,5148,321.8,1984
Chicago,16,325,20.3,2974,185.9,2463,153.9,5437,339.8,1984
Kansas City,16,314,19.6,1527,95.4,3568,223.0,5095,318.4,1984
Dallas,16,308,19.2,1714,107.1,3606,225.4,5320,332.5,1984
NY Giants,16,299,18.7,1660,103.8,3632,227.0,5292,330.8,1984
New Orleans,16,298,18.6,2171,135.7,2837,177.3,5008,313.0,1984
Detroit,16,283,17.7,2017,126.1,3301,206.3,5318,332.4,1984
Atlanta,16,281,17.6,1994,124.6,3050,190.6,5044,315.2,1984
Philadelphia,16,278,17.4,1338,83.6,3360,210.0,4698,293.6,1984
Minnesota,16,276,17.2,1844,115.2,2872,179.5,4716,294.8,1984
Buffalo,16,250,15.6,1643,102.7,2698,168.6,4341,271.3,1984
Cleveland,16,250,15.6,1696,106.0,3132,195.8,4828,301.8,1984
Houston,16,240,15.0,1656,103.5,3228,201.8,4884,305.2,1984
Indianapolis,16,239,14.9,2025,126.6,2107,131.7,4132,258.2,1984
Washington,16,541,33.8,2625,164.1,3514,219.6,6139,383.7,1983
Dallas,16,479,29.9,2117,132.3,3842,240.1,5959,372.4,1983
LA Raiders,16,442,27.6,2240,140.0,3446,215.4,5686,355.4,1983
San Francisco,16,432,27.0,2257,141.1,3797,237.3,6054,378.4,1983
Green Bay,16,429,26.8,1807,112.9,4365,272.8,6172,385.8,1983
Seattle,16,403,25.2,2119,132.4,2973,185.8,5092,318.2,1983
Miami,16,389,24.3,2150,134.4,3045,190.3,5195,324.7,1983
Kansas City,16,386,24.1,1254,78.4,4341,271.3,5595,349.7,1983
St. Louis,16,374,23.4,2277,142.3,2868,179.2,5145,321.6,1983
Atlanta,16,370,23.1,2224,139.0,3404,212.8,5628,351.8,1983
LA Rams,16,361,22.6,2253,140.8,3221,201.3,5474,342.1,1983
San Diego,16,358,22.4,1536,96.0,4661,291.3,6197,387.3,1983
Cleveland,16,356,22.2,1922,120.1,3661,228.8,5583,348.9,1983
Pittsburgh,16,355,22.2,2610,163.1,2404,150.2,5014,313.4,1983
Detroit,16,347,21.7,2181,136.3,2955,184.7,5136,321.0,1983
Cincinnati,16,346,21.6,2104,131.5,3183,198.9,5287,330.4,1983
New Orleans,16,319,19.9,2461,153.8,2477,154.8,4938,308.6,1983
Minnesota,16,316,19.8,1808,113.0,3211,200.7,5019,313.7,1983
NY Jets,16,313,19.6,2068,129.2,3425,214.1,5493,343.3,1983
Chicago,16,311,19.4,2727,170.4,3103,193.9,5830,364.4,1983
Denver,16,302,18.9,1784,111.5,3027,189.2,4811,300.7,1983
Houston,16,288,18.0,1998,124.9,2902,181.4,4900,306.2,1983
Buffalo,16,283,17.7,1736,108.5,3087,192.9,4823,301.4,1983
New England,16,274,17.1,2605,162.8,2706,169.1,5311,331.9,1983
NY Giants,16,267,16.7,1794,112.1,3491,218.2,5285,330.3,1983
Baltimore,16,264,16.5,2695,168.4,2323,145.2,5018,313.6,1983
Tampa Bay,16,241,15.1,1353,84.6,3124,195.2,4477,279.8,1983
Philadelphia,16,233,14.6,1417,88.6,3117,194.8,4534,283.4,1983
San Diego,9,288,32.0,1121,124.6,2927,325.2,4048,449.8,1982
LA Raiders,9,260,28.9,1080,120.0,1875,208.3,2955,328.3,1982
NY Jets,9,245,27.2,1317,146.3,1901,211.2,3218,357.6,1982
Cincinnati,9,232,25.8,949,105.4,2339,259.9,3288,365.3,1982
Dallas,9,226,25.1,1313,145.9,1886,209.6,3199,355.4,1982
Green Bay,9,226,25.1,1081,120.1,1829,203.2,2910,323.3,1982
San Francisco,9,209,23.2,740,82.2,2502,278.0,3242,360.2,1982
Pittsburgh,9,204,22.7,1187,131.9,1783,198.1,2970,330.0,1982
LA Rams,9,200,22.2,1025,113.9,1999,222.1,3024,336.0,1982
Miami,9,198,22.0,1344,149.3,1314,146.0,2658,295.3,1982
Philadelphia,9,191,21.2,829,92.1,1856,206.2,2685,298.3,1982
Washington,9,190,21.1,1140,126.7,1845,205.0,2985,331.7,1982
Minnesota,9,187,20.8,912,101.3,1967,218.6,2879,319.9,1982
Atlanta,9,183,20.3,1181,131.2,1782,198.0,2963,329.2,1982
Detroit,9,181,20.1,1022,113.6,1512,168.0,2534,281.6,1982
Kansas City,9,176,19.6,943,104.8,1555,172.8,2498,277.6,1982
NY Giants,9,164,18.2,842,93.6,1887,209.7,2729,303.2,1982
Tampa Bay,9,158,17.6,952,105.8,1943,215.9,2895,321.7,1982
Buffalo,9,150,16.7,1371,152.3,1556,172.9,2927,325.2,1982
Denver,9,148,16.4,1018,113.1,1819,202.1,2837,315.2,1982
New England,9,143,15.9,1347,149.7,1286,142.9,2633,292.6,1982
Chicago,9,141,15.7,988,109.8,1505,167.2,2493,277.0,1982
Cleveland,9,140,15.6,873,97.0,1845,205.0,2718,302.0,1982
Houston,9,136,15.1,799,88.8,1574,174.9,2373,263.7,1982
St. Louis,9,135,15.0,1209,134.3,1333,148.1,2542,282.4,1982
New Orleans,9,129,14.3,1257,139.7,1398,155.3,2655,295.0,1982
Seattle,9,127,14.1,795,88.3,1799,199.9,2594,288.2,1982
Baltimore,9,113,12.6,1044,116.0,1439,159.9,2483,275.9,1982
San Diego,16,478,29.9,2005,125.3,4739,296.2,6744,421.5,1981
Atlanta,16,426,26.6,1965,122.8,3699,231.2,5664,354.0,1981
Cincinnati,16,421,26.3,1973,123.3,3995,249.7,5968,373.0,1981
Detroit,16,397,24.8,2795,174.7,3138,196.1,5933,370.8,1981
Philadelphia,16,368,23.0,2509,156.8,3044,190.2,5553,347.1,1981
Dallas,16,367,22.9,2711,169.4,3169,198.1,5880,367.5,1981
San Francisco,16,357,22.3,1941,121.3,3543,221.4,5484,342.8,1981
Pittsburgh,16,356,22.2,2372,148.2,3226,201.6,5598,349.9,1981
NY Jets,16,355,22.2,2341,146.3,3055,190.9,5396,337.2,1981
Washington,16,347,21.7,2157,134.8,3466,216.6,5623,351.4,1981
Miami,16,345,21.6,2173,135.8,3149,196.8,5322,332.6,1981
Kansas City,16,343,21.4,2633,164.6,2640,165.0,5273,329.6,1981
Minnesota,16,325,20.3,1512,94.5,4333,270.8,5845,365.3,1981
Green Bay,16,324,20.2,1670,104.4,3189,199.3,4859,303.7,1981
New England,16,322,20.1,2040,127.5,3583,223.9,5623,351.4,1981
Seattle,16,322,20.1,1594,99.6,3427,214.2,5021,313.8,1981
Denver,16,321,20.1,1895,118.4,3531,220.7,5426,339.1,1981
St. Louis,16,315,19.7,2213,138.3,2864,179.0,5077,317.3,1981
Tampa Bay,16,315,19.7,1731,108.2,3429,214.3,5160,322.5,1981
Buffalo,16,311,19.4,2125,132.8,3515,219.7,5640,352.5,1981
Los Angeles,16,303,18.9,2236,139.8,2557,159.8,4793,299.6,1981
NY Giants,16,295,18.4,1685,105.3,2641,165.1,4326,270.4,1981
Houston,16,281,17.6,1734,108.4,2777,173.6,4511,281.9,1981
Cleveland,16,276,17.2,1929,120.6,3986,249.1,5915,369.7,1981
Oakland,16,273,17.1,2058,128.6,2919,182.4,4977,311.1,1981
Baltimore,16,259,16.2,1850,115.6,3058,191.1,4908,306.8,1981
Chicago,16,253,15.8,2171,135.7,2462,153.9,4633,289.6,1981
New Orleans,16,207,12.9,2286,142.9,2419,151.2,4705,294.1,1981
Dallas,16,454,28.4,2378,148.6,3104,194.0,5482,342.6,1980
New England,16,441,27.6,2240,140.0,3195,199.7,5435,339.7,1980
Los Angeles,16,424,26.5,2799,174.9,3207,200.4,6006,375.4,1980
San Diego,16,418,26.1,1879,117.4,4531,283.2,6410,400.6,1980
Atlanta,16,405,25.3,2405,150.3,3244,202.8,5649,353.1,1980
Philadelphia,16,384,24.0,1995,124.7,3524,220.2,5519,344.9,1980
Oakland,16,364,22.8,2146,134.1,2899,181.2,5045,315.3,1980
Cleveland,16,357,22.3,1673,104.6,3915,244.7,5588,349.2,1980
Baltimore,16,355,22.2,2078,129.9,3128,195.5,5206,325.4,1980
Pittsburgh,16,352,22.0,1986,124.1,3568,223.0,5554,347.1,1980
Detroit,16,334,20.9,2599,162.4,2941,183.8,5540,346.2,1980
Buffalo,16,320,20.0,2222,138.9,2750,171.9,4972,310.8,1980
San Francisco,16,320,20.0,1743,108.9,3577,223.6,5320,332.5,1980
Kansas City,16,319,19.9,1873,117.1,2448,153.0,4321,270.1,1980
Minnesota,16,317,19.8,1642,102.6,3688,230.5,5330,333.1,1980
Denver,16,310,19.4,1865,116.6,2777,173.6,4642,290.1,1980
Chicago,16,304,19.0,2440,152.5,2395,149.7,4835,302.2,1980
NY Jets,16,302,18.9,1873,117.1,3009,188.1,4882,305.1,1980
St. Louis,16,299,18.7,2183,136.4,2676,167.2,4859,303.7,1980
Houston,16,295,18.4,2635,164.7,3007,187.9,5642,352.6,1980
New Orleans,16,291,18.2,1362,85.1,3648,228.0,5010,313.1,1980
Seattle,16,291,18.2,1783,111.4,3096,193.5,4879,304.9,1980
Tampa Bay,16,271,16.9,1839,114.9,3220,201.2,5059,316.2,1980
Miami,16,266,16.6,1876,117.2,2688,168.0,4564,285.2,1980
Washington,16,261,16.3,2016,126.0,2838,177.4,4854,303.4,1980
NY Giants,16,249,15.6,1730,108.1,2609,163.1,4339,271.2,1980
Cincinnati,16,244,15.2,2069,129.3,2815,175.9,4884,305.2,1980
Green Bay,16,231,14.4,1806,112.9,3291,205.7,5097,318.6,1980
Pittsburgh,16,416,26.0,2603,162.7,3655,228.4,6258,391.1,1979
New England,16,411,25.7,2252,140.8,3218,201.1,5470,341.9,1979
San Diego,16,411,25.7,1668,104.2,3915,244.7,5583,348.9,1979
Seattle,16,378,23.6,1967,122.9,3590,224.4,5557,347.3,1979
Dallas,16,371,23.2,2375,148.4,3593,224.6,5968,373.0,1979
New Orleans,16,370,23.1,2476,154.8,3151,196.9,5627,351.7,1979
Oakland,16,365,22.8,1763,110.2,3411,213.2,5174,323.4,1979
Houston,16,362,22.6,2571,160.7,2256,141.0,4827,301.7,1979
Cleveland,16,359,22.4,2281,142.6,3491,218.2,5772,360.8,1979
Washington,16,348,21.8,2328,145.5,2576,161.0,4904,306.5,1979
Miami,16,341,21.3,2187,136.7,2763,172.7,4950,309.4,1979
Philadelphia,16,339,21.2,2421,151.3,2610,163.1,5031,314.4,1979
Cincinnati,16,337,21.1,2329,145.6,2310,144.4,4639,289.9,1979
NY Jets,16,337,21.1,2646,165.4,2598,162.4,5244,327.8,1979
Los Angeles,16,323,20.2,2460,153.8,2673,167.1,5133,320.8,1979
San Francisco,16,308,19.2,1932,120.8,3641,227.6,5573,348.3,1979
St. Louis,16,307,19.2,2582,161.4,2602,162.6,5184,324.0,1979
Chicago,16,306,19.1,2486,155.4,2151,134.4,4637,289.8,1979
Atlanta,16,300,18.8,2200,137.5,2729,170.6,4929,308.1,1979
Denver,16,289,18.1,2036,127.2,3106,194.1,5142,321.4,1979
Tampa Bay,16,273,17.1,2437,152.3,2612,163.2,5049,315.6,1979
Baltimore,16,271,16.9,1674,104.6,3172,198.2,4846,302.9,1979
Buffalo,16,268,16.8,1621,101.3,3216,201.0,4837,302.3,1979
Minnesota,16,259,16.2,1764,110.2,3139,196.2,4903,306.4,1979
Green Bay,16,246,15.4,1861,116.3,2681,167.6,4542,283.9,1979
Kansas City,16,238,14.9,2316,144.8,1660,103.8,3976,248.5,1979
NY Giants,16,237,14.8,1820,113.8,1954,122.1,3774,235.9,1979
Detroit,16,219,13.7,1677,104.8,2336,146.0,4013,250.8,1979
Dallas,16,384,24.0,2783,173.9,3176,198.5,5959,372.4,1978
Miami,16,372,23.2,2366,147.9,2469,154.3,4835,302.2,1978
NY Jets,16,359,22.4,2250,140.6,2607,162.9,4857,303.6,1978
New England,16,358,22.4,3165,197.8,2800,175.0,5965,372.8,1978
Pittsburgh,16,356,22.2,2297,143.6,2699,168.7,4996,312.2,1978
San Diego,16,355,22.2,2096,131.0,3375,210.9,5471,341.9,1978
Seattle,16,345,21.6,2394,149.6,3117,194.8,5511,344.4,1978
Cleveland,16,334,20.9,2488,155.5,2859,178.7,5347,334.2,1978
Los Angeles,16,316,19.8,2308,144.2,2874,179.6,5182,323.9,1978
Oakland,16,311,19.4,2186,136.6,2727,170.4,4913,307.1,1978
Buffalo,16,302,18.9,2381,148.8,2249,140.6,4630,289.4,1978
Minnesota,16,294,18.4,1536,96.0,3243,202.7,4779,298.7,1978
Detroit,16,290,18.1,2163,135.2,2302,143.9,4465,279.1,1978
Houston,16,283,17.7,2476,154.8,2338,146.1,4814,300.9,1978
Denver,16,282,17.6,2451,153.2,2378,148.6,4829,301.8,1978
New Orleans,16,281,17.6,1845,115.3,3151,196.9,4996,312.2,1978
Washington,16,273,17.1,2082,130.1,2565,160.3,4647,290.4,1978
Philadelphia,16,270,16.9,2456,153.5,2197,137.3,4653,290.8,1978
NY Giants,16,264,16.5,2304,144.0,2145,134.1,4449,278.1,1978
Chicago,16,253,15.8,2526,157.9,1933,120.8,4459,278.7,1978
Cincinnati,16,252,15.8,2131,133.2,2741,171.3,4872,304.5,1978
Green Bay,16,249,15.6,2023,126.4,2084,130.2,4107,256.7,1978
St. Louis,16,248,15.5,1954,122.1,3171,198.2,5125,320.3,1978
Kansas City,16,243,15.2,2986,186.6,1834,114.6,4820,301.2,1978
Tampa Bay,16,241,15.1,2098,131.1,1703,106.4,3801,237.6,1978
Atlanta,16,240,15.0,1660,103.8,2402,150.1,4062,253.9,1978
Baltimore,16,239,14.9,2044,127.8,2063,128.9,4107,256.7,1978
San Francisco,16,219,13.7,2091,130.7,1956,122.2,4047,252.9,1978
